BELNR,BUKRS,GJAHR,BUDAT,BUZEI,HKONT,SHKZG,DMBTR,REF_BILLING
5000000001,DE20,2025,2025-01-03,001,0140000000,S,518.71,9000000001
5000000001,DE20,2025,2025-01-03,002,0800000000,H,518.71,9000000001
5000000002,US10,2025,2025-08-18,001,0140000000,S,1375.67,9000000002
5000000002,US10,2025,2025-08-18,002,0800000000,H,1375.67,9000000002
5000000003,IN30,2026,2026-04-22,001,0140000000,S,5690.8,9000000003
5000000003,IN30,2026,2026-04-22,002,0800000000,H,5690.8,9000000003
5000000004,US10,2025,2025-08-14,001,0140000000,S,2302.14,9000000004
5000000004,US10,2025,2025-08-14,002,0800000000,H,2302.14,9000000004
5000000006,US10,2024,2024-10-02,001,0140000000,S,1086.8,9000000006
5000000006,US10,2024,2024-10-02,002,0800000000,H,1086.8,9000000006
5000000007,DE20,2025,2025-08-01,001,0140000000,S,32.5,9000000007
5000000007,DE20,2025,2025-08-01,002,0800000000,H,32.5,9000000007
5000000008,US10,2025,2025-06-13,001,0140000000,S,5578.07,9000000008
5000000008,US10,2025,2025-06-13,002,0800000000,H,5578.07,9000000008
5000000009,US10,2026,2026-05-31,001,0140000000,S,4979.83,9000000009
5000000009,US10,2026,2026-05-31,002,0800000000,H,4979.83,9000000009
5000000010,US10,2025,2025-10-24,001,0140000000,S,3297.84,9000000010
5000000010,US10,2025,2025-10-24,002,0800000000,H,3297.84,9000000010
5000000011,US10,2026,2026-03-24,001,0140000000,S,25923.81,9000000011
5000000011,US10,2026,2026-03-24,002,0800000000,H,25923.81,9000000011
5000000012,US10,2025,2025-08-03,001,0140000000,S,2315.24,9000000012
5000000012,US10,2025,2025-08-03,002,0800000000,H,2315.24,9000000012
5000000013,IN30,2025,2025-01-21,001,0140000000,S,529.6,9000000013
5000000013,IN30,2025,2025-01-21,002,0800000000,H,529.6,9000000013
5000000014,US10,2026,2026-05-10,001,0140000000,S,143.44,9000000014
5000000014,US10,2026,2026-05-10,002,0800000000,H,143.44,9000000014
5000000015,US10,2025,2025-06-19,001,0140000000,S,877.14,9000000015
5000000015,US10,2025,2025-06-19,002,0800000000,H,877.14,9000000015
5000000016,US10,2024,2024-11-26,001,0140000000,S,8728.12,9000000016
5000000016,US10,2024,2024-11-26,002,0800000000,H,8728.12,9000000016
5000000017,US10,2025,2025-09-16,001,0140000000,S,2466.32,9000000017
5000000017,US10,2025,2025-09-16,002,0800000000,H,2466.32,9000000017
5000000018,US10,2026,2026-04-02,001,0140000000,S,2213.88,9000000018
5000000018,US10,2026,2026-04-02,002,0800000000,H,2213.88,9000000018
5000000019,US10,2025,2025-11-29,001,0140000000,S,2069.19,9000000019
5000000019,US10,2025,2025-11-29,002,0800000000,H,2069.19,9000000019
5000000020,DE20,2025,2025-09-23,001,0140000000,S,6615.13,9000000020
5000000020,DE20,2025,2025-09-23,002,0800000000,H,6615.13,9000000020
5000000021,US10,2025,2025-11-12,001,0140000000,S,492.16,9000000021
5000000021,US10,2025,2025-11-12,002,0800000000,H,492.16,9000000021
5000000022,US10,2025,2025-06-20,001,0140000000,S,1959.96,9000000022
5000000022,US10,2025,2025-06-20,002,0800000000,H,1959.96,9000000022
5000000023,US10,2024,2024-10-25,001,0140000000,S,42.57,9000000023
5000000023,US10,2024,2024-10-25,002,0800000000,H,42.57,9000000023
5000000024,US10,2024,2024-10-31,001,0140000000,S,3396.39,9000000024
5000000024,US10,2024,2024-10-31,002,0800000000,H,3396.39,9000000024
5000000025,DE20,2026,2026-08-05,001,0140000000,S,8780.88,9000000025
5000000025,DE20,2026,2026-08-05,002,0800000000,H,8780.88,9000000025
5000000026,DE20,2026,2026-05-25,001,0140000000,S,3935.96,9000000026
5000000026,DE20,2026,2026-05-25,002,0800000000,H,3935.96,9000000026
5000000027,IN30,2025,2025-04-24,001,0140000000,S,1493.36,9000000027
5000000027,IN30,2025,2025-04-24,002,0800000000,H,1493.36,9000000027
5000000028,US10,2026,2026-06-29,001,0140000000,S,4800.56,9000000028
5000000028,US10,2026,2026-06-29,002,0800000000,H,4800.56,9000000028
5000000029,US10,2025,2025-10-04,001,0140000000,S,120.95,9000000029
5000000029,US10,2025,2025-10-04,002,0800000000,H,120.95,9000000029
5000000030,US10,2024,2024-11-28,001,0140000000,S,6991.08,9000000030
5000000030,US10,2024,2024-11-28,002,0800000000,H,6991.08,9000000030
5000000031,US10,2026,2026-06-04,001,0140000000,S,3924.29,9000000031
5000000031,US10,2026,2026-06-04,002,0800000000,H,3924.29,9000000031
5000000032,IN30,2025,2025-11-18,001,0140000000,S,1330.29,9000000032
5000000032,IN30,2025,2025-11-18,002,0800000000,H,1330.29,9000000032
5000000033,IN30,2026,2026-07-27,001,0140000000,S,4286.47,9000000033
5000000033,IN30,2026,2026-07-27,002,0800000000,H,4286.47,9000000033
5000000034,DE20,2026,2026-01-26,001,0140000000,S,1570.69,9000000034
5000000034,DE20,2026,2026-01-26,002,0800000000,H,1570.69,9000000034
5000000035,DE20,2024,2024-11-21,001,0140000000,S,2901.5,9000000035
5000000035,DE20,2024,2024-11-21,002,0800000000,H,2901.5,9000000035
5000000036,US10,2025,2025-12-19,001,0140000000,S,1099.4,9000000036
5000000036,US10,2025,2025-12-19,002,0800000000,H,1099.4,9000000036
5000000037,IN30,2026,2026-04-14,001,0140000000,S,3443.26,9000000037
5000000037,IN30,2026,2026-04-14,002,0800000000,H,3443.26,9000000037
5000000038,US10,2026,2026-07-09,001,0140000000,S,4652.15,9000000038
5000000038,US10,2026,2026-07-09,002,0800000000,H,4652.15,9000000038
5000000039,US10,2025,2025-05-16,001,0140000000,S,1383.91,9000000039
5000000039,US10,2025,2025-05-16,002,0800000000,H,1383.91,9000000039
5000000040,DE20,2025,2025-10-09,001,0140000000,S,3278.75,9000000040
5000000040,DE20,2025,2025-10-09,002,0800000000,H,3278.75,9000000040
5000000041,US10,2026,2026-02-11,001,0140000000,S,7.32,9000000041
5000000041,US10,2026,2026-02-11,002,0800000000,H,7.32,9000000041
5000000042,IN30,2025,2025-01-17,001,0140000000,S,72.85,9000000042
5000000042,IN30,2025,2025-01-17,002,0800000000,H,72.85,9000000042
5000000043,US10,2026,2026-05-27,001,0140000000,S,109.44,9000000043
5000000043,US10,2026,2026-05-27,002,0800000000,H,109.44,9000000043
5000000044,DE20,2026,2026-04-11,001,0140000000,S,1604.74,9000000044
5000000044,DE20,2026,2026-04-11,002,0800000000,H,1604.74,9000000044
5000000045,US10,2024,2024-10-20,001,0140000000,S,2080.65,9000000045
5000000045,US10,2024,2024-10-20,002,0800000000,H,2080.65,9000000045
5000000046,DE20,2025,2025-11-23,001,0140000000,S,6214.56,9000000046
5000000046,DE20,2025,2025-11-23,002,0800000000,H,6214.56,9000000046
5000000048,US10,2025,2025-01-30,001,0140000000,S,1298.59,9000000048
5000000048,US10,2025,2025-01-30,002,0800000000,H,1298.59,9000000048
5000000050,IN30,2026,2026-08-25,001,0140000000,S,5856.6,9000000050
5000000050,IN30,2026,2026-08-25,002,0800000000,H,5856.6,9000000050
5000000051,DE20,2025,2025-10-27,001,0140000000,S,336.69,9000000051
5000000051,DE20,2025,2025-10-27,002,0800000000,H,336.69,9000000051
5000000052,DE20,2024,2024-12-06,001,0140000000,S,3189.67,9000000052
5000000052,DE20,2024,2024-12-06,002,0800000000,H,3189.67,9000000052
5000000053,US10,2025,2025-09-13,001,0140000000,S,6008.77,9000000053
5000000053,US10,2025,2025-09-13,002,0800000000,H,6008.77,9000000053
5000000054,IN30,2026,2026-04-09,001,0140000000,S,6111.98,9000000054
5000000054,IN30,2026,2026-04-09,002,0800000000,H,6111.98,9000000054
5000000055,US10,2026,2026-08-16,001,0140000000,S,129.77,9000000055
5000000055,US10,2026,2026-08-16,002,0800000000,H,129.77,9000000055
5000000056,IN30,2026,2026-02-18,001,0140000000,S,9453.83,9000000056
5000000056,IN30,2026,2026-02-18,002,0800000000,H,9453.83,9000000056
5000000057,DE20,2024,2024-10-16,001,0140000000,H,52.98,9000000057
5000000057,DE20,2024,2024-10-16,002,0801000000,S,52.98,9000000057
5000000058,US10,2026,2026-08-23,001,0140000000,S,5150.72,9000000058
5000000058,US10,2026,2026-08-23,002,0800000000,H,5150.72,9000000058
5000000059,DE20,2025,2025-12-03,001,0140000000,S,444.62,9000000059
5000000059,DE20,2025,2025-12-03,002,0800000000,H,444.62,9000000059
5000000060,US10,2024,2024-11-19,001,0140000000,S,2816.34,9000000060
5000000060,US10,2024,2024-11-19,002,0800000000,H,2816.34,9000000060
5000000062,US10,2024,2024-11-17,001,0140000000,S,2400.48,9000000062
5000000062,US10,2024,2024-11-17,002,0800000000,H,2400.48,9000000062
5000000063,US10,2026,2026-01-15,001,0140000000,S,7480.99,9000000063
5000000063,US10,2026,2026-01-15,002,0800000000,H,7480.99,9000000063
5000000064,US10,2025,2025-01-04,001,0140000000,S,3750.24,9000000064
5000000064,US10,2025,2025-01-04,002,0800000000,H,3750.24,9000000064
5000000065,DE20,2026,2026-05-02,001,0140000000,S,370.8,9000000065
5000000065,DE20,2026,2026-05-02,002,0800000000,H,370.8,9000000065
5000000066,IN30,2024,2024-12-05,001,0140000000,S,68.24,9000000066
5000000066,IN30,2024,2024-12-05,002,0800000000,H,68.24,9000000066
5000000067,US10,2025,2025-10-10,001,0140000000,S,15115.07,9000000067
5000000067,US10,2025,2025-10-10,002,0800000000,H,15115.07,9000000067
5000000068,US10,2025,2025-08-09,001,0140000000,S,230.58,9000000068
5000000068,US10,2025,2025-08-09,002,0800000000,H,230.58,9000000068
5000000069,US10,2024,2024-10-16,001,0140000000,S,354.06,9000000069
5000000069,US10,2024,2024-10-16,002,0800000000,H,354.06,9000000069
5000000070,DE20,2024,2024-09-18,001,0140000000,S,1149.6,9000000070
5000000070,DE20,2024,2024-09-18,002,0800000000,H,1149.6,9000000070
5000000071,IN30,2026,2026-07-07,001,0140000000,S,3893.04,9000000071
5000000071,IN30,2026,2026-07-07,002,0800000000,H,3893.04,9000000071
5000000072,US10,2026,2026-09-01,001,0140000000,S,1334.46,9000000072
5000000072,US10,2026,2026-09-01,002,0800000000,H,1334.46,9000000072
5000000073,US10,2024,2024-12-18,001,0140000000,S,2405.7,9000000073
5000000073,US10,2024,2024-12-18,002,0800000000,H,2405.7,9000000073
5000000074,US10,2026,2026-03-08,001,0140000000,S,939.47,9000000074
5000000074,US10,2026,2026-03-08,002,0800000000,H,939.47,9000000074
5000000075,IN30,2026,2026-09-12,001,0140000000,S,1640.86,9000000075
5000000075,IN30,2026,2026-09-12,002,0800000000,H,1640.86,9000000075
5000000076,IN30,2026,2026-07-11,001,0140000000,S,1561.71,9000000076
5000000076,IN30,2026,2026-07-11,002,0800000000,H,1561.71,9000000076
5000000077,IN30,2026,2026-06-24,001,0140000000,S,728.16,9000000077
5000000077,IN30,2026,2026-06-24,002,0800000000,H,728.16,9000000077
5000000078,IN30,2025,2025-05-23,001,0140000000,H,497.84,9000000078
5000000078,IN30,2025,2025-05-23,002,0801000000,S,497.84,9000000078
5000000079,US10,2026,2026-02-23,001,0140000000,S,1028.63,9000000079
5000000079,US10,2026,2026-02-23,002,0800000000,H,1028.63,9000000079
5000000080,DE20,2025,2025-09-14,001,0140000000,S,330.74,9000000080
5000000080,DE20,2025,2025-09-14,002,0800000000,H,330.74,9000000080
5000000081,US10,2026,2026-08-03,001,0140000000,S,302.82,9000000081
5000000081,US10,2026,2026-08-03,002,0800000000,H,302.82,9000000081
5000000082,DE20,2026,2026-02-11,001,0140000000,S,1390.17,9000000082
5000000082,DE20,2026,2026-02-11,002,0800000000,H,1390.17,9000000082
5000000083,US10,2026,2026-05-28,001,0140000000,S,1722.27,9000000083
5000000083,US10,2026,2026-05-28,002,0800000000,H,1722.27,9000000083
5000000084,DE20,2026,2026-06-04,001,0140000000,S,474.92,9000000084
5000000084,DE20,2026,2026-06-04,002,0800000000,H,474.92,9000000084
5000000085,IN30,2025,2025-06-26,001,0140000000,S,1310.45,9000000085
5000000085,IN30,2025,2025-06-26,002,0800000000,H,1310.45,9000000085
5000000086,US10,2026,2026-02-20,001,0140000000,H,49.99,9000000086
5000000086,US10,2026,2026-02-20,002,0801000000,S,49.99,9000000086
5000000087,DE20,2024,2024-11-22,001,0140000000,S,2050.05,9000000087
5000000087,DE20,2024,2024-11-22,002,0800000000,H,2050.05,9000000087
5000000088,US10,2025,2025-02-15,001,0140000000,S,3090.11,9000000088
5000000088,US10,2025,2025-02-15,002,0800000000,H,3090.11,9000000088
5000000089,US10,2026,2026-07-31,001,0140000000,H,162.65,9000000089
5000000089,US10,2026,2026-07-31,002,0801000000,S,162.65,9000000089
5000000090,US10,2025,2025-07-07,001,0140000000,S,1307.53,9000000090
5000000090,US10,2025,2025-07-07,002,0800000000,H,1307.53,9000000090
5000000091,US10,2026,2026-02-01,001,0140000000,S,587.44,9000000091
5000000091,US10,2026,2026-02-01,002,0800000000,H,587.44,9000000091
5000000092,US10,2025,2025-11-10,001,0140000000,S,1144.6,9000000092
5000000092,US10,2025,2025-11-10,002,0800000000,H,1144.6,9000000092
5000000093,US10,2025,2025-03-27,001,0140000000,S,341.47,9000000093
5000000093,US10,2025,2025-03-27,002,0800000000,H,341.47,9000000093
5000000094,US10,2026,2026-07-19,001,0140000000,S,2169.93,9000000094
5000000094,US10,2026,2026-07-19,002,0800000000,H,2169.93,9000000094
5000000095,DE20,2025,2025-05-11,001,0140000000,S,2117.77,9000000095
5000000095,DE20,2025,2025-05-11,002,0800000000,H,2117.77,9000000095
5000000096,US10,2025,2025-01-28,001,0140000000,S,4960.08,9000000096
5000000096,US10,2025,2025-01-28,002,0800000000,H,4960.08,9000000096
5000000097,US10,2025,2025-01-27,001,0140000000,S,3026.18,9000000097
5000000097,US10,2025,2025-01-27,002,0800000000,H,3026.18,9000000097
5000000098,US10,2026,2026-05-17,001,0140000000,S,351.77,9000000098
5000000098,US10,2026,2026-05-17,002,0800000000,H,351.77,9000000098
5000000099,US10,2026,2026-02-17,001,0140000000,S,1827.99,9000000099
5000000099,US10,2026,2026-02-17,002,0800000000,H,1827.99,9000000099
5000000100,IN30,2026,2026-08-22,001,0140000000,S,374.2,9000000100
5000000100,IN30,2026,2026-08-22,002,0800000000,H,374.2,9000000100
5000000101,DE20,2026,2026-08-17,001,0140000000,S,1364.63,9000000101
5000000101,DE20,2026,2026-08-17,002,0800000000,H,1364.63,9000000101
5000000102,DE20,2025,2025-02-23,001,0140000000,S,1539.88,9000000102
5000000102,DE20,2025,2025-02-23,002,0800000000,H,1539.88,9000000102
5000000103,DE20,2025,2025-01-31,001,0140000000,S,148.05,9000000103
5000000103,DE20,2025,2025-01-31,002,0800000000,H,148.05,9000000103
5000000104,DE20,2025,2025-02-20,001,0140000000,S,2010.15,9000000104
5000000104,DE20,2025,2025-02-20,002,0800000000,H,2010.15,9000000104
5000000105,US10,2025,2025-06-27,001,0140000000,S,40.08,9000000105
5000000105,US10,2025,2025-06-27,002,0800000000,H,40.08,9000000105
5000000106,US10,2025,2025-02-26,001,0140000000,S,3229.77,9000000106
5000000106,US10,2025,2025-02-26,002,0800000000,H,3229.77,9000000106
5000000107,US10,2025,2025-08-15,001,0140000000,S,664.46,9000000107
5000000107,US10,2025,2025-08-15,002,0800000000,H,664.46,9000000107
5000000108,US10,2024,2024-10-30,001,0140000000,S,7516.93,9000000108
5000000108,US10,2024,2024-10-30,002,0800000000,H,7516.93,9000000108
5000000109,US10,2024,2024-10-05,001,0140000000,S,40.84,9000000109
5000000109,US10,2024,2024-10-05,002,0800000000,H,40.84,9000000109
5000000110,IN30,2025,2025-12-09,001,0140000000,S,2897.57,9000000110
5000000110,IN30,2025,2025-12-09,002,0800000000,H,2897.57,9000000110
5000000111,US10,2025,2025-09-27,001,0140000000,S,2568.95,9000000111
5000000111,US10,2025,2025-09-27,002,0800000000,H,2568.95,9000000111
5000000112,US10,2026,2026-07-18,001,0140000000,S,496.81,9000000112
5000000112,US10,2026,2026-07-18,002,0800000000,H,496.81,9000000112
5000000113,DE20,2026,2026-06-06,001,0140000000,S,2039.7,9000000113
5000000113,DE20,2026,2026-06-06,002,0800000000,H,2039.7,9000000113
5000000114,US10,2025,2025-11-11,001,0140000000,S,403.2,9000000114
5000000114,US10,2025,2025-11-11,002,0800000000,H,403.2,9000000114
5000000115,DE20,2025,2025-03-25,001,0140000000,S,1102.94,9000000115
5000000115,DE20,2025,2025-03-25,002,0800000000,H,1102.94,9000000115
5000000116,US10,2024,2024-12-18,001,0140000000,S,4670.51,9000000116
5000000116,US10,2024,2024-12-18,002,0800000000,H,4670.51,9000000116
5000000117,US10,2026,2026-03-30,001,0140000000,S,2671.85,9000000117
5000000117,US10,2026,2026-03-30,002,0800000000,H,2671.85,9000000117
5000000118,US10,2025,2025-01-05,001,0140000000,S,10618.26,9000000118
5000000118,US10,2025,2025-01-05,002,0800000000,H,10618.26,9000000118
5000000119,US10,2024,2024-09-22,001,0140000000,S,964.44,9000000119
5000000119,US10,2024,2024-09-22,002,0800000000,H,964.44,9000000119
5000000120,US10,2026,2026-02-09,001,0140000000,S,2059.53,9000000120
5000000120,US10,2026,2026-02-09,002,0800000000,H,2059.53,9000000120
5000000121,DE20,2024,2024-12-20,001,0140000000,S,2889.45,9000000121
5000000121,DE20,2024,2024-12-20,002,0800000000,H,2889.45,9000000121
5000000122,DE20,2025,2025-12-15,001,0140000000,H,57.57,9000000122
5000000122,DE20,2025,2025-12-15,002,0801000000,S,57.57,9000000122
5000000123,US10,2025,2025-02-12,001,0140000000,S,530.18,9000000123
5000000123,US10,2025,2025-02-12,002,0800000000,H,530.18,9000000123
5000000124,IN30,2025,2025-07-22,001,0140000000,S,2110.83,9000000124
5000000124,IN30,2025,2025-07-22,002,0800000000,H,2110.83,9000000124
5000000125,US10,2024,2024-09-29,001,0140000000,S,7125.36,9000000125
5000000125,US10,2024,2024-09-29,002,0800000000,H,7125.36,9000000125
5000000126,US10,2025,2025-06-18,001,0140000000,S,152.79,9000000126
5000000126,US10,2025,2025-06-18,002,0800000000,H,152.79,9000000126
5000000127,DE20,2025,2025-05-13,001,0140000000,H,84.93,9000000127
5000000127,DE20,2025,2025-05-13,002,0801000000,S,84.93,9000000127
5000000128,US10,2025,2025-03-29,001,0140000000,S,1666.35,9000000128
5000000128,US10,2025,2025-03-29,002,0800000000,H,1666.35,9000000128
5000000129,US10,2025,2025-11-10,001,0140000000,S,338.12,9000000129
5000000129,US10,2025,2025-11-10,002,0800000000,H,338.12,9000000129
5000000130,DE20,2026,2026-02-08,001,0140000000,S,5450.05,9000000130
5000000130,DE20,2026,2026-02-08,002,0800000000,H,5450.05,9000000130
5000000131,IN30,2025,2025-02-09,001,0140000000,S,389.84,9000000131
5000000131,IN30,2025,2025-02-09,002,0800000000,H,389.84,9000000131
5000000132,US10,2025,2025-03-30,001,0140000000,S,11884.46,9000000132
5000000132,US10,2025,2025-03-30,002,0800000000,H,11884.46,9000000132
5000000133,DE20,2026,2026-02-08,001,0140000000,H,392.76,9000000133
5000000133,DE20,2026,2026-02-08,002,0801000000,S,392.76,9000000133
5000000134,DE20,2025,2025-04-06,001,0140000000,S,928.55,9000000134
5000000134,DE20,2025,2025-04-06,002,0800000000,H,928.55,9000000134
5000000135,DE20,2026,2026-01-03,001,0140000000,S,3861.37,9000000135
5000000135,DE20,2026,2026-01-03,002,0800000000,H,3861.37,9000000135
5000000136,US10,2026,2026-02-13,001,0140000000,S,6568.76,9000000136
5000000136,US10,2026,2026-02-13,002,0800000000,H,6568.76,9000000136
5000000137,US10,2024,2024-12-26,001,0140000000,S,2882.19,9000000137
5000000137,US10,2024,2024-12-26,002,0800000000,H,2882.19,9000000137
5000000138,US10,2025,2025-02-26,001,0140000000,S,802.48,9000000138
5000000138,US10,2025,2025-02-26,002,0800000000,H,802.48,9000000138
5000000139,IN30,2026,2026-03-02,001,0140000000,S,59.74,9000000139
5000000139,IN30,2026,2026-03-02,002,0800000000,H,59.74,9000000139
5000000140,US10,2025,2025-08-31,001,0140000000,H,796.99,9000000140
5000000140,US10,2025,2025-08-31,002,0801000000,S,796.99,9000000140
5000000141,US10,2026,2026-01-01,001,0140000000,S,7432.32,9000000141
5000000141,US10,2026,2026-01-01,002,0800000000,H,7432.32,9000000141
5000000142,IN30,2025,2025-04-12,001,0140000000,S,3842.62,9000000142
5000000142,IN30,2025,2025-04-12,002,0800000000,H,3842.62,9000000142
5000000143,US10,2026,2026-01-15,001,0140000000,S,215.27,9000000143
5000000143,US10,2026,2026-01-15,002,0800000000,H,215.27,9000000143
5000000144,US10,2025,2025-04-24,001,0140000000,S,1772.91,9000000144
5000000144,US10,2025,2025-04-24,002,0800000000,H,1772.91,9000000144
5000000145,US10,2025,2025-09-06,001,0140000000,S,1689.51,9000000145
5000000145,US10,2025,2025-09-06,002,0800000000,H,1689.51,9000000145
5000000146,DE20,2025,2025-08-05,001,0140000000,H,1263.26,9000000146
5000000146,DE20,2025,2025-08-05,002,0801000000,S,1263.26,9000000146
5000000147,IN30,2026,2026-07-15,001,0140000000,S,4436.34,9000000147
5000000147,IN30,2026,2026-07-15,002,0800000000,H,4436.34,9000000147
5000000148,US10,2026,2026-03-19,001,0140000000,S,1448.4,9000000148
5000000148,US10,2026,2026-03-19,002,0800000000,H,1448.4,9000000148
5000000149,DE20,2025,2025-10-24,001,0140000000,S,2569.57,9000000149
5000000149,DE20,2025,2025-10-24,002,0800000000,H,2569.57,9000000149
5000000150,US10,2026,2026-05-25,001,0140000000,S,2156.05,9000000150
5000000150,US10,2026,2026-05-25,002,0800000000,H,2156.05,9000000150
5000000151,US10,2025,2025-12-05,001,0140000000,S,497.12,9000000151
5000000151,US10,2025,2025-12-05,002,0800000000,H,497.12,9000000151
5000000152,US10,2026,2026-02-25,001,0140000000,S,1573.39,9000000152
5000000152,US10,2026,2026-02-25,002,0800000000,H,1573.39,9000000152
5000000153,US10,2025,2025-10-03,001,0140000000,S,3850.86,9000000153
5000000153,US10,2025,2025-10-03,002,0800000000,H,3850.86,9000000153
5000000154,US10,2025,2025-11-11,001,0140000000,S,3624.34,9000000154
5000000154,US10,2025,2025-11-11,002,0800000000,H,3624.34,9000000154
5000000155,US10,2025,2025-02-17,001,0140000000,S,3690.24,9000000155
5000000155,US10,2025,2025-02-17,002,0800000000,H,3690.24,9000000155
5000000156,US10,2026,2026-07-30,001,0140000000,S,5401.81,9000000156
5000000156,US10,2026,2026-07-30,002,0800000000,H,5401.81,9000000156
5000000157,DE20,2025,2025-12-29,001,0140000000,S,1171.94,9000000157
5000000157,DE20,2025,2025-12-29,002,0800000000,H,1171.94,9000000157
5000000158,DE20,2026,2026-05-06,001,0140000000,S,1439.33,9000000158
5000000158,DE20,2026,2026-05-06,002,0800000000,H,1439.33,9000000158
5000000159,US10,2025,2025-12-06,001,0140000000,S,861.94,9000000159
5000000159,US10,2025,2025-12-06,002,0800000000,H,861.94,9000000159
5000000160,DE20,2024,2024-10-06,001,0140000000,S,1552.15,9000000160
5000000160,DE20,2024,2024-10-06,002,0800000000,H,1552.15,9000000160
5000000161,DE20,2024,2024-12-04,001,0140000000,S,2740.4,9000000161
5000000161,DE20,2024,2024-12-04,002,0800000000,H,2740.4,9000000161
5000000162,US10,2026,2026-06-22,001,0140000000,H,25.06,9000000162
5000000162,US10,2026,2026-06-22,002,0801000000,S,25.06,9000000162
5000000163,US10,2026,2026-02-13,001,0140000000,S,4971.8,9000000163
5000000163,US10,2026,2026-02-13,002,0800000000,H,4971.8,9000000163
5000000164,US10,2026,2026-07-08,001,0140000000,S,2937.07,9000000164
5000000164,US10,2026,2026-07-08,002,0800000000,H,2937.07,9000000164
5000000165,DE20,2026,2026-07-04,001,0140000000,S,930.12,9000000165
5000000165,DE20,2026,2026-07-04,002,0800000000,H,930.12,9000000165
5000000166,DE20,2025,2025-03-07,001,0140000000,S,274.52,9000000166
5000000166,DE20,2025,2025-03-07,002,0800000000,H,274.52,9000000166
5000000167,US10,2026,2026-09-07,001,0140000000,S,2176.25,9000000167
5000000167,US10,2026,2026-09-07,002,0800000000,H,2176.25,9000000167
5000000168,DE20,2025,2025-12-08,001,0140000000,S,2524.5,9000000168
5000000168,DE20,2025,2025-12-08,002,0800000000,H,2524.5,9000000168
5000000169,DE20,2026,2026-03-01,001,0140000000,S,825.93,9000000169
5000000169,DE20,2026,2026-03-01,002,0800000000,H,825.93,9000000169
5000000170,DE20,2025,2025-10-02,001,0140000000,S,540.73,9000000170
5000000170,DE20,2025,2025-10-02,002,0800000000,H,540.73,9000000170
5000000172,DE20,2025,2025-09-07,001,0140000000,S,184.2,9000000172
5000000172,DE20,2025,2025-09-07,002,0800000000,H,184.2,9000000172
5000000173,US10,2025,2025-08-20,001,0140000000,S,2513.62,9000000173
5000000173,US10,2025,2025-08-20,002,0800000000,H,2513.62,9000000173
5000000174,IN30,2025,2025-04-21,001,0140000000,S,2994.86,9000000174
5000000174,IN30,2025,2025-04-21,002,0800000000,H,2994.86,9000000174
5000000175,DE20,2025,2025-05-26,001,0140000000,S,2567.15,9000000175
5000000175,DE20,2025,2025-05-26,002,0800000000,H,2567.15,9000000175
5000000176,DE20,2025,2025-08-03,001,0140000000,S,3637.23,9000000176
5000000176,DE20,2025,2025-08-03,002,0800000000,H,3637.23,9000000176
5000000177,US10,2025,2025-03-28,001,0140000000,S,4084.78,9000000177
5000000177,US10,2025,2025-03-28,002,0800000000,H,4084.78,9000000177
5000000178,US10,2024,2024-12-26,001,0140000000,S,997.36,9000000178
5000000178,US10,2024,2024-12-26,002,0800000000,H,997.36,9000000178
5000000179,US10,2026,2026-04-30,001,0140000000,S,968.24,9000000179
5000000179,US10,2026,2026-04-30,002,0800000000,H,968.24,9000000179
5000000180,DE20,2025,2025-06-07,001,0140000000,S,4181.15,9000000180
5000000180,DE20,2025,2025-06-07,002,0800000000,H,4181.15,9000000180
5000000181,US10,2025,2025-06-09,001,0140000000,S,1676.7,9000000181
5000000181,US10,2025,2025-06-09,002,0800000000,H,1676.7,9000000181
5000000182,DE20,2026,2026-04-14,001,0140000000,S,340.29,9000000182
5000000182,DE20,2026,2026-04-14,002,0800000000,H,340.29,9000000182
5000000183,IN30,2026,2026-02-06,001,0140000000,S,1243.56,9000000183
5000000183,IN30,2026,2026-02-06,002,0800000000,H,1243.56,9000000183
5000000184,US10,2025,2025-08-09,001,0140000000,S,2222.06,9000000184
5000000184,US10,2025,2025-08-09,002,0800000000,H,2222.06,9000000184
5000000185,DE20,2025,2025-05-04,001,0140000000,S,5601.34,9000000185
5000000185,DE20,2025,2025-05-04,002,0800000000,H,5601.34,9000000185
5000000186,US10,2026,2026-04-24,001,0140000000,S,1224.08,9000000186
5000000186,US10,2026,2026-04-24,002,0800000000,H,1224.08,9000000186
5000000187,US10,2025,2025-03-11,001,0140000000,S,2934.62,9000000187
5000000187,US10,2025,2025-03-11,002,0800000000,H,2934.62,9000000187
5000000188,IN30,2025,2025-08-23,001,0140000000,S,1113.88,9000000188
5000000188,IN30,2025,2025-08-23,002,0800000000,H,1113.88,9000000188
5000000189,IN30,2025,2025-06-17,001,0140000000,S,862.2,9000000189
5000000189,IN30,2025,2025-06-17,002,0800000000,H,862.2,9000000189
5000000190,US10,2025,2025-11-27,001,0140000000,S,19828.11,9000000190
5000000190,US10,2025,2025-11-27,002,0800000000,H,19828.11,9000000190
5000000192,IN30,2024,2024-10-22,001,0140000000,S,793.15,9000000192
5000000192,IN30,2024,2024-10-22,002,0800000000,H,793.15,9000000192
5000000193,US10,2025,2025-01-25,001,0140000000,S,1533.87,9000000193
5000000193,US10,2025,2025-01-25,002,0800000000,H,1533.87,9000000193
5000000195,DE20,2026,2026-04-14,001,0140000000,S,789.75,9000000195
5000000195,DE20,2026,2026-04-14,002,0800000000,H,789.75,9000000195
5000000196,US10,2025,2025-02-18,001,0140000000,S,623.0,9000000196
5000000196,US10,2025,2025-02-18,002,0800000000,H,623.0,9000000196
5000000197,US10,2025,2025-01-23,001,0140000000,S,882.67,9000000197
5000000197,US10,2025,2025-01-23,002,0800000000,H,882.67,9000000197
5000000198,US10,2026,2026-08-01,001,0140000000,S,2488.16,9000000198
5000000198,US10,2026,2026-08-01,002,0800000000,H,2488.16,9000000198
5000000199,DE20,2025,2025-11-22,001,0140000000,S,1530.39,9000000199
5000000199,DE20,2025,2025-11-22,002,0800000000,H,1530.39,9000000199
5000000200,DE20,2026,2026-02-23,001,0140000000,S,3098.84,9000000200
5000000200,DE20,2026,2026-02-23,002,0800000000,H,3098.84,9000000200
5000000201,DE20,2026,2026-07-14,001,0140000000,S,3425.8,9000000201
5000000201,DE20,2026,2026-07-14,002,0800000000,H,3425.8,9000000201
5000000202,DE20,2025,2025-03-25,001,0140000000,S,3045.96,9000000202
5000000202,DE20,2025,2025-03-25,002,0800000000,H,3045.96,9000000202
5000000203,DE20,2025,2025-09-14,001,0140000000,S,3583.38,9000000203
5000000203,DE20,2025,2025-09-14,002,0800000000,H,3583.38,9000000203
5000000204,US10,2026,2026-07-18,001,0140000000,S,875.2,9000000204
5000000204,US10,2026,2026-07-18,002,0800000000,H,875.2,9000000204
5000000205,US10,2025,2025-01-29,001,0140000000,S,4780.67,9000000205
5000000205,US10,2025,2025-01-29,002,0800000000,H,4780.67,9000000205
5000000206,US10,2025,2025-03-20,001,0140000000,S,4475.21,9000000206
5000000206,US10,2025,2025-03-20,002,0800000000,H,4475.21,9000000206
5000000207,DE20,2026,2026-06-26,001,0140000000,S,1198.89,9000000207
5000000207,DE20,2026,2026-06-26,002,0800000000,H,1198.89,9000000207
5000000208,US10,2026,2026-05-25,001,0140000000,S,2453.35,9000000208
5000000208,US10,2026,2026-05-25,002,0800000000,H,2453.35,9000000208
5000000209,DE20,2025,2025-09-30,001,0140000000,S,5290.25,9000000209
5000000209,DE20,2025,2025-09-30,002,0800000000,H,5290.25,9000000209
5000000210,US10,2024,2024-12-23,001,0140000000,S,4299.16,9000000210
5000000210,US10,2024,2024-12-23,002,0800000000,H,4299.16,9000000210
5000000211,DE20,2026,2026-05-20,001,0140000000,S,6529.48,9000000211
5000000211,DE20,2026,2026-05-20,002,0800000000,H,6529.48,9000000211
5000000212,DE20,2025,2025-04-29,001,0140000000,S,1871.38,9000000212
5000000212,DE20,2025,2025-04-29,002,0800000000,H,1871.38,9000000212
5000000213,DE20,2026,2026-03-21,001,0140000000,S,508.05,9000000213
5000000213,DE20,2026,2026-03-21,002,0800000000,H,508.05,9000000213
5000000214,US10,2025,2025-03-22,001,0140000000,S,3492.1,9000000214
5000000214,US10,2025,2025-03-22,002,0800000000,H,3492.1,9000000214
5000000215,US10,2025,2025-01-04,001,0140000000,S,2107.73,9000000215
5000000215,US10,2025,2025-01-04,002,0800000000,H,2107.73,9000000215
5000000216,DE20,2026,2026-02-04,001,0140000000,S,1417.32,9000000216
5000000216,DE20,2026,2026-02-04,002,0800000000,H,1417.32,9000000216
5000000217,US10,2025,2025-06-28,001,0140000000,S,2811.02,9000000217
5000000217,US10,2025,2025-06-28,002,0800000000,H,2811.02,9000000217
5000000218,US10,2025,2025-06-18,001,0140000000,S,4993.38,9000000218
5000000218,US10,2025,2025-06-18,002,0800000000,H,4993.38,9000000218
5000000219,IN30,2025,2025-08-07,001,0140000000,S,9148.79,9000000219
5000000219,IN30,2025,2025-08-07,002,0800000000,H,9148.79,9000000219
5000000220,DE20,2025,2025-08-17,001,0140000000,S,713.84,9000000220
5000000220,DE20,2025,2025-08-17,002,0800000000,H,713.84,9000000220
5000000221,US10,2025,2025-08-28,001,0140000000,S,1201.58,9000000221
5000000221,US10,2025,2025-08-28,002,0800000000,H,1201.58,9000000221
5000000222,US10,2026,2026-01-04,001,0140000000,S,2584.74,9000000222
5000000222,US10,2026,2026-01-04,002,0800000000,H,2584.74,9000000222
5000000223,DE20,2024,2024-12-06,001,0140000000,S,444.96,9000000223
5000000223,DE20,2024,2024-12-06,002,0800000000,H,444.96,9000000223
5000000224,DE20,2026,2026-01-25,001,0140000000,S,732.84,9000000224
5000000224,DE20,2026,2026-01-25,002,0800000000,H,732.84,9000000224
5000000225,IN30,2025,2025-09-08,001,0140000000,S,21.36,9000000225
5000000225,IN30,2025,2025-09-08,002,0800000000,H,21.36,9000000225
5000000226,DE20,2026,2026-05-11,001,0140000000,S,416.47,9000000226
5000000226,DE20,2026,2026-05-11,002,0800000000,H,416.47,9000000226
5000000227,IN30,2025,2025-04-16,001,0140000000,S,2208.47,9000000227
5000000227,IN30,2025,2025-04-16,002,0800000000,H,2208.47,9000000227
5000000228,DE20,2026,2026-01-14,001,0140000000,S,876.0,9000000228
5000000228,DE20,2026,2026-01-14,002,0800000000,H,876.0,9000000228
5000000229,DE20,2025,2025-02-16,001,0140000000,S,5411.59,9000000229
5000000229,DE20,2025,2025-02-16,002,0800000000,H,5411.59,9000000229
5000000230,IN30,2026,2026-02-09,001,0140000000,S,2566.84,9000000230
5000000230,IN30,2026,2026-02-09,002,0800000000,H,2566.84,9000000230
5000000231,US10,2026,2026-01-29,001,0140000000,S,5405.22,9000000231
5000000231,US10,2026,2026-01-29,002,0800000000,H,5405.22,9000000231
5000000232,US10,2025,2025-10-22,001,0140000000,S,222.54,9000000232
5000000232,US10,2025,2025-10-22,002,0800000000,H,222.54,9000000232
5000000234,DE20,2026,2026-08-10,001,0140000000,S,1743.68,9000000234
5000000234,DE20,2026,2026-08-10,002,0800000000,H,1743.68,9000000234
5000000235,DE20,2025,2025-06-06,001,0140000000,S,878.59,9000000235
5000000235,DE20,2025,2025-06-06,002,0800000000,H,878.59,9000000235
5000000236,IN30,2024,2024-11-18,001,0140000000,S,2662.6,9000000236
5000000236,IN30,2024,2024-11-18,002,0800000000,H,2662.6,9000000236
5000000237,US10,2025,2025-05-14,001,0140000000,S,1623.81,9000000237
5000000237,US10,2025,2025-05-14,002,0800000000,H,1623.81,9000000237
5000000238,DE20,2024,2024-10-16,001,0140000000,S,1231.31,9000000238
5000000238,DE20,2024,2024-10-16,002,0800000000,H,1231.31,9000000238
5000000239,US10,2026,2026-07-02,001,0140000000,S,194.22,9000000239
5000000239,US10,2026,2026-07-02,002,0800000000,H,194.22,9000000239
5000000240,IN30,2026,2026-05-19,001,0140000000,S,2158.5,9000000240
5000000240,IN30,2026,2026-05-19,002,0800000000,H,2158.5,9000000240
5000000241,IN30,2025,2025-01-30,001,0140000000,H,869.63,9000000241
5000000241,IN30,2025,2025-01-30,002,0801000000,S,869.63,9000000241
5000000242,US10,2025,2025-12-20,001,0140000000,S,4267.27,9000000242
5000000242,US10,2025,2025-12-20,002,0800000000,H,4267.27,9000000242
5000000243,IN30,2025,2025-02-13,001,0140000000,S,951.82,9000000243
5000000243,IN30,2025,2025-02-13,002,0800000000,H,951.82,9000000243
5000000244,US10,2026,2026-06-04,001,0140000000,S,1604.41,9000000244
5000000244,US10,2026,2026-06-04,002,0800000000,H,1604.41,9000000244
5000000245,US10,2025,2025-07-19,001,0140000000,S,146.21,9000000245
5000000245,US10,2025,2025-07-19,002,0800000000,H,146.21,9000000245
5000000246,US10,2024,2024-11-01,001,0140000000,S,2212.96,9000000246
5000000246,US10,2024,2024-11-01,002,0800000000,H,2212.96,9000000246
5000000247,US10,2025,2025-12-22,001,0140000000,S,700.35,9000000247
5000000247,US10,2025,2025-12-22,002,0800000000,H,700.35,9000000247
5000000248,US10,2024,2024-11-19,001,0140000000,S,578.0,9000000248
5000000248,US10,2024,2024-11-19,002,0800000000,H,578.0,9000000248
5000000249,US10,2026,2026-07-05,001,0140000000,S,862.88,9000000249
5000000249,US10,2026,2026-07-05,002,0800000000,H,862.88,9000000249
5000000250,US10,2026,2026-07-30,001,0140000000,S,5006.96,9000000250
5000000250,US10,2026,2026-07-30,002,0800000000,H,5006.96,9000000250
5000000251,US10,2025,2025-12-12,001,0140000000,S,493.97,9000000251
5000000251,US10,2025,2025-12-12,002,0800000000,H,493.97,9000000251
5000000252,US10,2025,2025-03-11,001,0140000000,S,7614.52,9000000252
5000000252,US10,2025,2025-03-11,002,0800000000,H,7614.52,9000000252
5000000253,IN30,2026,2026-04-05,001,0140000000,S,147.12,9000000253
5000000253,IN30,2026,2026-04-05,002,0800000000,H,147.12,9000000253
5000000254,US10,2024,2024-10-12,001,0140000000,S,415.87,9000000254
5000000254,US10,2024,2024-10-12,002,0800000000,H,415.87,9000000254
5000000255,US10,2024,2024-12-09,001,0140000000,S,3658.41,9000000255
5000000255,US10,2024,2024-12-09,002,0800000000,H,3658.41,9000000255
5000000256,US10,2025,2025-04-25,001,0140000000,H,452.72,9000000256
5000000256,US10,2025,2025-04-25,002,0801000000,S,452.72,9000000256
5000000257,US10,2024,2024-11-09,001,0140000000,S,1261.52,9000000257
5000000257,US10,2024,2024-11-09,002,0800000000,H,1261.52,9000000257
5000000258,US10,2026,2026-06-15,001,0140000000,S,910.38,9000000258
5000000258,US10,2026,2026-06-15,002,0800000000,H,910.38,9000000258
5000000259,DE20,2026,2026-01-20,001,0140000000,S,5845.5,9000000259
5000000259,DE20,2026,2026-01-20,002,0800000000,H,5845.5,9000000259
5000000260,DE20,2026,2026-04-28,001,0140000000,S,5716.46,9000000260
5000000260,DE20,2026,2026-04-28,002,0800000000,H,5716.46,9000000260
5000000261,US10,2026,2026-01-08,001,0140000000,S,32.4,9000000261
5000000261,US10,2026,2026-01-08,002,0800000000,H,32.4,9000000261
5000000262,US10,2025,2025-02-25,001,0140000000,S,700.35,9000000262
5000000262,US10,2025,2025-02-25,002,0800000000,H,700.35,9000000262
5000000263,DE20,2025,2025-04-08,001,0140000000,S,37.51,9000000263
5000000263,DE20,2025,2025-04-08,002,0800000000,H,37.51,9000000263
5000000264,US10,2025,2025-12-05,001,0140000000,S,824.31,9000000264
5000000264,US10,2025,2025-12-05,002,0800000000,H,824.31,9000000264
5000000265,US10,2025,2025-12-18,001,0140000000,S,2816.81,9000000265
5000000265,US10,2025,2025-12-18,002,0800000000,H,2816.81,9000000265
5000000266,US10,2025,2025-05-08,001,0140000000,S,2631.85,9000000266
5000000266,US10,2025,2025-05-08,002,0800000000,H,2631.85,9000000266
5000000267,US10,2026,2026-04-24,001,0140000000,S,955.08,9000000267
5000000267,US10,2026,2026-04-24,002,0800000000,H,955.08,9000000267
5000000268,US10,2025,2025-07-11,001,0140000000,S,1869.59,9000000268
5000000268,US10,2025,2025-07-11,002,0800000000,H,1869.59,9000000268
5000000270,US10,2026,2026-06-02,001,0140000000,S,7069.88,9000000270
5000000270,US10,2026,2026-06-02,002,0800000000,H,7069.88,9000000270
5000000272,US10,2025,2025-11-23,001,0140000000,S,353.16,9000000272
5000000272,US10,2025,2025-11-23,002,0800000000,H,353.16,9000000272
5000000273,US10,2025,2025-02-10,001,0140000000,S,1642.74,9000000273
5000000273,US10,2025,2025-02-10,002,0800000000,H,1642.74,9000000273
5000000274,US10,2025,2025-07-31,001,0140000000,S,580.8,9000000274
5000000274,US10,2025,2025-07-31,002,0800000000,H,580.8,9000000274
5000000275,IN30,2025,2025-09-09,001,0140000000,S,2184.41,9000000275
5000000275,IN30,2025,2025-09-09,002,0800000000,H,2184.41,9000000275
5000000276,US10,2024,2024-09-30,001,0140000000,S,1254.9,9000000276
5000000276,US10,2024,2024-09-30,002,0800000000,H,1254.9,9000000276
5000000277,IN30,2026,2026-05-06,001,0140000000,S,501.36,9000000277
5000000277,IN30,2026,2026-05-06,002,0800000000,H,501.36,9000000277
5000000278,US10,2025,2025-01-05,001,0140000000,S,3170.82,9000000278
5000000278,US10,2025,2025-01-05,002,0800000000,H,3170.82,9000000278
5000000279,DE20,2024,2024-10-08,001,0140000000,S,4789.8,9000000279
5000000279,DE20,2024,2024-10-08,002,0800000000,H,4789.8,9000000279
5000000280,DE20,2025,2025-11-13,001,0140000000,S,810.59,9000000280
5000000280,DE20,2025,2025-11-13,002,0800000000,H,810.59,9000000280
5000000281,US10,2026,2026-03-31,001,0140000000,S,2658.88,9000000281
5000000281,US10,2026,2026-03-31,002,0800000000,H,2658.88,9000000281
5000000282,US10,2024,2024-12-10,001,0140000000,S,1985.84,9000000282
5000000282,US10,2024,2024-12-10,002,0800000000,H,1985.84,9000000282
5000000283,US10,2025,2025-08-17,001,0140000000,S,9753.43,9000000283
5000000283,US10,2025,2025-08-17,002,0800000000,H,9753.43,9000000283
5000000284,US10,2024,2024-12-12,001,0140000000,S,5042.75,9000000284
5000000284,US10,2024,2024-12-12,002,0800000000,H,5042.75,9000000284
5000000285,DE20,2025,2025-12-21,001,0140000000,S,799.45,9000000285
5000000285,DE20,2025,2025-12-21,002,0800000000,H,799.45,9000000285
5000000286,DE20,2025,2025-03-18,001,0140000000,S,1631.86,9000000286
5000000286,DE20,2025,2025-03-18,002,0800000000,H,1631.86,9000000286
5000000287,US10,2026,2026-02-05,001,0140000000,S,6093.36,9000000287
5000000287,US10,2026,2026-02-05,002,0800000000,H,6093.36,9000000287
5000000288,IN30,2025,2025-09-20,001,0140000000,S,68.46,9000000288
5000000288,IN30,2025,2025-09-20,002,0800000000,H,68.46,9000000288
5000000289,DE20,2025,2025-10-05,001,0140000000,S,830.12,9000000289
5000000289,DE20,2025,2025-10-05,002,0800000000,H,830.12,9000000289
5000000290,US10,2025,2025-03-05,001,0140000000,S,4633.77,9000000290
5000000290,US10,2025,2025-03-05,002,0800000000,H,4633.77,9000000290
5000000291,IN30,2026,2026-03-26,001,0140000000,S,4120.46,9000000291
5000000291,IN30,2026,2026-03-26,002,0800000000,H,4120.46,9000000291
5000000292,IN30,2024,2024-09-24,001,0140000000,H,250.52,9000000292
5000000292,IN30,2024,2024-09-24,002,0801000000,S,250.52,9000000292
5000000293,US10,2025,2025-05-04,001,0140000000,S,1970.99,9000000293
5000000293,US10,2025,2025-05-04,002,0800000000,H,1970.99,9000000293
5000000294,US10,2024,2024-11-28,001,0140000000,S,1782.33,9000000294
5000000294,US10,2024,2024-11-28,002,0800000000,H,1782.33,9000000294
5000000295,DE20,2024,2024-11-18,001,0140000000,S,974.07,9000000295
5000000295,DE20,2024,2024-11-18,002,0800000000,H,974.07,9000000295
5000000296,US10,2024,2024-09-23,001,0140000000,S,1051.9,9000000296
5000000296,US10,2024,2024-09-23,002,0800000000,H,1051.9,9000000296
5000000297,DE20,2025,2025-10-02,001,0140000000,S,1159.36,9000000297
5000000297,DE20,2025,2025-10-02,002,0800000000,H,1159.36,9000000297
5000000298,DE20,2024,2024-11-10,001,0140000000,S,894.18,9000000298
5000000298,DE20,2024,2024-11-10,002,0800000000,H,894.18,9000000298
5000000299,US10,2024,2024-12-11,001,0140000000,S,1859.29,9000000299
5000000299,US10,2024,2024-12-11,002,0800000000,H,1859.29,9000000299
5000000300,US10,2025,2025-07-27,001,0140000000,S,3567.66,9000000300
5000000300,US10,2025,2025-07-27,002,0800000000,H,3567.66,9000000300
5000000301,US10,2026,2026-01-30,001,0140000000,H,131.31,9000000301
5000000301,US10,2026,2026-01-30,002,0801000000,S,131.31,9000000301
5000000302,DE20,2025,2025-02-09,001,0140000000,S,2503.05,9000000302
5000000302,DE20,2025,2025-02-09,002,0800000000,H,2503.05,9000000302
5000000303,IN30,2026,2026-01-07,001,0140000000,S,1006.67,9000000303
5000000303,IN30,2026,2026-01-07,002,0800000000,H,1006.67,9000000303
5000000304,IN30,2025,2025-10-26,001,0140000000,S,3136.46,9000000304
5000000304,IN30,2025,2025-10-26,002,0800000000,H,3136.46,9000000304
5000000305,US10,2026,2026-07-23,001,0140000000,S,1212.8,9000000305
5000000305,US10,2026,2026-07-23,002,0800000000,H,1212.8,9000000305
5000000306,IN30,2026,2026-05-03,001,0140000000,S,1925.53,9000000306
5000000306,IN30,2026,2026-05-03,002,0800000000,H,1925.53,9000000306
5000000307,IN30,2026,2026-09-11,001,0140000000,S,5754.09,9000000307
5000000307,IN30,2026,2026-09-11,002,0800000000,H,5754.09,9000000307
5000000308,US10,2025,2025-06-04,001,0140000000,H,306.12,9000000308
5000000308,US10,2025,2025-06-04,002,0801000000,S,306.12,9000000308
5000000309,US10,2026,2026-06-27,001,0140000000,S,1588.74,9000000309
5000000309,US10,2026,2026-06-27,002,0800000000,H,1588.74,9000000309
5000000310,US10,2025,2025-05-10,001,0140000000,S,1483.1,9000000310
5000000310,US10,2025,2025-05-10,002,0800000000,H,1483.1,9000000310
5000000311,US10,2025,2025-04-08,001,0140000000,S,101.85,9000000311
5000000311,US10,2025,2025-04-08,002,0800000000,H,101.85,9000000311
5000000312,US10,2025,2025-07-28,001,0140000000,S,2018.91,9000000312
5000000312,US10,2025,2025-07-28,002,0800000000,H,2018.91,9000000312
5000000313,US10,2024,2024-09-30,001,0140000000,S,6614.16,9000000313
5000000313,US10,2024,2024-09-30,002,0800000000,H,6614.16,9000000313
5000000314,IN30,2026,2026-02-25,001,0140000000,S,2168.8,9000000314
5000000314,IN30,2026,2026-02-25,002,0800000000,H,2168.8,9000000314
5000000315,DE20,2024,2024-11-20,001,0140000000,H,252.17,9000000315
5000000315,DE20,2024,2024-11-20,002,0801000000,S,252.17,9000000315
5000000316,US10,2025,2025-12-05,001,0140000000,S,45.32,9000000316
5000000316,US10,2025,2025-12-05,002,0800000000,H,45.32,9000000316
5000000317,US10,2024,2024-10-30,001,0140000000,S,1767.1,9000000317
5000000317,US10,2024,2024-10-30,002,0800000000,H,1767.1,9000000317
5000000318,US10,2025,2025-07-27,001,0140000000,S,1166.74,9000000318
5000000318,US10,2025,2025-07-27,002,0800000000,H,1166.74,9000000318
5000000319,US10,2025,2025-03-20,001,0140000000,S,5116.48,9000000319
5000000319,US10,2025,2025-03-20,002,0800000000,H,5116.48,9000000319
5000000320,US10,2026,2026-08-11,001,0140000000,S,3060.3,9000000320
5000000320,US10,2026,2026-08-11,002,0800000000,H,3060.3,9000000320
5000000321,DE20,2025,2025-04-22,001,0140000000,H,360.75,9000000321
5000000321,DE20,2025,2025-04-22,002,0801000000,S,360.75,9000000321
5000000322,US10,2025,2025-06-04,001,0140000000,S,2383.88,9000000322
5000000322,US10,2025,2025-06-04,002,0800000000,H,2383.88,9000000322
5000000323,US10,2025,2025-04-26,001,0140000000,S,926.56,9000000323
5000000323,US10,2025,2025-04-26,002,0800000000,H,926.56,9000000323
5000000324,DE20,2024,2024-12-17,001,0140000000,S,23.1,9000000324
5000000324,DE20,2024,2024-12-17,002,0800000000,H,23.1,9000000324
5000000325,US10,2025,2025-12-30,001,0140000000,S,1336.09,9000000325
5000000325,US10,2025,2025-12-30,002,0800000000,H,1336.09,9000000325
5000000326,DE20,2025,2025-04-26,001,0140000000,S,2665.15,9000000326
5000000326,DE20,2025,2025-04-26,002,0800000000,H,2665.15,9000000326
5000000327,DE20,2025,2025-04-06,001,0140000000,S,1408.3,9000000327
5000000327,DE20,2025,2025-04-06,002,0800000000,H,1408.3,9000000327
5000000328,DE20,2025,2025-05-05,001,0140000000,S,732.69,9000000328
5000000328,DE20,2025,2025-05-05,002,0800000000,H,732.69,9000000328
5000000329,US10,2025,2025-06-05,001,0140000000,S,11465.78,9000000329
5000000329,US10,2025,2025-06-05,002,0800000000,H,11465.78,9000000329
5000000330,DE20,2026,2026-04-17,001,0140000000,S,1642.89,9000000330
5000000330,DE20,2026,2026-04-17,002,0800000000,H,1642.89,9000000330
5000000331,US10,2025,2025-02-22,001,0140000000,S,1465.4,9000000331
5000000331,US10,2025,2025-02-22,002,0800000000,H,1465.4,9000000331
5000000332,DE20,2024,2024-12-15,001,0140000000,S,491.95,9000000332
5000000332,DE20,2024,2024-12-15,002,0800000000,H,491.95,9000000332
5000000333,US10,2025,2025-05-18,001,0140000000,S,5524.93,9000000333
5000000333,US10,2025,2025-05-18,002,0800000000,H,5524.93,9000000333
5000000334,US10,2025,2025-11-09,001,0140000000,S,720.0,9000000334
5000000334,US10,2025,2025-11-09,002,0800000000,H,720.0,9000000334
5000000335,DE20,2025,2025-04-13,001,0140000000,S,1332.07,9000000335
5000000335,DE20,2025,2025-04-13,002,0800000000,H,1332.07,9000000335
5000000337,US10,2025,2025-06-06,001,0140000000,S,1650.13,9000000337
5000000337,US10,2025,2025-06-06,002,0800000000,H,1650.13,9000000337
5000000338,IN30,2026,2026-08-19,001,0140000000,S,2674.09,9000000338
5000000338,IN30,2026,2026-08-19,002,0800000000,H,2674.09,9000000338
5000000339,DE20,2026,2026-07-01,001,0140000000,S,1610.48,9000000339
5000000339,DE20,2026,2026-07-01,002,0800000000,H,1610.48,9000000339
5000000340,US10,2025,2025-08-09,001,0140000000,S,262.0,9000000340
5000000340,US10,2025,2025-08-09,002,0800000000,H,262.0,9000000340
5000000341,DE20,2025,2025-07-27,001,0140000000,S,3947.67,9000000341
5000000341,DE20,2025,2025-07-27,002,0800000000,H,3947.67,9000000341
5000000342,DE20,2025,2025-01-24,001,0140000000,S,601.92,9000000342
5000000342,DE20,2025,2025-01-24,002,0800000000,H,601.92,9000000342
5000000344,IN30,2026,2026-02-25,001,0140000000,S,110.25,9000000344
5000000344,IN30,2026,2026-02-25,002,0800000000,H,110.25,9000000344
5000000345,US10,2025,2025-03-21,001,0140000000,S,811.37,9000000345
5000000345,US10,2025,2025-03-21,002,0800000000,H,811.37,9000000345
5000000346,DE20,2025,2025-12-17,001,0140000000,S,277.7,9000000346
5000000346,DE20,2025,2025-12-17,002,0800000000,H,277.7,9000000346
5000000347,IN30,2024,2024-11-30,001,0140000000,S,216.99,9000000347
5000000347,IN30,2024,2024-11-30,002,0800000000,H,216.99,9000000347
5000000348,DE20,2025,2025-05-08,001,0140000000,S,4070.71,9000000348
5000000348,DE20,2025,2025-05-08,002,0800000000,H,4070.71,9000000348
5000000349,US10,2025,2025-04-14,001,0140000000,S,306.6,9000000349
5000000349,US10,2025,2025-04-14,002,0800000000,H,306.6,9000000349
5000000350,US10,2026,2026-04-21,001,0140000000,S,1540.85,9000000350
5000000350,US10,2026,2026-04-21,002,0800000000,H,1540.85,9000000350
5000000351,US10,2025,2025-12-13,001,0140000000,S,1563.56,9000000351
5000000351,US10,2025,2025-12-13,002,0800000000,H,1563.56,9000000351
5000000352,US10,2025,2025-09-24,001,0140000000,S,1589.83,9000000352
5000000352,US10,2025,2025-09-24,002,0800000000,H,1589.83,9000000352
5000000353,US10,2025,2025-08-02,001,0140000000,S,671.52,9000000353
5000000353,US10,2025,2025-08-02,002,0800000000,H,671.52,9000000353
5000000354,DE20,2025,2025-09-05,001,0140000000,S,5056.12,9000000354
5000000354,DE20,2025,2025-09-05,002,0800000000,H,5056.12,9000000354
5000000355,DE20,2025,2025-03-25,001,0140000000,S,2734.84,9000000355
5000000355,DE20,2025,2025-03-25,002,0800000000,H,2734.84,9000000355
5000000356,DE20,2026,2026-05-20,001,0140000000,H,2185.29,9000000356
5000000356,DE20,2026,2026-05-20,002,0801000000,S,2185.29,9000000356
5000000357,DE20,2026,2026-04-25,001,0140000000,S,4469.53,9000000357
5000000357,DE20,2026,2026-04-25,002,0800000000,H,4469.53,9000000357
5000000358,US10,2025,2025-06-29,001,0140000000,S,967.64,9000000358
5000000358,US10,2025,2025-06-29,002,0800000000,H,967.64,9000000358
5000000359,DE20,2025,2025-07-07,001,0140000000,S,523.05,9000000359
5000000359,DE20,2025,2025-07-07,002,0800000000,H,523.05,9000000359
5000000360,IN30,2026,2026-07-29,001,0140000000,S,601.71,9000000360
5000000360,IN30,2026,2026-07-29,002,0800000000,H,601.71,9000000360
5000000361,DE20,2024,2024-10-02,001,0140000000,H,54.52,9000000361
5000000361,DE20,2024,2024-10-02,002,0801000000,S,54.52,9000000361
5000000362,DE20,2026,2026-03-30,001,0140000000,H,615.61,9000000362
5000000362,DE20,2026,2026-03-30,002,0801000000,S,615.61,9000000362
5000000363,DE20,2025,2025-01-16,001,0140000000,S,99.26,9000000363
5000000363,DE20,2025,2025-01-16,002,0800000000,H,99.26,9000000363
5000000364,DE20,2025,2025-02-06,001,0140000000,S,2549.55,9000000364
5000000364,DE20,2025,2025-02-06,002,0800000000,H,2549.55,9000000364
5000000365,US10,2025,2025-05-30,001,0140000000,S,145.95,9000000365
5000000365,US10,2025,2025-05-30,002,0800000000,H,145.95,9000000365
5000000367,US10,2025,2025-05-07,001,0140000000,S,652.86,9000000367
5000000367,US10,2025,2025-05-07,002,0800000000,H,652.86,9000000367
5000000368,US10,2025,2025-09-27,001,0140000000,S,1950.26,9000000368
5000000368,US10,2025,2025-09-27,002,0800000000,H,1950.26,9000000368
5000000369,DE20,2025,2025-09-27,001,0140000000,S,2300.1,9000000369
5000000369,DE20,2025,2025-09-27,002,0800000000,H,2300.1,9000000369
5000000370,US10,2026,2026-07-20,001,0140000000,S,1900.11,9000000370
5000000370,US10,2026,2026-07-20,002,0800000000,H,1900.11,9000000370
5000000371,DE20,2025,2025-11-13,001,0140000000,S,2236.62,9000000371
5000000371,DE20,2025,2025-11-13,002,0800000000,H,2236.62,9000000371
5000000372,US10,2025,2025-04-02,001,0140000000,S,2000.52,9000000372
5000000372,US10,2025,2025-04-02,002,0800000000,H,2000.52,9000000372
5000000373,US10,2025,2025-12-24,001,0140000000,S,4939.43,9000000373
5000000373,US10,2025,2025-12-24,002,0800000000,H,4939.43,9000000373
5000000374,US10,2025,2025-10-30,001,0140000000,S,168.74,9000000374
5000000374,US10,2025,2025-10-30,002,0800000000,H,168.74,9000000374
5000000375,US10,2025,2025-04-25,001,0140000000,S,1019.17,9000000375
5000000375,US10,2025,2025-04-25,002,0800000000,H,1019.17,9000000375
5000000376,US10,2026,2026-02-25,001,0140000000,S,1357.8,9000000376
5000000376,US10,2026,2026-02-25,002,0800000000,H,1357.8,9000000376
5000000377,US10,2024,2024-09-21,001,0140000000,S,1516.14,9000000377
5000000377,US10,2024,2024-09-21,002,0800000000,H,1516.14,9000000377
5000000378,US10,2026,2026-09-06,001,0140000000,S,1778.54,9000000378
5000000378,US10,2026,2026-09-06,002,0800000000,H,1778.54,9000000378
5000000379,DE20,2026,2026-06-18,001,0140000000,S,61.62,9000000379
5000000379,DE20,2026,2026-06-18,002,0800000000,H,61.62,9000000379
5000000380,US10,2024,2024-11-01,001,0140000000,S,2588.23,9000000380
5000000380,US10,2024,2024-11-01,002,0800000000,H,2588.23,9000000380
5000000381,DE20,2026,2026-02-17,001,0140000000,S,14320.02,9000000381
5000000381,DE20,2026,2026-02-17,002,0800000000,H,14320.02,9000000381
5000000382,US10,2024,2024-12-22,001,0140000000,S,2999.54,9000000382
5000000382,US10,2024,2024-12-22,002,0800000000,H,2999.54,9000000382
5000000383,US10,2026,2026-09-11,001,0140000000,S,653.05,9000000383
5000000383,US10,2026,2026-09-11,002,0800000000,H,653.05,9000000383
5000000384,US10,2025,2025-08-15,001,0140000000,H,15.38,9000000384
5000000384,US10,2025,2025-08-15,002,0801000000,S,15.38,9000000384
5000000385,US10,2026,2026-03-13,001,0140000000,S,4152.76,9000000385
5000000385,US10,2026,2026-03-13,002,0800000000,H,4152.76,9000000385
5000000386,US10,2025,2025-03-23,001,0140000000,S,5305.75,9000000386
5000000386,US10,2025,2025-03-23,002,0800000000,H,5305.75,9000000386
5000000387,US10,2026,2026-01-07,001,0140000000,S,599.03,9000000387
5000000387,US10,2026,2026-01-07,002,0800000000,H,599.03,9000000387
5000000388,US10,2024,2024-10-07,001,0140000000,S,1843.56,9000000388
5000000388,US10,2024,2024-10-07,002,0800000000,H,1843.56,9000000388
5000000389,US10,2026,2026-04-23,001,0140000000,S,3648.04,9000000389
5000000389,US10,2026,2026-04-23,002,0800000000,H,3648.04,9000000389
5000000390,US10,2025,2025-04-02,001,0140000000,S,783.21,9000000390
5000000390,US10,2025,2025-04-02,002,0800000000,H,783.21,9000000390
5000000391,DE20,2025,2025-08-04,001,0140000000,S,2060.52,9000000391
5000000391,DE20,2025,2025-08-04,002,0800000000,H,2060.52,9000000391
5000000392,US10,2025,2025-09-15,001,0140000000,S,1960.94,9000000392
5000000392,US10,2025,2025-09-15,002,0800000000,H,1960.94,9000000392
5000000393,US10,2024,2024-10-21,001,0140000000,S,1891.66,9000000393
5000000393,US10,2024,2024-10-21,002,0800000000,H,1891.66,9000000393
5000000394,US10,2025,2025-01-19,001,0140000000,S,77.4,9000000394
5000000394,US10,2025,2025-01-19,002,0800000000,H,77.4,9000000394
5000000395,US10,2025,2025-06-23,001,0140000000,S,915.49,9000000395
5000000395,US10,2025,2025-06-23,002,0800000000,H,915.49,9000000395
5000000396,DE20,2025,2025-10-20,001,0140000000,S,571.2,9000000396
5000000396,DE20,2025,2025-10-20,002,0800000000,H,571.2,9000000396
5000000397,DE20,2026,2026-02-08,001,0140000000,S,642.85,9000000397
5000000397,DE20,2026,2026-02-08,002,0800000000,H,642.85,9000000397
5000000398,US10,2024,2024-12-26,001,0140000000,S,1066.24,9000000398
5000000398,US10,2024,2024-12-26,002,0800000000,H,1066.24,9000000398
5000000399,US10,2026,2026-05-14,001,0140000000,S,1225.07,9000000399
5000000399,US10,2026,2026-05-14,002,0800000000,H,1225.07,9000000399
5000000400,US10,2025,2025-06-07,001,0140000000,S,2092.77,9000000400
5000000400,US10,2025,2025-06-07,002,0800000000,H,2092.77,9000000400
5000000401,DE20,2025,2025-06-17,001,0140000000,S,1135.28,9000000401
5000000401,DE20,2025,2025-06-17,002,0800000000,H,1135.28,9000000401
5000000402,IN30,2025,2025-08-13,001,0140000000,S,1876.87,9000000402
5000000402,IN30,2025,2025-08-13,002,0800000000,H,1876.87,9000000402
5000000403,DE20,2025,2025-06-04,001,0140000000,S,7837.44,9000000403
5000000403,DE20,2025,2025-06-04,002,0800000000,H,7837.44,9000000403
5000000404,IN30,2024,2024-11-16,001,0140000000,S,3606.48,9000000404
5000000404,IN30,2024,2024-11-16,002,0800000000,H,3606.48,9000000404
5000000405,US10,2026,2026-07-29,001,0140000000,S,1845.95,9000000405
5000000405,US10,2026,2026-07-29,002,0800000000,H,1845.95,9000000405
5000000406,US10,2025,2025-11-21,001,0140000000,S,2055.26,9000000406
5000000406,US10,2025,2025-11-21,002,0800000000,H,2055.26,9000000406
5000000407,US10,2026,2026-03-24,001,0140000000,S,728.64,9000000407
5000000407,US10,2026,2026-03-24,002,0800000000,H,728.64,9000000407
5000000408,US10,2025,2025-01-09,001,0140000000,S,8709.07,9000000408
5000000408,US10,2025,2025-01-09,002,0800000000,H,8709.07,9000000408
5000000409,US10,2025,2025-09-10,001,0140000000,S,954.5,9000000409
5000000409,US10,2025,2025-09-10,002,0800000000,H,954.5,9000000409
5000000410,IN30,2025,2025-04-15,001,0140000000,S,4409.74,9000000410
5000000410,IN30,2025,2025-04-15,002,0800000000,H,4409.74,9000000410
5000000411,US10,2025,2025-03-31,001,0140000000,S,1089.38,9000000411
5000000411,US10,2025,2025-03-31,002,0800000000,H,1089.38,9000000411
5000000412,US10,2025,2025-07-04,001,0140000000,S,1214.09,9000000412
5000000412,US10,2025,2025-07-04,002,0800000000,H,1214.09,9000000412
5000000413,DE20,2025,2025-12-17,001,0140000000,S,922.2,9000000413
5000000413,DE20,2025,2025-12-17,002,0800000000,H,922.2,9000000413
5000000414,US10,2025,2025-08-17,001,0140000000,S,3573.54,9000000414
5000000414,US10,2025,2025-08-17,002,0800000000,H,3573.54,9000000414
5000000415,DE20,2026,2026-02-08,001,0140000000,S,2908.54,9000000415
5000000415,DE20,2026,2026-02-08,002,0800000000,H,2908.54,9000000415
5000000416,DE20,2026,2026-09-07,001,0140000000,S,564.24,9000000416
5000000416,DE20,2026,2026-09-07,002,0800000000,H,564.24,9000000416
5000000417,US10,2025,2025-11-20,001,0140000000,S,667.84,9000000417
5000000417,US10,2025,2025-11-20,002,0800000000,H,667.84,9000000417
5000000418,DE20,2026,2026-04-25,001,0140000000,S,9853.89,9000000418
5000000418,DE20,2026,2026-04-25,002,0800000000,H,9853.89,9000000418
5000000419,US10,2026,2026-08-15,001,0140000000,S,367.12,9000000419
5000000419,US10,2026,2026-08-15,002,0800000000,H,367.12,9000000419
5000000420,US10,2026,2026-08-26,001,0140000000,S,680.9,9000000420
5000000420,US10,2026,2026-08-26,002,0800000000,H,680.9,9000000420
5000000421,DE20,2025,2025-05-28,001,0140000000,S,2182.36,9000000421
5000000421,DE20,2025,2025-05-28,002,0800000000,H,2182.36,9000000421
5000000422,DE20,2026,2026-05-22,001,0140000000,S,2881.29,9000000422
5000000422,DE20,2026,2026-05-22,002,0800000000,H,2881.29,9000000422
5000000423,US10,2026,2026-02-06,001,0140000000,S,5908.25,9000000423
5000000423,US10,2026,2026-02-06,002,0800000000,H,5908.25,9000000423
5000000424,US10,2024,2024-09-30,001,0140000000,S,145.92,9000000424
5000000424,US10,2024,2024-09-30,002,0800000000,H,145.92,9000000424
5000000425,US10,2026,2026-05-06,001,0140000000,S,400.92,9000000425
5000000425,US10,2026,2026-05-06,002,0800000000,H,400.92,9000000425
5000000426,IN30,2026,2026-07-04,001,0140000000,S,1153.12,9000000426
5000000426,IN30,2026,2026-07-04,002,0800000000,H,1153.12,9000000426
5000000427,US10,2025,2025-05-22,001,0140000000,H,13.18,9000000427
5000000427,US10,2025,2025-05-22,002,0801000000,S,13.18,9000000427
5000000428,US10,2026,2026-03-04,001,0140000000,S,2644.23,9000000428
5000000428,US10,2026,2026-03-04,002,0800000000,H,2644.23,9000000428
5000000429,IN30,2026,2026-05-14,001,0140000000,S,5604.88,9000000429
5000000429,IN30,2026,2026-05-14,002,0800000000,H,5604.88,9000000429
5000000430,IN30,2025,2025-08-10,001,0140000000,S,880.75,9000000430
5000000430,IN30,2025,2025-08-10,002,0800000000,H,880.75,9000000430
5000000431,US10,2025,2025-12-24,001,0140000000,S,5860.31,9000000431
5000000431,US10,2025,2025-12-24,002,0800000000,H,5860.31,9000000431
5000000432,US10,2025,2025-06-21,001,0140000000,S,2829.39,9000000432
5000000432,US10,2025,2025-06-21,002,0800000000,H,2829.39,9000000432
5000000433,US10,2026,2026-07-23,001,0140000000,S,224.96,9000000433
5000000433,US10,2026,2026-07-23,002,0800000000,H,224.96,9000000433
5000000434,US10,2025,2025-10-08,001,0140000000,S,529.31,9000000434
5000000434,US10,2025,2025-10-08,002,0800000000,H,529.31,9000000434
5000000435,US10,2025,2025-03-13,001,0140000000,S,828.92,9000000435
5000000435,US10,2025,2025-03-13,002,0800000000,H,828.92,9000000435
5000000436,US10,2025,2025-07-26,001,0140000000,S,22872.87,9000000436
5000000436,US10,2025,2025-07-26,002,0800000000,H,22872.87,9000000436
5000000437,DE20,2025,2025-11-18,001,0140000000,S,3367.34,9000000437
5000000437,DE20,2025,2025-11-18,002,0800000000,H,3367.34,9000000437
5000000438,IN30,2025,2025-06-21,001,0140000000,S,24.54,9000000438
5000000438,IN30,2025,2025-06-21,002,0800000000,H,24.54,9000000438
5000000439,US10,2025,2025-12-23,001,0140000000,S,1835.14,9000000439
5000000439,US10,2025,2025-12-23,002,0800000000,H,1835.14,9000000439
5000000440,US10,2025,2025-05-10,001,0140000000,S,1081.02,9000000440
5000000440,US10,2025,2025-05-10,002,0800000000,H,1081.02,9000000440
5000000441,DE20,2025,2025-09-11,001,0140000000,H,667.18,9000000441
5000000441,DE20,2025,2025-09-11,002,0801000000,S,667.18,9000000441
5000000442,US10,2024,2024-11-17,001,0140000000,S,377.95,9000000442
5000000442,US10,2024,2024-11-17,002,0800000000,H,377.95,9000000442
5000000443,DE20,2025,2025-05-10,001,0140000000,S,744.25,9000000443
5000000443,DE20,2025,2025-05-10,002,0800000000,H,744.25,9000000443
5000000444,US10,2024,2024-12-10,001,0140000000,S,3039.38,9000000444
5000000444,US10,2024,2024-12-10,002,0800000000,H,3039.38,9000000444
5000000445,US10,2025,2025-09-05,001,0140000000,S,1800.81,9000000445
5000000445,US10,2025,2025-09-05,002,0800000000,H,1800.81,9000000445
5000000446,US10,2025,2025-05-13,001,0140000000,S,1991.22,9000000446
5000000446,US10,2025,2025-05-13,002,0800000000,H,1991.22,9000000446
5000000447,US10,2025,2025-06-21,001,0140000000,S,2928.42,9000000447
5000000447,US10,2025,2025-06-21,002,0800000000,H,2928.42,9000000447
5000000448,DE20,2024,2024-10-12,001,0140000000,S,6138.31,9000000448
5000000448,DE20,2024,2024-10-12,002,0800000000,H,6138.31,9000000448
5000000449,US10,2025,2025-02-20,001,0140000000,S,1225.44,9000000449
5000000449,US10,2025,2025-02-20,002,0800000000,H,1225.44,9000000449
5000000450,DE20,2024,2024-09-25,001,0140000000,S,1385.81,9000000450
5000000450,DE20,2024,2024-09-25,002,0800000000,H,1385.81,9000000450
5000000451,IN30,2025,2025-11-19,001,0140000000,S,2873.17,9000000451
5000000451,IN30,2025,2025-11-19,002,0800000000,H,2873.17,9000000451
5000000452,DE20,2024,2024-10-15,001,0140000000,S,8989.58,9000000452
5000000452,DE20,2024,2024-10-15,002,0800000000,H,8989.58,9000000452
5000000453,US10,2025,2025-11-07,001,0140000000,S,8909.71,9000000453
5000000453,US10,2025,2025-11-07,002,0800000000,H,8909.71,9000000453
5000000454,IN30,2026,2026-07-16,001,0140000000,H,433.65,9000000454
5000000454,IN30,2026,2026-07-16,002,0801000000,S,433.65,9000000454
5000000455,DE20,2024,2024-10-30,001,0140000000,S,2627.68,9000000455
5000000455,DE20,2024,2024-10-30,002,0800000000,H,2627.68,9000000455
5000000456,DE20,2025,2025-08-28,001,0140000000,S,668.4,9000000456
5000000456,DE20,2025,2025-08-28,002,0800000000,H,668.4,9000000456
5000000457,US10,2026,2026-05-17,001,0140000000,S,1050.96,9000000457
5000000457,US10,2026,2026-05-17,002,0800000000,H,1050.96,9000000457
5000000458,US10,2025,2025-03-07,001,0140000000,S,8070.74,9000000458
5000000458,US10,2025,2025-03-07,002,0800000000,H,8070.74,9000000458
5000000459,US10,2024,2024-12-19,001,0140000000,S,1795.62,9000000459
5000000459,US10,2024,2024-12-19,002,0800000000,H,1795.62,9000000459
5000000460,US10,2026,2026-02-09,001,0140000000,S,1798.03,9000000460
5000000460,US10,2026,2026-02-09,002,0800000000,H,1798.03,9000000460
5000000461,US10,2026,2026-03-26,001,0140000000,S,1199.92,9000000461
5000000461,US10,2026,2026-03-26,002,0800000000,H,1199.92,9000000461
5000000462,DE20,2025,2025-07-27,001,0140000000,S,1448.5,9000000462
5000000462,DE20,2025,2025-07-27,002,0800000000,H,1448.5,9000000462
5000000463,DE20,2025,2025-05-26,001,0140000000,S,2615.49,9000000463
5000000463,DE20,2025,2025-05-26,002,0800000000,H,2615.49,9000000463
5000000464,US10,2026,2026-09-08,001,0140000000,S,667.15,9000000464
5000000464,US10,2026,2026-09-08,002,0800000000,H,667.15,9000000464
5000000465,IN30,2025,2025-03-20,001,0140000000,S,4805.82,9000000465
5000000465,IN30,2025,2025-03-20,002,0800000000,H,4805.82,9000000465
5000000466,US10,2026,2026-04-27,001,0140000000,S,102.0,9000000466
5000000466,US10,2026,2026-04-27,002,0800000000,H,102.0,9000000466
5000000467,US10,2026,2026-04-27,001,0140000000,S,938.82,9000000467
5000000467,US10,2026,2026-04-27,002,0800000000,H,938.82,9000000467
5000000468,US10,2025,2025-08-13,001,0140000000,S,634.08,9000000468
5000000468,US10,2025,2025-08-13,002,0800000000,H,634.08,9000000468
5000000469,DE20,2026,2026-04-10,001,0140000000,S,79.95,9000000469
5000000469,DE20,2026,2026-04-10,002,0800000000,H,79.95,9000000469
5000000470,DE20,2025,2025-05-10,001,0140000000,S,216.49,9000000470
5000000470,DE20,2025,2025-05-10,002,0800000000,H,216.49,9000000470
5000000471,US10,2026,2026-07-08,001,0140000000,S,1606.09,9000000471
5000000471,US10,2026,2026-07-08,002,0800000000,H,1606.09,9000000471
5000000472,US10,2026,2026-03-17,001,0140000000,S,312.33,9000000472
5000000472,US10,2026,2026-03-17,002,0800000000,H,312.33,9000000472
5000000473,US10,2025,2025-12-14,001,0140000000,S,684.3,9000000473
5000000473,US10,2025,2025-12-14,002,0800000000,H,684.3,9000000473
5000000474,US10,2026,2026-05-20,001,0140000000,S,1723.83,9000000474
5000000474,US10,2026,2026-05-20,002,0800000000,H,1723.83,9000000474
5000000475,US10,2026,2026-01-26,001,0140000000,S,3642.3,9000000475
5000000475,US10,2026,2026-01-26,002,0800000000,H,3642.3,9000000475
5000000476,US10,2026,2026-06-10,001,0140000000,S,1559.78,9000000476
5000000476,US10,2026,2026-06-10,002,0800000000,H,1559.78,9000000476
5000000477,US10,2025,2025-06-01,001,0140000000,S,1605.89,9000000477
5000000477,US10,2025,2025-06-01,002,0800000000,H,1605.89,9000000477
5000000478,DE20,2025,2025-06-18,001,0140000000,S,2701.94,9000000478
5000000478,DE20,2025,2025-06-18,002,0800000000,H,2701.94,9000000478
5000000479,US10,2026,2026-08-08,001,0140000000,S,5005.05,9000000479
5000000479,US10,2026,2026-08-08,002,0800000000,H,5005.05,9000000479
5000000480,DE20,2025,2025-07-29,001,0140000000,S,1065.27,9000000480
5000000480,DE20,2025,2025-07-29,002,0800000000,H,1065.27,9000000480
5000000481,IN30,2025,2025-05-02,001,0140000000,S,5719.95,9000000481
5000000481,IN30,2025,2025-05-02,002,0800000000,H,5719.95,9000000481
5000000482,US10,2026,2026-05-01,001,0140000000,S,1775.7,9000000482
5000000482,US10,2026,2026-05-01,002,0800000000,H,1775.7,9000000482
5000000483,US10,2025,2025-05-30,001,0140000000,S,1688.92,9000000483
5000000483,US10,2025,2025-05-30,002,0800000000,H,1688.92,9000000483
5000000484,DE20,2025,2025-07-17,001,0140000000,H,738.64,9000000484
5000000484,DE20,2025,2025-07-17,002,0801000000,S,738.64,9000000484
5000000485,US10,2025,2025-11-08,001,0140000000,S,1210.0,9000000485
5000000485,US10,2025,2025-11-08,002,0800000000,H,1210.0,9000000485
5000000486,DE20,2024,2024-11-20,001,0140000000,S,3387.39,9000000486
5000000486,DE20,2024,2024-11-20,002,0800000000,H,3387.39,9000000486
5000000487,IN30,2025,2025-12-07,001,0140000000,S,2549.05,9000000487
5000000487,IN30,2025,2025-12-07,002,0800000000,H,2549.05,9000000487
5000000488,IN30,2024,2024-10-20,001,0140000000,S,2581.14,9000000488
5000000488,IN30,2024,2024-10-20,002,0800000000,H,2581.14,9000000488
5000000489,DE20,2024,2024-11-22,001,0140000000,S,3678.41,9000000489
5000000489,DE20,2024,2024-11-22,002,0800000000,H,3678.41,9000000489
5000000490,IN30,2025,2025-04-17,001,0140000000,S,231.0,9000000490
5000000490,IN30,2025,2025-04-17,002,0800000000,H,231.0,9000000490
5000000491,US10,2025,2025-07-28,001,0140000000,S,4379.71,9000000491
5000000491,US10,2025,2025-07-28,002,0800000000,H,4379.71,9000000491
5000000492,US10,2026,2026-04-24,001,0140000000,S,393.3,9000000492
5000000492,US10,2026,2026-04-24,002,0800000000,H,393.3,9000000492
5000000493,US10,2026,2026-04-22,001,0140000000,S,776.65,9000000493
5000000493,US10,2026,2026-04-22,002,0800000000,H,776.65,9000000493
5000000494,IN30,2026,2026-03-11,001,0140000000,S,200.96,9000000494
5000000494,IN30,2026,2026-03-11,002,0800000000,H,200.96,9000000494
5000000495,US10,2026,2026-03-04,001,0140000000,H,101.67,9000000495
5000000495,US10,2026,2026-03-04,002,0801000000,S,101.67,9000000495
5000000496,IN30,2024,2024-11-22,001,0140000000,S,232.3,9000000496
5000000496,IN30,2024,2024-11-22,002,0800000000,H,232.3,9000000496
5000000497,DE20,2025,2025-06-01,001,0140000000,S,1394.98,9000000497
5000000497,DE20,2025,2025-06-01,002,0800000000,H,1394.98,9000000497
5000000498,US10,2026,2026-03-15,001,0140000000,S,7578.51,9000000498
5000000498,US10,2026,2026-03-15,002,0800000000,H,7578.51,9000000498
5000000499,US10,2024,2024-10-06,001,0140000000,S,72.45,9000000499
5000000499,US10,2024,2024-10-06,002,0800000000,H,72.45,9000000499
5000000500,US10,2025,2025-03-13,001,0140000000,S,130.64,9000000500
5000000500,US10,2025,2025-03-13,002,0800000000,H,130.64,9000000500
5000000501,US10,2024,2024-10-02,001,0140000000,S,2373.91,9000000501
5000000501,US10,2024,2024-10-02,002,0800000000,H,2373.91,9000000501
5000000502,IN30,2025,2025-05-11,001,0140000000,S,2135.78,9000000502
5000000502,IN30,2025,2025-05-11,002,0800000000,H,2135.78,9000000502
5000000503,US10,2025,2025-05-12,001,0140000000,S,1032.33,9000000503
5000000503,US10,2025,2025-05-12,002,0800000000,H,1032.33,9000000503
5000000504,IN30,2025,2025-09-05,001,0140000000,H,205.91,9000000504
5000000504,IN30,2025,2025-09-05,002,0801000000,S,205.91,9000000504
5000000505,US10,2025,2025-01-22,001,0140000000,S,4551.6,9000000505
5000000505,US10,2025,2025-01-22,002,0800000000,H,4551.6,9000000505
5000000506,US10,2025,2025-10-18,001,0140000000,S,1697.38,9000000506
5000000506,US10,2025,2025-10-18,002,0800000000,H,1697.38,9000000506
5000000507,US10,2024,2024-12-14,001,0140000000,H,237.1,9000000507
5000000507,US10,2024,2024-12-14,002,0801000000,S,237.1,9000000507
5000000508,US10,2026,2026-04-14,001,0140000000,S,4019.33,9000000508
5000000508,US10,2026,2026-04-14,002,0800000000,H,4019.33,9000000508
5000000509,DE20,2026,2026-05-17,001,0140000000,S,3588.27,9000000509
5000000509,DE20,2026,2026-05-17,002,0800000000,H,3588.27,9000000509
5000000510,US10,2025,2025-07-15,001,0140000000,S,3819.84,9000000510
5000000510,US10,2025,2025-07-15,002,0800000000,H,3819.84,9000000510
5000000511,DE20,2026,2026-06-26,001,0140000000,H,609.67,9000000511
5000000511,DE20,2026,2026-06-26,002,0801000000,S,609.67,9000000511
5000000512,IN30,2026,2026-01-16,001,0140000000,S,2064.76,9000000512
5000000512,IN30,2026,2026-01-16,002,0800000000,H,2064.76,9000000512
5000000513,IN30,2025,2025-11-02,001,0140000000,S,2597.22,9000000513
5000000513,IN30,2025,2025-11-02,002,0800000000,H,2597.22,9000000513
5000000514,DE20,2025,2025-12-28,001,0140000000,S,5523.61,9000000514
5000000514,DE20,2025,2025-12-28,002,0800000000,H,5523.61,9000000514
5000000515,DE20,2025,2025-08-09,001,0140000000,S,4947.73,9000000515
5000000515,DE20,2025,2025-08-09,002,0800000000,H,4947.73,9000000515
5000000516,US10,2026,2026-07-06,001,0140000000,S,1881.64,9000000516
5000000516,US10,2026,2026-07-06,002,0800000000,H,1881.64,9000000516
5000000517,US10,2025,2025-03-03,001,0140000000,H,271.0,9000000517
5000000517,US10,2025,2025-03-03,002,0801000000,S,271.0,9000000517
5000000518,US10,2026,2026-06-14,001,0140000000,S,144.34,9000000518
5000000518,US10,2026,2026-06-14,002,0800000000,H,144.34,9000000518
5000000519,IN30,2025,2025-06-26,001,0140000000,S,526.68,9000000519
5000000519,IN30,2025,2025-06-26,002,0800000000,H,526.68,9000000519
5000000520,US10,2025,2025-10-23,001,0140000000,S,749.88,9000000520
5000000520,US10,2025,2025-10-23,002,0800000000,H,749.88,9000000520
5000000521,DE20,2025,2025-12-15,001,0140000000,S,3657.93,9000000521
5000000521,DE20,2025,2025-12-15,002,0800000000,H,3657.93,9000000521
5000000522,DE20,2025,2025-06-08,001,0140000000,S,1756.65,9000000522
5000000522,DE20,2025,2025-06-08,002,0800000000,H,1756.65,9000000522
5000000523,IN30,2026,2026-09-08,001,0140000000,S,3013.35,9000000523
5000000523,IN30,2026,2026-09-08,002,0800000000,H,3013.35,9000000523
5000000524,IN30,2026,2026-05-31,001,0140000000,S,1091.95,9000000524
5000000524,IN30,2026,2026-05-31,002,0800000000,H,1091.95,9000000524
5000000525,US10,2025,2025-06-24,001,0140000000,S,1203.69,9000000525
5000000525,US10,2025,2025-06-24,002,0800000000,H,1203.69,9000000525
5000000526,DE20,2025,2025-05-23,001,0140000000,S,787.36,9000000526
5000000526,DE20,2025,2025-05-23,002,0800000000,H,787.36,9000000526
5000000527,IN30,2026,2026-06-27,001,0140000000,S,998.43,9000000527
5000000527,IN30,2026,2026-06-27,002,0800000000,H,998.43,9000000527
5000000529,US10,2025,2025-06-09,001,0140000000,S,2391.22,9000000529
5000000529,US10,2025,2025-06-09,002,0800000000,H,2391.22,9000000529
5000000530,IN30,2024,2024-12-20,001,0140000000,S,1580.82,9000000530
5000000530,IN30,2024,2024-12-20,002,0800000000,H,1580.82,9000000530
5000000531,US10,2025,2025-10-14,001,0140000000,S,6251.33,9000000531
5000000531,US10,2025,2025-10-14,002,0800000000,H,6251.33,9000000531
5000000532,IN30,2025,2025-08-20,001,0140000000,S,742.9,9000000532
5000000532,IN30,2025,2025-08-20,002,0800000000,H,742.9,9000000532
5000000533,US10,2025,2025-08-06,001,0140000000,S,6953.0,9000000533
5000000533,US10,2025,2025-08-06,002,0800000000,H,6953.0,9000000533
5000000534,US10,2025,2025-12-04,001,0140000000,S,3961.27,9000000534
5000000534,US10,2025,2025-12-04,002,0800000000,H,3961.27,9000000534
5000000535,US10,2024,2024-09-29,001,0140000000,S,284.24,9000000535
5000000535,US10,2024,2024-09-29,002,0800000000,H,284.24,9000000535
5000000536,DE20,2025,2025-11-03,001,0140000000,H,428.63,9000000536
5000000536,DE20,2025,2025-11-03,002,0801000000,S,428.63,9000000536
5000000537,US10,2026,2026-01-29,001,0140000000,H,1982.56,9000000537
5000000537,US10,2026,2026-01-29,002,0801000000,S,1982.56,9000000537
5000000538,US10,2025,2025-10-25,001,0140000000,S,9879.07,9000000538
5000000538,US10,2025,2025-10-25,002,0800000000,H,9879.07,9000000538
5000000539,US10,2024,2024-09-20,001,0140000000,S,4212.87,9000000539
5000000539,US10,2024,2024-09-20,002,0800000000,H,4212.87,9000000539
5000000540,US10,2025,2025-11-09,001,0140000000,S,214.5,9000000540
5000000540,US10,2025,2025-11-09,002,0800000000,H,214.5,9000000540
5000000541,DE20,2026,2026-07-22,001,0140000000,S,117.8,9000000541
5000000541,DE20,2026,2026-07-22,002,0800000000,H,117.8,9000000541
5000000542,IN30,2026,2026-01-28,001,0140000000,S,5653.05,9000000542
5000000542,IN30,2026,2026-01-28,002,0800000000,H,5653.05,9000000542
5000000543,US10,2025,2025-09-30,001,0140000000,S,2125.83,9000000543
5000000543,US10,2025,2025-09-30,002,0800000000,H,2125.83,9000000543
5000000544,IN30,2025,2025-06-16,001,0140000000,S,1910.7,9000000544
5000000544,IN30,2025,2025-06-16,002,0800000000,H,1910.7,9000000544
5000000545,US10,2025,2025-02-22,001,0140000000,S,1520.99,9000000545
5000000545,US10,2025,2025-02-22,002,0800000000,H,1520.99,9000000545
5000000546,DE20,2025,2025-08-19,001,0140000000,S,3599.54,9000000546
5000000546,DE20,2025,2025-08-19,002,0800000000,H,3599.54,9000000546
5000000547,US10,2026,2026-08-21,001,0140000000,S,1023.22,9000000547
5000000547,US10,2026,2026-08-21,002,0800000000,H,1023.22,9000000547
5000000548,IN30,2025,2025-01-03,001,0140000000,S,1005.98,9000000548
5000000548,IN30,2025,2025-01-03,002,0800000000,H,1005.98,9000000548
5000000549,US10,2025,2025-12-13,001,0140000000,S,2594.58,9000000549
5000000549,US10,2025,2025-12-13,002,0800000000,H,2594.58,9000000549
5000000550,US10,2025,2025-10-06,001,0140000000,S,379.26,9000000550
5000000550,US10,2025,2025-10-06,002,0800000000,H,379.26,9000000550
5000000551,DE20,2024,2024-11-23,001,0140000000,S,59.72,9000000551
5000000551,DE20,2024,2024-11-23,002,0800000000,H,59.72,9000000551
5000000552,IN30,2025,2025-03-13,001,0140000000,S,549.1,9000000552
5000000552,IN30,2025,2025-03-13,002,0800000000,H,549.1,9000000552
5000000553,US10,2025,2025-03-28,001,0140000000,S,2241.39,9000000553
5000000553,US10,2025,2025-03-28,002,0800000000,H,2241.39,9000000553
5000000554,IN30,2024,2024-11-19,001,0140000000,S,987.2,9000000554
5000000554,IN30,2024,2024-11-19,002,0800000000,H,987.2,9000000554
5000000555,IN30,2024,2024-11-23,001,0140000000,S,912.33,9000000555
5000000555,IN30,2024,2024-11-23,002,0800000000,H,912.33,9000000555
5000000556,US10,2026,2026-05-14,001,0140000000,H,316.41,9000000556
5000000556,US10,2026,2026-05-14,002,0801000000,S,316.41,9000000556
5000000557,US10,2025,2025-05-04,001,0140000000,S,716.18,9000000557
5000000557,US10,2025,2025-05-04,002,0800000000,H,716.18,9000000557
5000000558,DE20,2026,2026-01-20,001,0140000000,S,2688.9,9000000558
5000000558,DE20,2026,2026-01-20,002,0800000000,H,2688.9,9000000558
5000000559,US10,2025,2025-09-27,001,0140000000,S,2984.4,9000000559
5000000559,US10,2025,2025-09-27,002,0800000000,H,2984.4,9000000559
5000000560,IN30,2025,2025-08-12,001,0140000000,S,1046.28,9000000560
5000000560,IN30,2025,2025-08-12,002,0800000000,H,1046.28,9000000560
5000000561,US10,2024,2024-10-13,001,0140000000,S,6745.44,9000000561
5000000561,US10,2024,2024-10-13,002,0800000000,H,6745.44,9000000561
5000000562,US10,2024,2024-12-17,001,0140000000,S,579.48,9000000562
5000000562,US10,2024,2024-12-17,002,0800000000,H,579.48,9000000562
5000000563,IN30,2026,2026-05-04,001,0140000000,S,3770.19,9000000563
5000000563,IN30,2026,2026-05-04,002,0800000000,H,3770.19,9000000563
5000000564,US10,2026,2026-02-10,001,0140000000,S,756.13,9000000564
5000000564,US10,2026,2026-02-10,002,0800000000,H,756.13,9000000564
5000000565,US10,2026,2026-08-17,001,0140000000,S,541.8,9000000565
5000000565,US10,2026,2026-08-17,002,0800000000,H,541.8,9000000565
5000000566,US10,2026,2026-02-05,001,0140000000,H,2117.78,9000000566
5000000566,US10,2026,2026-02-05,002,0801000000,S,2117.78,9000000566
5000000567,US10,2025,2025-02-28,001,0140000000,S,8041.4,9000000567
5000000567,US10,2025,2025-02-28,002,0800000000,H,8041.4,9000000567
5000000568,DE20,2025,2025-11-14,001,0140000000,S,2989.68,9000000568
5000000568,DE20,2025,2025-11-14,002,0800000000,H,2989.68,9000000568
5000000569,IN30,2026,2026-01-15,001,0140000000,S,4650.27,9000000569
5000000569,IN30,2026,2026-01-15,002,0800000000,H,4650.27,9000000569
5000000570,US10,2025,2025-04-05,001,0140000000,S,4176.66,9000000570
5000000570,US10,2025,2025-04-05,002,0800000000,H,4176.66,9000000570
5000000571,DE20,2025,2025-07-14,001,0140000000,S,179.27,9000000571
5000000571,DE20,2025,2025-07-14,002,0800000000,H,179.27,9000000571
5000000572,US10,2026,2026-04-22,001,0140000000,S,328.16,9000000572
5000000572,US10,2026,2026-04-22,002,0800000000,H,328.16,9000000572
5000000573,US10,2025,2025-02-16,001,0140000000,S,1917.02,9000000573
5000000573,US10,2025,2025-02-16,002,0800000000,H,1917.02,9000000573
5000000574,DE20,2024,2024-10-07,001,0140000000,S,3189.34,9000000574
5000000574,DE20,2024,2024-10-07,002,0800000000,H,3189.34,9000000574
5000000575,US10,2026,2026-07-05,001,0140000000,S,2982.31,9000000575
5000000575,US10,2026,2026-07-05,002,0800000000,H,2982.31,9000000575
5000000576,US10,2025,2025-05-20,001,0140000000,S,1445.96,9000000576
5000000576,US10,2025,2025-05-20,002,0800000000,H,1445.96,9000000576
5000000577,US10,2025,2025-12-03,001,0140000000,S,3400.52,9000000577
5000000577,US10,2025,2025-12-03,002,0800000000,H,3400.52,9000000577
5000000578,US10,2026,2026-08-31,001,0140000000,S,1635.79,9000000578
5000000578,US10,2026,2026-08-31,002,0800000000,H,1635.79,9000000578
5000000579,US10,2025,2025-02-09,001,0140000000,H,429.88,9000000579
5000000579,US10,2025,2025-02-09,002,0801000000,S,429.88,9000000579
5000000580,US10,2025,2025-03-25,001,0140000000,S,782.87,9000000580
5000000580,US10,2025,2025-03-25,002,0800000000,H,782.87,9000000580
5000000581,US10,2025,2025-05-19,001,0140000000,S,370.6,9000000581
5000000581,US10,2025,2025-05-19,002,0800000000,H,370.6,9000000581
5000000582,US10,2025,2025-04-11,001,0140000000,S,1749.72,9000000582
5000000582,US10,2025,2025-04-11,002,0800000000,H,1749.72,9000000582
5000000584,DE20,2024,2024-09-30,001,0140000000,S,979.7,9000000584
5000000584,DE20,2024,2024-09-30,002,0800000000,H,979.7,9000000584
5000000585,US10,2026,2026-04-27,001,0140000000,S,341.37,9000000585
5000000585,US10,2026,2026-04-27,002,0800000000,H,341.37,9000000585
5000000586,IN30,2025,2025-02-22,001,0140000000,H,179.87,9000000586
5000000586,IN30,2025,2025-02-22,002,0801000000,S,179.87,9000000586
5000000587,US10,2025,2025-06-30,001,0140000000,H,476.54,9000000587
5000000587,US10,2025,2025-06-30,002,0801000000,S,476.54,9000000587
5000000588,DE20,2025,2025-06-19,001,0140000000,S,276.22,9000000588
5000000588,DE20,2025,2025-06-19,002,0800000000,H,276.22,9000000588
5000000589,US10,2026,2026-02-11,001,0140000000,S,2342.16,9000000589
5000000589,US10,2026,2026-02-11,002,0800000000,H,2342.16,9000000589
5000000590,US10,2026,2026-06-07,001,0140000000,S,933.24,9000000590
5000000590,US10,2026,2026-06-07,002,0800000000,H,933.24,9000000590
5000000591,DE20,2026,2026-08-12,001,0140000000,S,3184.58,9000000591
5000000591,DE20,2026,2026-08-12,002,0800000000,H,3184.58,9000000591
5000000592,DE20,2025,2025-03-26,001,0140000000,S,1105.3,9000000592
5000000592,DE20,2025,2025-03-26,002,0800000000,H,1105.3,9000000592
5000000593,US10,2024,2024-12-08,001,0140000000,S,376.8,9000000593
5000000593,US10,2024,2024-12-08,002,0800000000,H,376.8,9000000593
5000000594,DE20,2025,2025-12-05,001,0140000000,S,629.62,9000000594
5000000594,DE20,2025,2025-12-05,002,0800000000,H,629.62,9000000594
5000000595,US10,2024,2024-11-02,001,0140000000,S,3728.5,9000000595
5000000595,US10,2024,2024-11-02,002,0800000000,H,3728.5,9000000595
5000000596,US10,2025,2025-02-05,001,0140000000,S,7401.6,9000000596
5000000596,US10,2025,2025-02-05,002,0800000000,H,7401.6,9000000596
5000000597,US10,2025,2025-07-09,001,0140000000,S,3524.61,9000000597
5000000597,US10,2025,2025-07-09,002,0800000000,H,3524.61,9000000597
5000000598,DE20,2026,2026-05-20,001,0140000000,S,342.24,9000000598
5000000598,DE20,2026,2026-05-20,002,0800000000,H,342.24,9000000598
5000000599,US10,2025,2025-11-20,001,0140000000,S,5882.17,9000000599
5000000599,US10,2025,2025-11-20,002,0800000000,H,5882.17,9000000599
5000000600,US10,2026,2026-03-18,001,0140000000,S,339.01,9000000600
5000000600,US10,2026,2026-03-18,002,0800000000,H,339.01,9000000600
5000000601,US10,2026,2026-01-14,001,0140000000,S,52.05,9000000601
5000000601,US10,2026,2026-01-14,002,0800000000,H,52.05,9000000601
5000000602,IN30,2026,2026-04-12,001,0140000000,S,668.58,9000000602
5000000602,IN30,2026,2026-04-12,002,0800000000,H,668.58,9000000602
5000000603,DE20,2026,2026-03-09,001,0140000000,S,140.66,9000000603
5000000603,DE20,2026,2026-03-09,002,0800000000,H,140.66,9000000603
5000000604,DE20,2026,2026-04-30,001,0140000000,S,1455.2,9000000604
5000000604,DE20,2026,2026-04-30,002,0800000000,H,1455.2,9000000604
5000000605,US10,2025,2025-03-07,001,0140000000,S,557.41,9000000605
5000000605,US10,2025,2025-03-07,002,0800000000,H,557.41,9000000605
5000000606,DE20,2026,2026-05-09,001,0140000000,S,784.35,9000000606
5000000606,DE20,2026,2026-05-09,002,0800000000,H,784.35,9000000606
5000000607,DE20,2024,2024-12-12,001,0140000000,S,1362.36,9000000607
5000000607,DE20,2024,2024-12-12,002,0800000000,H,1362.36,9000000607
5000000609,US10,2024,2024-09-25,001,0140000000,S,792.36,9000000609
5000000609,US10,2024,2024-09-25,002,0800000000,H,792.36,9000000609
5000000610,IN30,2026,2026-03-04,001,0140000000,S,971.72,9000000610
5000000610,IN30,2026,2026-03-04,002,0800000000,H,971.72,9000000610
5000000611,US10,2026,2026-03-06,001,0140000000,S,6456.02,9000000611
5000000611,US10,2026,2026-03-06,002,0800000000,H,6456.02,9000000611
5000000612,US10,2026,2026-04-14,001,0140000000,S,4025.89,9000000612
5000000612,US10,2026,2026-04-14,002,0800000000,H,4025.89,9000000612
5000000613,US10,2025,2025-06-16,001,0140000000,S,2544.06,9000000613
5000000613,US10,2025,2025-06-16,002,0800000000,H,2544.06,9000000613
5000000614,DE20,2026,2026-01-30,001,0140000000,S,4324.74,9000000614
5000000614,DE20,2026,2026-01-30,002,0800000000,H,4324.74,9000000614
5000000615,DE20,2026,2026-03-12,001,0140000000,S,4551.43,9000000615
5000000615,DE20,2026,2026-03-12,002,0800000000,H,4551.43,9000000615
5000000616,US10,2025,2025-03-01,001,0140000000,H,43.73,9000000616
5000000616,US10,2025,2025-03-01,002,0801000000,S,43.73,9000000616
5000000617,IN30,2024,2024-12-15,001,0140000000,S,2037.59,9000000617
5000000617,IN30,2024,2024-12-15,002,0800000000,H,2037.59,9000000617
5000000618,US10,2024,2024-10-31,001,0140000000,S,4713.7,9000000618
5000000618,US10,2024,2024-10-31,002,0800000000,H,4713.7,9000000618
5000000619,US10,2025,2025-04-28,001,0140000000,H,684.2,9000000619
5000000619,US10,2025,2025-04-28,002,0801000000,S,684.2,9000000619
5000000620,DE20,2026,2026-04-04,001,0140000000,S,85.35,9000000620
5000000620,DE20,2026,2026-04-04,002,0800000000,H,85.35,9000000620
5000000621,DE20,2025,2025-03-04,001,0140000000,S,120.0,9000000621
5000000621,DE20,2025,2025-03-04,002,0800000000,H,120.0,9000000621
5000000622,US10,2026,2026-05-19,001,0140000000,S,266.4,9000000622
5000000622,US10,2026,2026-05-19,002,0800000000,H,266.4,9000000622
5000000623,US10,2026,2026-01-05,001,0140000000,S,4012.64,9000000623
5000000623,US10,2026,2026-01-05,002,0800000000,H,4012.64,9000000623
5000000625,US10,2025,2025-04-08,001,0140000000,H,427.2,9000000625
5000000625,US10,2025,2025-04-08,002,0801000000,S,427.2,9000000625
5000000626,DE20,2026,2026-08-27,001,0140000000,S,33.76,9000000626
5000000626,DE20,2026,2026-08-27,002,0800000000,H,33.76,9000000626
5000000627,DE20,2026,2026-04-06,001,0140000000,H,473.75,9000000627
5000000627,DE20,2026,2026-04-06,002,0801000000,S,473.75,9000000627
5000000628,DE20,2024,2024-10-23,001,0140000000,S,4376.44,9000000628
5000000628,DE20,2024,2024-10-23,002,0800000000,H,4376.44,9000000628
5000000629,DE20,2024,2024-12-13,001,0140000000,S,1353.94,9000000629
5000000629,DE20,2024,2024-12-13,002,0800000000,H,1353.94,9000000629
5000000630,US10,2025,2025-05-15,001,0140000000,S,1864.4,9000000630
5000000630,US10,2025,2025-05-15,002,0800000000,H,1864.4,9000000630
5000000631,DE20,2025,2025-11-20,001,0140000000,S,1600.2,9000000631
5000000631,DE20,2025,2025-11-20,002,0800000000,H,1600.2,9000000631
5000000632,US10,2026,2026-08-27,001,0140000000,S,5870.9,9000000632
5000000632,US10,2026,2026-08-27,002,0800000000,H,5870.9,9000000632
5000000633,US10,2026,2026-06-05,001,0140000000,S,1415.62,9000000633
5000000633,US10,2026,2026-06-05,002,0800000000,H,1415.62,9000000633
5000000634,US10,2025,2025-05-03,001,0140000000,H,16.55,9000000634
5000000634,US10,2025,2025-05-03,002,0801000000,S,16.55,9000000634
5000000635,DE20,2025,2025-11-18,001,0140000000,S,1337.19,9000000635
5000000635,DE20,2025,2025-11-18,002,0800000000,H,1337.19,9000000635
5000000636,US10,2025,2025-09-17,001,0140000000,S,1556.27,9000000636
5000000636,US10,2025,2025-09-17,002,0800000000,H,1556.27,9000000636
5000000638,US10,2025,2025-04-13,001,0140000000,H,2.98,9000000638
5000000638,US10,2025,2025-04-13,002,0801000000,S,2.98,9000000638
5000000639,IN30,2025,2025-09-17,001,0140000000,S,3116.88,9000000639
5000000639,IN30,2025,2025-09-17,002,0800000000,H,3116.88,9000000639
5000000640,US10,2025,2025-09-20,001,0140000000,S,146.4,9000000640
5000000640,US10,2025,2025-09-20,002,0800000000,H,146.4,9000000640
5000000641,US10,2026,2026-02-20,001,0140000000,S,995.04,9000000641
5000000641,US10,2026,2026-02-20,002,0800000000,H,995.04,9000000641
5000000642,US10,2025,2025-04-29,001,0140000000,S,2772.4,9000000642
5000000642,US10,2025,2025-04-29,002,0800000000,H,2772.4,9000000642
5000000643,DE20,2026,2026-09-06,001,0140000000,S,219.96,9000000643
5000000643,DE20,2026,2026-09-06,002,0800000000,H,219.96,9000000643
5000000644,DE20,2026,2026-07-16,001,0140000000,S,1442.25,9000000644
5000000644,DE20,2026,2026-07-16,002,0800000000,H,1442.25,9000000644
5000000645,US10,2025,2025-04-20,001,0140000000,H,522.82,9000000645
5000000645,US10,2025,2025-04-20,002,0801000000,S,522.82,9000000645
5000000646,IN30,2024,2024-12-20,001,0140000000,H,541.47,9000000646
5000000646,IN30,2024,2024-12-20,002,0801000000,S,541.47,9000000646
5000000647,US10,2025,2025-02-27,001,0140000000,S,1402.94,9000000647
5000000647,US10,2025,2025-02-27,002,0800000000,H,1402.94,9000000647
5000000648,US10,2025,2025-05-29,001,0140000000,S,2220.65,9000000648
5000000648,US10,2025,2025-05-29,002,0800000000,H,2220.65,9000000648
5000000649,DE20,2025,2025-08-31,001,0140000000,S,5760.73,9000000649
5000000649,DE20,2025,2025-08-31,002,0800000000,H,5760.73,9000000649
5000000650,US10,2025,2025-07-28,001,0140000000,S,1305.14,9000000650
5000000650,US10,2025,2025-07-28,002,0800000000,H,1305.14,9000000650
5000000651,US10,2025,2025-12-03,001,0140000000,S,531.62,9000000651
5000000651,US10,2025,2025-12-03,002,0800000000,H,531.62,9000000651
5000000652,US10,2026,2026-02-26,001,0140000000,H,177.48,9000000652
5000000652,US10,2026,2026-02-26,002,0801000000,S,177.48,9000000652
5000000653,IN30,2024,2024-09-24,001,0140000000,S,3659.42,9000000653
5000000653,IN30,2024,2024-09-24,002,0800000000,H,3659.42,9000000653
5000000654,DE20,2024,2024-12-19,001,0140000000,H,795.73,9000000654
5000000654,DE20,2024,2024-12-19,002,0801000000,S,795.73,9000000654
5000000655,US10,2025,2025-08-04,001,0140000000,S,2374.44,9000000655
5000000655,US10,2025,2025-08-04,002,0800000000,H,2374.44,9000000655
5000000656,US10,2025,2025-09-17,001,0140000000,S,239.36,9000000656
5000000656,US10,2025,2025-09-17,002,0800000000,H,239.36,9000000656
5000000657,IN30,2026,2026-03-14,001,0140000000,S,59.25,9000000657
5000000657,IN30,2026,2026-03-14,002,0800000000,H,59.25,9000000657
5000000658,US10,2026,2026-03-22,001,0140000000,S,1379.91,9000000658
5000000658,US10,2026,2026-03-22,002,0800000000,H,1379.91,9000000658
5000000659,IN30,2025,2025-06-27,001,0140000000,S,2811.16,9000000659
5000000659,IN30,2025,2025-06-27,002,0800000000,H,2811.16,9000000659
5000000660,US10,2025,2025-12-28,001,0140000000,S,4378.55,9000000660
5000000660,US10,2025,2025-12-28,002,0800000000,H,4378.55,9000000660
5000000661,US10,2025,2025-04-17,001,0140000000,S,1516.21,9000000661
5000000661,US10,2025,2025-04-17,002,0800000000,H,1516.21,9000000661
5000000662,IN30,2025,2025-09-26,001,0140000000,S,310.76,9000000662
5000000662,IN30,2025,2025-09-26,002,0800000000,H,310.76,9000000662
5000000663,US10,2026,2026-05-22,001,0140000000,S,200.34,9000000663
5000000663,US10,2026,2026-05-22,002,0800000000,H,200.34,9000000663
5000000664,US10,2026,2026-03-08,001,0140000000,S,6258.42,9000000664
5000000664,US10,2026,2026-03-08,002,0800000000,H,6258.42,9000000664
5000000665,US10,2024,2024-10-02,001,0140000000,S,2864.17,9000000665
5000000665,US10,2024,2024-10-02,002,0800000000,H,2864.17,9000000665
5000000666,US10,2026,2026-03-03,001,0140000000,S,231.6,9000000666
5000000666,US10,2026,2026-03-03,002,0800000000,H,231.6,9000000666
5000000667,US10,2025,2025-11-11,001,0140000000,S,2250.74,9000000667
5000000667,US10,2025,2025-11-11,002,0800000000,H,2250.74,9000000667
5000000668,US10,2026,2026-07-01,001,0140000000,S,4273.84,9000000668
5000000668,US10,2026,2026-07-01,002,0800000000,H,4273.84,9000000668
5000000669,DE20,2024,2024-10-27,001,0140000000,S,1985.11,9000000669
5000000669,DE20,2024,2024-10-27,002,0800000000,H,1985.11,9000000669
5000000670,DE20,2024,2024-09-16,001,0140000000,S,3439.63,9000000670
5000000670,DE20,2024,2024-09-16,002,0800000000,H,3439.63,9000000670
5000000671,DE20,2025,2025-04-28,001,0140000000,S,3015.16,9000000671
5000000671,DE20,2025,2025-04-28,002,0800000000,H,3015.16,9000000671
5000000672,DE20,2026,2026-08-30,001,0140000000,S,2342.2,9000000672
5000000672,DE20,2026,2026-08-30,002,0800000000,H,2342.2,9000000672
5000000673,IN30,2025,2025-05-24,001,0140000000,S,1265.2,9000000673
5000000673,IN30,2025,2025-05-24,002,0800000000,H,1265.2,9000000673
5000000674,US10,2025,2025-10-24,001,0140000000,S,1159.14,9000000674
5000000674,US10,2025,2025-10-24,002,0800000000,H,1159.14,9000000674
5000000675,US10,2025,2025-02-18,001,0140000000,S,2978.93,9000000675
5000000675,US10,2025,2025-02-18,002,0800000000,H,2978.93,9000000675
5000000676,DE20,2025,2025-09-21,001,0140000000,S,56.08,9000000676
5000000676,DE20,2025,2025-09-21,002,0800000000,H,56.08,9000000676
5000000677,US10,2026,2026-03-25,001,0140000000,S,10243.28,9000000677
5000000677,US10,2026,2026-03-25,002,0800000000,H,10243.28,9000000677
5000000678,DE20,2025,2025-05-04,001,0140000000,S,8460.64,9000000678
5000000678,DE20,2025,2025-05-04,002,0800000000,H,8460.64,9000000678
5000000679,US10,2024,2024-11-15,001,0140000000,S,124.1,9000000679
5000000679,US10,2024,2024-11-15,002,0800000000,H,124.1,9000000679
5000000680,US10,2025,2025-11-26,001,0140000000,S,830.84,9000000680
5000000680,US10,2025,2025-11-26,002,0800000000,H,830.84,9000000680
5000000681,DE20,2024,2024-10-08,001,0140000000,S,1462.48,9000000681
5000000681,DE20,2024,2024-10-08,002,0800000000,H,1462.48,9000000681
5000000682,DE20,2025,2025-01-08,001,0140000000,S,1129.01,9000000682
5000000682,DE20,2025,2025-01-08,002,0800000000,H,1129.01,9000000682
5000000683,DE20,2025,2025-05-31,001,0140000000,S,5051.07,9000000683
5000000683,DE20,2025,2025-05-31,002,0800000000,H,5051.07,9000000683
5000000684,US10,2025,2025-01-11,001,0140000000,S,514.79,9000000684
5000000684,US10,2025,2025-01-11,002,0800000000,H,514.79,9000000684
5000000685,US10,2026,2026-08-19,001,0140000000,S,2363.48,9000000685
5000000685,US10,2026,2026-08-19,002,0800000000,H,2363.48,9000000685
5000000686,US10,2026,2026-01-30,001,0140000000,S,257.25,9000000686
5000000686,US10,2026,2026-01-30,002,0800000000,H,257.25,9000000686
5000000687,US10,2026,2026-03-31,001,0140000000,S,34.3,9000000687
5000000687,US10,2026,2026-03-31,002,0800000000,H,34.3,9000000687
5000000688,US10,2026,2026-01-27,001,0140000000,S,3096.77,9000000688
5000000688,US10,2026,2026-01-27,002,0800000000,H,3096.77,9000000688
5000000689,DE20,2025,2025-05-10,001,0140000000,S,1492.08,9000000689
5000000689,DE20,2025,2025-05-10,002,0800000000,H,1492.08,9000000689
5000000690,US10,2024,2024-10-01,001,0140000000,S,2713.34,9000000690
5000000690,US10,2024,2024-10-01,002,0800000000,H,2713.34,9000000690
5000000691,DE20,2024,2024-09-24,001,0140000000,S,6445.69,9000000691
5000000691,DE20,2024,2024-09-24,002,0800000000,H,6445.69,9000000691
5000000692,IN30,2024,2024-12-27,001,0140000000,H,493.56,9000000692
5000000692,IN30,2024,2024-12-27,002,0801000000,S,493.56,9000000692
5000000693,US10,2025,2025-06-11,001,0140000000,S,3021.9,9000000693
5000000693,US10,2025,2025-06-11,002,0800000000,H,3021.9,9000000693
5000000694,US10,2025,2025-10-09,001,0140000000,S,5270.72,9000000694
5000000694,US10,2025,2025-10-09,002,0800000000,H,5270.72,9000000694
5000000695,US10,2026,2026-03-19,001,0140000000,S,2474.49,9000000695
5000000695,US10,2026,2026-03-19,002,0800000000,H,2474.49,9000000695
5000000696,US10,2026,2026-07-31,001,0140000000,S,1775.63,9000000696
5000000696,US10,2026,2026-07-31,002,0800000000,H,1775.63,9000000696
5000000697,US10,2026,2026-05-25,001,0140000000,S,9456.54,9000000697
5000000697,US10,2026,2026-05-25,002,0800000000,H,9456.54,9000000697
5000000698,DE20,2026,2026-02-19,001,0140000000,S,271.14,9000000698
5000000698,DE20,2026,2026-02-19,002,0800000000,H,271.14,9000000698
5000000699,US10,2026,2026-08-18,001,0140000000,S,1206.9,9000000699
5000000699,US10,2026,2026-08-18,002,0800000000,H,1206.9,9000000699
5000000700,US10,2026,2026-08-08,001,0140000000,S,1186.59,9000000700
5000000700,US10,2026,2026-08-08,002,0800000000,H,1186.59,9000000700
5000000701,US10,2025,2025-12-16,001,0140000000,S,2973.43,9000000701
5000000701,US10,2025,2025-12-16,002,0800000000,H,2973.43,9000000701
5000000702,US10,2026,2026-02-07,001,0140000000,S,4561.9,9000000702
5000000702,US10,2026,2026-02-07,002,0800000000,H,4561.9,9000000702
5000000703,US10,2026,2026-05-20,001,0140000000,S,7124.32,9000000703
5000000703,US10,2026,2026-05-20,002,0800000000,H,7124.32,9000000703
5000000704,US10,2026,2026-06-13,001,0140000000,S,554.73,9000000704
5000000704,US10,2026,2026-06-13,002,0800000000,H,554.73,9000000704
5000000705,IN30,2025,2025-10-09,001,0140000000,S,1944.18,9000000705
5000000705,IN30,2025,2025-10-09,002,0800000000,H,1944.18,9000000705
5000000706,DE20,2025,2025-11-04,001,0140000000,S,184.32,9000000706
5000000706,DE20,2025,2025-11-04,002,0800000000,H,184.32,9000000706
5000000707,IN30,2026,2026-08-21,001,0140000000,S,83.07,9000000707
5000000707,IN30,2026,2026-08-21,002,0800000000,H,83.07,9000000707
5000000708,US10,2025,2025-04-17,001,0140000000,S,717.72,9000000708
5000000708,US10,2025,2025-04-17,002,0800000000,H,717.72,9000000708
5000000709,US10,2025,2025-05-22,001,0140000000,S,494.72,9000000709
5000000709,US10,2025,2025-05-22,002,0800000000,H,494.72,9000000709
5000000710,US10,2025,2025-09-30,001,0140000000,S,8487.55,9000000710
5000000710,US10,2025,2025-09-30,002,0800000000,H,8487.55,9000000710
5000000711,DE20,2025,2025-11-28,001,0140000000,S,3373.17,9000000711
5000000711,DE20,2025,2025-11-28,002,0800000000,H,3373.17,9000000711
5000000712,DE20,2025,2025-06-22,001,0140000000,S,1461.0,9000000712
5000000712,DE20,2025,2025-06-22,002,0800000000,H,1461.0,9000000712
5000000713,IN30,2024,2024-09-20,001,0140000000,S,5752.82,9000000713
5000000713,IN30,2024,2024-09-20,002,0800000000,H,5752.82,9000000713
5000000714,DE20,2025,2025-11-16,001,0140000000,H,264.02,9000000714
5000000714,DE20,2025,2025-11-16,002,0801000000,S,264.02,9000000714
5000000715,US10,2026,2026-04-23,001,0140000000,S,3446.96,9000000715
5000000715,US10,2026,2026-04-23,002,0800000000,H,3446.96,9000000715
5000000716,US10,2025,2025-08-03,001,0140000000,S,1612.9,9000000716
5000000716,US10,2025,2025-08-03,002,0800000000,H,1612.9,9000000716
5000000717,US10,2024,2024-12-18,001,0140000000,S,3567.66,9000000717
5000000717,US10,2024,2024-12-18,002,0800000000,H,3567.66,9000000717
5000000718,US10,2024,2024-10-24,001,0140000000,S,4663.04,9000000718
5000000718,US10,2024,2024-10-24,002,0800000000,H,4663.04,9000000718
5000000719,US10,2026,2026-06-10,001,0140000000,S,1771.75,9000000719
5000000719,US10,2026,2026-06-10,002,0800000000,H,1771.75,9000000719
5000000720,US10,2025,2025-12-16,001,0140000000,S,923.5,9000000720
5000000720,US10,2025,2025-12-16,002,0800000000,H,923.5,9000000720
5000000721,DE20,2026,2026-04-22,001,0140000000,S,1057.98,9000000721
5000000721,DE20,2026,2026-04-22,002,0800000000,H,1057.98,9000000721
5000000722,US10,2026,2026-05-12,001,0140000000,S,10756.52,9000000722
5000000722,US10,2026,2026-05-12,002,0800000000,H,10756.52,9000000722
5000000723,US10,2024,2024-10-04,001,0140000000,S,2153.65,9000000723
5000000723,US10,2024,2024-10-04,002,0800000000,H,2153.65,9000000723
5000000724,DE20,2025,2025-10-22,001,0140000000,S,116.48,9000000724
5000000724,DE20,2025,2025-10-22,002,0800000000,H,116.48,9000000724
5000000725,US10,2025,2025-01-09,001,0140000000,S,2267.01,9000000725
5000000725,US10,2025,2025-01-09,002,0800000000,H,2267.01,9000000725
5000000726,US10,2025,2025-04-14,001,0140000000,S,580.73,9000000726
5000000726,US10,2025,2025-04-14,002,0800000000,H,580.73,9000000726
5000000727,US10,2025,2025-01-30,001,0140000000,S,4956.96,9000000727
5000000727,US10,2025,2025-01-30,002,0800000000,H,4956.96,9000000727
5000000728,US10,2025,2025-09-29,001,0140000000,S,888.14,9000000728
5000000728,US10,2025,2025-09-29,002,0800000000,H,888.14,9000000728
5000000729,US10,2024,2024-11-15,001,0140000000,S,3621.24,9000000729
5000000729,US10,2024,2024-11-15,002,0800000000,H,3621.24,9000000729
5000000730,IN30,2026,2026-04-26,001,0140000000,S,3371.84,9000000730
5000000730,IN30,2026,2026-04-26,002,0800000000,H,3371.84,9000000730
5000000731,US10,2026,2026-05-25,001,0140000000,S,2093.04,9000000731
5000000731,US10,2026,2026-05-25,002,0800000000,H,2093.04,9000000731
5000000732,DE20,2025,2025-10-18,001,0140000000,H,134.9,9000000732
5000000732,DE20,2025,2025-10-18,002,0801000000,S,134.9,9000000732
5000000733,US10,2026,2026-06-27,001,0140000000,S,672.07,9000000733
5000000733,US10,2026,2026-06-27,002,0800000000,H,672.07,9000000733
5000000734,US10,2025,2025-10-13,001,0140000000,S,343.33,9000000734
5000000734,US10,2025,2025-10-13,002,0800000000,H,343.33,9000000734
5000000735,US10,2025,2025-01-12,001,0140000000,S,3532.05,9000000735
5000000735,US10,2025,2025-01-12,002,0800000000,H,3532.05,9000000735
5000000736,US10,2026,2026-04-27,001,0140000000,S,429.18,9000000736
5000000736,US10,2026,2026-04-27,002,0800000000,H,429.18,9000000736
5000000737,DE20,2025,2025-10-22,001,0140000000,S,4609.46,9000000737
5000000737,DE20,2025,2025-10-22,002,0800000000,H,4609.46,9000000737
5000000738,US10,2025,2025-06-20,001,0140000000,S,3680.52,9000000738
5000000738,US10,2025,2025-06-20,002,0800000000,H,3680.52,9000000738
5000000739,US10,2024,2024-11-23,001,0140000000,S,4483.69,9000000739
5000000739,US10,2024,2024-11-23,002,0800000000,H,4483.69,9000000739
5000000740,US10,2026,2026-05-21,001,0140000000,S,557.92,9000000740
5000000740,US10,2026,2026-05-21,002,0800000000,H,557.92,9000000740
5000000741,DE20,2025,2025-04-06,001,0140000000,S,241.83,9000000741
5000000741,DE20,2025,2025-04-06,002,0800000000,H,241.83,9000000741
5000000742,US10,2026,2026-08-28,001,0140000000,S,2329.2,9000000742
5000000742,US10,2026,2026-08-28,002,0800000000,H,2329.2,9000000742
5000000743,US10,2025,2025-03-04,001,0140000000,S,1211.86,9000000743
5000000743,US10,2025,2025-03-04,002,0800000000,H,1211.86,9000000743
5000000744,US10,2025,2025-04-04,001,0140000000,S,3535.11,9000000744
5000000744,US10,2025,2025-04-04,002,0800000000,H,3535.11,9000000744
5000000745,DE20,2025,2025-12-25,001,0140000000,S,1280.84,9000000745
5000000745,DE20,2025,2025-12-25,002,0800000000,H,1280.84,9000000745
5000000746,IN30,2026,2026-02-13,001,0140000000,S,53.44,9000000746
5000000746,IN30,2026,2026-02-13,002,0800000000,H,53.44,9000000746
5000000747,DE20,2026,2026-07-30,001,0140000000,S,2868.04,9000000747
5000000747,DE20,2026,2026-07-30,002,0800000000,H,2868.04,9000000747
5000000748,DE20,2025,2025-04-20,001,0140000000,S,11564.9,9000000748
5000000748,DE20,2025,2025-04-20,002,0800000000,H,11564.9,9000000748
5000000749,US10,2024,2024-12-02,001,0140000000,S,1941.35,9000000749
5000000749,US10,2024,2024-12-02,002,0800000000,H,1941.35,9000000749
5000000750,US10,2026,2026-05-12,001,0140000000,S,33.5,9000000750
5000000750,US10,2026,2026-05-12,002,0800000000,H,33.5,9000000750
5000000751,US10,2025,2025-06-03,001,0140000000,S,7159.66,9000000751
5000000751,US10,2025,2025-06-03,002,0800000000,H,7159.66,9000000751
5000000752,IN30,2024,2024-12-05,001,0140000000,S,1083.6,9000000752
5000000752,IN30,2024,2024-12-05,002,0800000000,H,1083.6,9000000752
5000000753,US10,2025,2025-04-26,001,0140000000,S,334.97,9000000753
5000000753,US10,2025,2025-04-26,002,0800000000,H,334.97,9000000753
5000000754,DE20,2025,2025-05-27,001,0140000000,H,56.43,9000000754
5000000754,DE20,2025,2025-05-27,002,0801000000,S,56.43,9000000754
5000000755,US10,2026,2026-05-23,001,0140000000,S,1247.36,9000000755
5000000755,US10,2026,2026-05-23,002,0800000000,H,1247.36,9000000755
5000000756,US10,2025,2025-11-04,001,0140000000,S,2143.94,9000000756
5000000756,US10,2025,2025-11-04,002,0800000000,H,2143.94,9000000756
5000000757,US10,2025,2025-08-10,001,0140000000,S,515.97,9000000757
5000000757,US10,2025,2025-08-10,002,0800000000,H,515.97,9000000757
5000000758,DE20,2025,2025-10-16,001,0140000000,S,3149.96,9000000758
5000000758,DE20,2025,2025-10-16,002,0800000000,H,3149.96,9000000758
5000000759,US10,2025,2025-05-23,001,0140000000,S,1527.93,9000000759
5000000759,US10,2025,2025-05-23,002,0800000000,H,1527.93,9000000759
5000000760,US10,2026,2026-04-28,001,0140000000,S,109.55,9000000760
5000000760,US10,2026,2026-04-28,002,0800000000,H,109.55,9000000760
5000000761,DE20,2025,2025-01-11,001,0140000000,S,2748.38,9000000761
5000000761,DE20,2025,2025-01-11,002,0800000000,H,2748.38,9000000761
5000000762,US10,2025,2025-04-14,001,0140000000,S,1711.29,9000000762
5000000762,US10,2025,2025-04-14,002,0800000000,H,1711.29,9000000762
5000000763,US10,2026,2026-03-25,001,0140000000,S,1694.4,9000000763
5000000763,US10,2026,2026-03-25,002,0800000000,H,1694.4,9000000763
5000000764,US10,2026,2026-09-08,001,0140000000,S,297.36,9000000764
5000000764,US10,2026,2026-09-08,002,0800000000,H,297.36,9000000764
5000000765,US10,2025,2025-05-17,001,0140000000,S,66.6,9000000765
5000000765,US10,2025,2025-05-17,002,0800000000,H,66.6,9000000765
5000000766,DE20,2026,2026-01-31,001,0140000000,S,74.74,9000000766
5000000766,DE20,2026,2026-01-31,002,0800000000,H,74.74,9000000766
5000000767,US10,2026,2026-08-23,001,0140000000,S,4487.49,9000000767
5000000767,US10,2026,2026-08-23,002,0800000000,H,4487.49,9000000767
5000000768,IN30,2024,2024-10-07,001,0140000000,S,9274.03,9000000768
5000000768,IN30,2024,2024-10-07,002,0800000000,H,9274.03,9000000768
5000000769,DE20,2025,2025-02-09,001,0140000000,S,232.94,9000000769
5000000769,DE20,2025,2025-02-09,002,0800000000,H,232.94,9000000769
5000000770,US10,2024,2024-12-23,001,0140000000,S,213.9,9000000770
5000000770,US10,2024,2024-12-23,002,0800000000,H,213.9,9000000770
5000000771,US10,2026,2026-05-22,001,0140000000,S,328.5,9000000771
5000000771,US10,2026,2026-05-22,002,0800000000,H,328.5,9000000771
5000000772,US10,2025,2025-05-21,001,0140000000,S,1410.38,9000000772
5000000772,US10,2025,2025-05-21,002,0800000000,H,1410.38,9000000772
5000000773,US10,2026,2026-05-11,001,0140000000,S,6739.91,9000000773
5000000773,US10,2026,2026-05-11,002,0800000000,H,6739.91,9000000773
5000000774,US10,2024,2024-09-25,001,0140000000,S,7355.71,9000000774
5000000774,US10,2024,2024-09-25,002,0800000000,H,7355.71,9000000774
5000000775,DE20,2024,2024-11-22,001,0140000000,S,1660.0,9000000775
5000000775,DE20,2024,2024-11-22,002,0800000000,H,1660.0,9000000775
5000000776,US10,2026,2026-05-19,001,0140000000,S,1111.13,9000000776
5000000776,US10,2026,2026-05-19,002,0800000000,H,1111.13,9000000776
5000000777,US10,2025,2025-12-05,001,0140000000,S,3591.26,9000000777
5000000777,US10,2025,2025-12-05,002,0800000000,H,3591.26,9000000777
5000000778,US10,2026,2026-02-11,001,0140000000,S,371.18,9000000778
5000000778,US10,2026,2026-02-11,002,0800000000,H,371.18,9000000778
5000000779,US10,2026,2026-06-20,001,0140000000,S,4271.42,9000000779
5000000779,US10,2026,2026-06-20,002,0800000000,H,4271.42,9000000779
5000000780,DE20,2025,2025-08-06,001,0140000000,S,3505.0,9000000780
5000000780,DE20,2025,2025-08-06,002,0800000000,H,3505.0,9000000780
5000000781,DE20,2025,2025-09-05,001,0140000000,S,453.71,9000000781
5000000781,DE20,2025,2025-09-05,002,0800000000,H,453.71,9000000781
5000000782,US10,2025,2025-02-04,001,0140000000,S,4149.33,9000000782
5000000782,US10,2025,2025-02-04,002,0800000000,H,4149.33,9000000782
5000000783,DE20,2025,2025-04-08,001,0140000000,H,11.42,9000000783
5000000783,DE20,2025,2025-04-08,002,0801000000,S,11.42,9000000783
5000000784,DE20,2026,2026-05-17,001,0140000000,S,1762.13,9000000784
5000000784,DE20,2026,2026-05-17,002,0800000000,H,1762.13,9000000784
5000000785,US10,2025,2025-03-22,001,0140000000,S,2405.15,9000000785
5000000785,US10,2025,2025-03-22,002,0800000000,H,2405.15,9000000785
5000000786,US10,2026,2026-03-28,001,0140000000,S,2825.23,9000000786
5000000786,US10,2026,2026-03-28,002,0800000000,H,2825.23,9000000786
5000000787,US10,2024,2024-11-15,001,0140000000,S,2148.0,9000000787
5000000787,US10,2024,2024-11-15,002,0800000000,H,2148.0,9000000787
5000000788,US10,2025,2025-02-14,001,0140000000,H,1103.87,9000000788
5000000788,US10,2025,2025-02-14,002,0801000000,S,1103.87,9000000788
5000000789,US10,2025,2025-08-02,001,0140000000,S,2652.92,9000000789
5000000789,US10,2025,2025-08-02,002,0800000000,H,2652.92,9000000789
5000000790,US10,2025,2025-10-04,001,0140000000,S,27823.25,9000000790
5000000790,US10,2025,2025-10-04,002,0800000000,H,27823.25,9000000790
5000000791,US10,2025,2025-04-11,001,0140000000,S,5726.63,9000000791
5000000791,US10,2025,2025-04-11,002,0800000000,H,5726.63,9000000791
5000000792,US10,2024,2024-11-12,001,0140000000,S,156.5,9000000792
5000000792,US10,2024,2024-11-12,002,0800000000,H,156.5,9000000792
5000000793,DE20,2024,2024-11-15,001,0140000000,S,2785.48,9000000793
5000000793,DE20,2024,2024-11-15,002,0800000000,H,2785.48,9000000793
5000000794,DE20,2026,2026-05-23,001,0140000000,S,2822.8,9000000794
5000000794,DE20,2026,2026-05-23,002,0800000000,H,2822.8,9000000794
5000000795,DE20,2025,2025-04-26,001,0140000000,S,5185.21,9000000795
5000000795,DE20,2025,2025-04-26,002,0800000000,H,5185.21,9000000795
5000000796,US10,2025,2025-05-27,001,0140000000,S,886.56,9000000796
5000000796,US10,2025,2025-05-27,002,0800000000,H,886.56,9000000796
5000000797,US10,2026,2026-03-30,001,0140000000,S,3890.44,9000000797
5000000797,US10,2026,2026-03-30,002,0800000000,H,3890.44,9000000797
5000000798,US10,2026,2026-02-01,001,0140000000,S,2860.75,9000000798
5000000798,US10,2026,2026-02-01,002,0800000000,H,2860.75,9000000798
5000000799,IN30,2025,2025-08-09,001,0140000000,S,655.69,9000000799
5000000799,IN30,2025,2025-08-09,002,0800000000,H,655.69,9000000799
5000000800,US10,2025,2025-03-17,001,0140000000,S,2225.07,9000000800
5000000800,US10,2025,2025-03-17,002,0800000000,H,2225.07,9000000800
5000000801,US10,2025,2025-08-15,001,0140000000,S,3689.85,9000000801
5000000801,US10,2025,2025-08-15,002,0800000000,H,3689.85,9000000801
5000000802,US10,2026,2026-05-27,001,0140000000,S,370.76,9000000802
5000000802,US10,2026,2026-05-27,002,0800000000,H,370.76,9000000802
5000000803,US10,2025,2025-12-07,001,0140000000,S,1468.49,9000000803
5000000803,US10,2025,2025-12-07,002,0800000000,H,1468.49,9000000803
5000000804,DE20,2025,2025-03-29,001,0140000000,S,5762.92,9000000804
5000000804,DE20,2025,2025-03-29,002,0800000000,H,5762.92,9000000804
5000000805,DE20,2025,2025-05-15,001,0140000000,S,2391.5,9000000805
5000000805,DE20,2025,2025-05-15,002,0800000000,H,2391.5,9000000805
5000000807,DE20,2026,2026-07-05,001,0140000000,S,14859.82,9000000807
5000000807,DE20,2026,2026-07-05,002,0800000000,H,14859.82,9000000807
5000000808,US10,2025,2025-05-01,001,0140000000,S,518.41,9000000808
5000000808,US10,2025,2025-05-01,002,0800000000,H,518.41,9000000808
5000000809,US10,2025,2025-07-26,001,0140000000,S,115.56,9000000809
5000000809,US10,2025,2025-07-26,002,0800000000,H,115.56,9000000809
5000000810,DE20,2025,2025-03-11,001,0140000000,S,3122.86,9000000810
5000000810,DE20,2025,2025-03-11,002,0800000000,H,3122.86,9000000810
5000000811,US10,2025,2025-11-03,001,0140000000,S,1161.92,9000000811
5000000811,US10,2025,2025-11-03,002,0800000000,H,1161.92,9000000811
5000000812,US10,2025,2025-10-12,001,0140000000,S,4253.78,9000000812
5000000812,US10,2025,2025-10-12,002,0800000000,H,4253.78,9000000812
5000000813,IN30,2026,2026-03-27,001,0140000000,S,4764.9,9000000813
5000000813,IN30,2026,2026-03-27,002,0800000000,H,4764.9,9000000813
5000000814,US10,2026,2026-06-24,001,0140000000,S,17034.08,9000000814
5000000814,US10,2026,2026-06-24,002,0800000000,H,17034.08,9000000814
5000000815,US10,2025,2025-09-24,001,0140000000,S,772.46,9000000815
5000000815,US10,2025,2025-09-24,002,0800000000,H,772.46,9000000815
5000000816,US10,2024,2024-11-27,001,0140000000,S,1351.26,9000000816
5000000816,US10,2024,2024-11-27,002,0800000000,H,1351.26,9000000816
5000000817,US10,2026,2026-04-23,001,0140000000,S,4343.46,9000000817
5000000817,US10,2026,2026-04-23,002,0800000000,H,4343.46,9000000817
5000000818,US10,2024,2024-10-24,001,0140000000,S,413.07,9000000818
5000000818,US10,2024,2024-10-24,002,0800000000,H,413.07,9000000818
5000000819,US10,2024,2024-11-30,001,0140000000,S,3635.38,9000000819
5000000819,US10,2024,2024-11-30,002,0800000000,H,3635.38,9000000819
5000000820,US10,2026,2026-01-17,001,0140000000,S,253.92,9000000820
5000000820,US10,2026,2026-01-17,002,0800000000,H,253.92,9000000820
5000000821,US10,2026,2026-04-23,001,0140000000,S,748.75,9000000821
5000000821,US10,2026,2026-04-23,002,0800000000,H,748.75,9000000821
5000000822,US10,2025,2025-03-28,001,0140000000,S,4641.98,9000000822
5000000822,US10,2025,2025-03-28,002,0800000000,H,4641.98,9000000822
5000000823,DE20,2026,2026-03-12,001,0140000000,S,641.98,9000000823
5000000823,DE20,2026,2026-03-12,002,0800000000,H,641.98,9000000823
5000000824,US10,2025,2025-08-09,001,0140000000,S,2770.94,9000000824
5000000824,US10,2025,2025-08-09,002,0800000000,H,2770.94,9000000824
5000000825,DE20,2024,2024-10-01,001,0140000000,S,1254.56,9000000825
5000000825,DE20,2024,2024-10-01,002,0800000000,H,1254.56,9000000825
5000000826,DE20,2025,2025-06-11,001,0140000000,S,1089.17,9000000826
5000000826,DE20,2025,2025-06-11,002,0800000000,H,1089.17,9000000826
5000000827,IN30,2025,2025-07-20,001,0140000000,S,1285.06,9000000827
5000000827,IN30,2025,2025-07-20,002,0800000000,H,1285.06,9000000827
5000000829,US10,2026,2026-05-03,001,0140000000,S,412.88,9000000829
5000000829,US10,2026,2026-05-03,002,0800000000,H,412.88,9000000829
5000000830,US10,2025,2025-03-18,001,0140000000,S,1506.18,9000000830
5000000830,US10,2025,2025-03-18,002,0800000000,H,1506.18,9000000830
5000000831,US10,2025,2025-02-19,001,0140000000,S,220.32,9000000831
5000000831,US10,2025,2025-02-19,002,0800000000,H,220.32,9000000831
5000000832,US10,2026,2026-04-17,001,0140000000,S,653.72,9000000832
5000000832,US10,2026,2026-04-17,002,0800000000,H,653.72,9000000832
5000000833,IN30,2025,2025-06-23,001,0140000000,S,2223.64,9000000833
5000000833,IN30,2025,2025-06-23,002,0800000000,H,2223.64,9000000833
5000000834,US10,2025,2025-12-17,001,0140000000,S,6747.29,9000000834
5000000834,US10,2025,2025-12-17,002,0800000000,H,6747.29,9000000834
5000000835,US10,2025,2025-09-30,001,0140000000,S,3175.52,9000000835
5000000835,US10,2025,2025-09-30,002,0800000000,H,3175.52,9000000835
5000000836,US10,2025,2025-09-12,001,0140000000,S,5474.9,9000000836
5000000836,US10,2025,2025-09-12,002,0800000000,H,5474.9,9000000836
5000000837,DE20,2025,2025-12-07,001,0140000000,S,307.28,9000000837
5000000837,DE20,2025,2025-12-07,002,0800000000,H,307.28,9000000837
5000000838,DE20,2025,2025-09-06,001,0140000000,H,642.16,9000000838
5000000838,DE20,2025,2025-09-06,002,0801000000,S,642.16,9000000838
5000000839,US10,2024,2024-11-10,001,0140000000,S,4685.4,9000000839
5000000839,US10,2024,2024-11-10,002,0800000000,H,4685.4,9000000839
5000000840,DE20,2025,2025-09-16,001,0140000000,S,1318.22,9000000840
5000000840,DE20,2025,2025-09-16,002,0800000000,H,1318.22,9000000840
5000000841,DE20,2025,2025-10-15,001,0140000000,S,139.36,9000000841
5000000841,DE20,2025,2025-10-15,002,0800000000,H,139.36,9000000841
5000000842,US10,2024,2024-09-26,001,0140000000,S,3900.01,9000000842
5000000842,US10,2024,2024-09-26,002,0800000000,H,3900.01,9000000842
5000000843,DE20,2024,2024-09-16,001,0140000000,S,2338.98,9000000843
5000000843,DE20,2024,2024-09-16,002,0800000000,H,2338.98,9000000843
5000000844,US10,2026,2026-08-29,001,0140000000,S,1672.38,9000000844
5000000844,US10,2026,2026-08-29,002,0800000000,H,1672.38,9000000844
5000000845,DE20,2025,2025-05-14,001,0140000000,S,610.52,9000000845
5000000845,DE20,2025,2025-05-14,002,0800000000,H,610.52,9000000845
5000000846,US10,2024,2024-12-10,001,0140000000,S,1431.84,9000000846
5000000846,US10,2024,2024-12-10,002,0800000000,H,1431.84,9000000846
5000000847,US10,2024,2024-11-28,001,0140000000,S,1925.83,9000000847
5000000847,US10,2024,2024-11-28,002,0800000000,H,1925.83,9000000847
5000000848,DE20,2025,2025-08-07,001,0140000000,S,8971.64,9000000848
5000000848,DE20,2025,2025-08-07,002,0800000000,H,8971.64,9000000848
5000000849,IN30,2026,2026-06-23,001,0140000000,S,972.01,9000000849
5000000849,IN30,2026,2026-06-23,002,0800000000,H,972.01,9000000849
5000000850,US10,2025,2025-09-17,001,0140000000,S,429.62,9000000850
5000000850,US10,2025,2025-09-17,002,0800000000,H,429.62,9000000850
5000000851,US10,2026,2026-03-12,001,0140000000,S,1207.91,9000000851
5000000851,US10,2026,2026-03-12,002,0800000000,H,1207.91,9000000851
5000000852,IN30,2026,2026-01-25,001,0140000000,S,5793.23,9000000852
5000000852,IN30,2026,2026-01-25,002,0800000000,H,5793.23,9000000852
5000000853,US10,2026,2026-03-11,001,0140000000,S,3686.64,9000000853
5000000853,US10,2026,2026-03-11,002,0800000000,H,3686.64,9000000853
5000000854,US10,2026,2026-07-03,001,0140000000,S,812.55,9000000854
5000000854,US10,2026,2026-07-03,002,0800000000,H,812.55,9000000854
5000000855,US10,2025,2025-06-10,001,0140000000,S,4213.24,9000000855
5000000855,US10,2025,2025-06-10,002,0800000000,H,4213.24,9000000855
5000000856,US10,2025,2025-09-15,001,0140000000,S,2094.44,9000000856
5000000856,US10,2025,2025-09-15,002,0800000000,H,2094.44,9000000856
5000000857,DE20,2026,2026-03-10,001,0140000000,S,2651.32,9000000857
5000000857,DE20,2026,2026-03-10,002,0800000000,H,2651.32,9000000857
5000000859,US10,2026,2026-05-14,001,0140000000,S,2621.6,9000000859
5000000859,US10,2026,2026-05-14,002,0800000000,H,2621.6,9000000859
5000000860,IN30,2024,2024-11-12,001,0140000000,S,5257.17,9000000860
5000000860,IN30,2024,2024-11-12,002,0800000000,H,5257.17,9000000860
5000000861,US10,2026,2026-01-26,001,0140000000,S,1909.3,9000000861
5000000861,US10,2026,2026-01-26,002,0800000000,H,1909.3,9000000861
5000000862,DE20,2026,2026-04-04,001,0140000000,H,423.47,9000000862
5000000862,DE20,2026,2026-04-04,002,0801000000,S,423.47,9000000862
5000000863,US10,2025,2025-12-20,001,0140000000,S,2831.14,9000000863
5000000863,US10,2025,2025-12-20,002,0800000000,H,2831.14,9000000863
5000000864,US10,2025,2025-11-25,001,0140000000,S,204.93,9000000864
5000000864,US10,2025,2025-11-25,002,0800000000,H,204.93,9000000864
5000000865,US10,2025,2025-05-01,001,0140000000,S,7208.36,9000000865
5000000865,US10,2025,2025-05-01,002,0800000000,H,7208.36,9000000865
5000000866,DE20,2025,2025-06-02,001,0140000000,S,271.83,9000000866
5000000866,DE20,2025,2025-06-02,002,0800000000,H,271.83,9000000866
5000000867,DE20,2025,2025-03-03,001,0140000000,S,2443.18,9000000867
5000000867,DE20,2025,2025-03-03,002,0800000000,H,2443.18,9000000867
5000000868,DE20,2024,2024-09-22,001,0140000000,S,254.08,9000000868
5000000868,DE20,2024,2024-09-22,002,0800000000,H,254.08,9000000868
5000000869,IN30,2024,2024-11-03,001,0140000000,H,32.88,9000000869
5000000869,IN30,2024,2024-11-03,002,0801000000,S,32.88,9000000869
5000000870,US10,2024,2024-11-06,001,0140000000,S,821.04,9000000870
5000000870,US10,2024,2024-11-06,002,0800000000,H,821.04,9000000870
5000000871,DE20,2025,2025-10-12,001,0140000000,S,1765.36,9000000871
5000000871,DE20,2025,2025-10-12,002,0800000000,H,1765.36,9000000871
5000000873,DE20,2026,2026-01-17,001,0140000000,S,913.08,9000000873
5000000873,DE20,2026,2026-01-17,002,0800000000,H,913.08,9000000873
5000000874,US10,2026,2026-03-04,001,0140000000,S,7515.66,9000000874
5000000874,US10,2026,2026-03-04,002,0800000000,H,7515.66,9000000874
5000000875,US10,2024,2024-10-20,001,0140000000,H,493.51,9000000875
5000000875,US10,2024,2024-10-20,002,0801000000,S,493.51,9000000875
5000000876,US10,2024,2024-11-25,001,0140000000,S,172.72,9000000876
5000000876,US10,2024,2024-11-25,002,0800000000,H,172.72,9000000876
5000000877,DE20,2024,2024-11-18,001,0140000000,S,536.08,9000000877
5000000877,DE20,2024,2024-11-18,002,0800000000,H,536.08,9000000877
5000000878,IN30,2025,2025-03-27,001,0140000000,S,1859.07,9000000878
5000000878,IN30,2025,2025-03-27,002,0800000000,H,1859.07,9000000878
5000000879,US10,2026,2026-06-23,001,0140000000,S,1995.17,9000000879
5000000879,US10,2026,2026-06-23,002,0800000000,H,1995.17,9000000879
5000000880,IN30,2026,2026-03-28,001,0140000000,S,2137.32,9000000880
5000000880,IN30,2026,2026-03-28,002,0800000000,H,2137.32,9000000880
5000000881,US10,2024,2024-12-29,001,0140000000,S,1151.84,9000000881
5000000881,US10,2024,2024-12-29,002,0800000000,H,1151.84,9000000881
5000000882,US10,2025,2025-04-11,001,0140000000,S,1492.78,9000000882
5000000882,US10,2025,2025-04-11,002,0800000000,H,1492.78,9000000882
5000000883,DE20,2025,2025-06-12,001,0140000000,S,4059.95,9000000883
5000000883,DE20,2025,2025-06-12,002,0800000000,H,4059.95,9000000883
5000000884,US10,2025,2025-02-26,001,0140000000,S,1698.31,9000000884
5000000884,US10,2025,2025-02-26,002,0800000000,H,1698.31,9000000884
5000000885,US10,2025,2025-06-24,001,0140000000,S,3918.36,9000000885
5000000885,US10,2025,2025-06-24,002,0800000000,H,3918.36,9000000885
5000000886,US10,2026,2026-04-12,001,0140000000,S,2332.63,9000000886
5000000886,US10,2026,2026-04-12,002,0800000000,H,2332.63,9000000886
5000000888,DE20,2025,2025-02-11,001,0140000000,S,540.48,9000000888
5000000888,DE20,2025,2025-02-11,002,0800000000,H,540.48,9000000888
5000000889,DE20,2026,2026-01-24,001,0140000000,S,223.1,9000000889
5000000889,DE20,2026,2026-01-24,002,0800000000,H,223.1,9000000889
5000000890,DE20,2025,2025-02-06,001,0140000000,S,676.08,9000000890
5000000890,DE20,2025,2025-02-06,002,0800000000,H,676.08,9000000890
5000000891,DE20,2026,2026-08-30,001,0140000000,S,857.47,9000000891
5000000891,DE20,2026,2026-08-30,002,0800000000,H,857.47,9000000891
5000000892,US10,2026,2026-05-30,001,0140000000,S,1495.72,9000000892
5000000892,US10,2026,2026-05-30,002,0800000000,H,1495.72,9000000892
5000000893,US10,2026,2026-01-18,001,0140000000,S,945.97,9000000893
5000000893,US10,2026,2026-01-18,002,0800000000,H,945.97,9000000893
5000000894,US10,2026,2026-03-17,001,0140000000,S,5111.59,9000000894
5000000894,US10,2026,2026-03-17,002,0800000000,H,5111.59,9000000894
5000000895,DE20,2025,2025-05-18,001,0140000000,S,127.86,9000000895
5000000895,DE20,2025,2025-05-18,002,0800000000,H,127.86,9000000895
5000000896,US10,2024,2024-10-23,001,0140000000,S,321.6,9000000896
5000000896,US10,2024,2024-10-23,002,0800000000,H,321.6,9000000896
5000000897,DE20,2026,2026-01-07,001,0140000000,S,906.02,9000000897
5000000897,DE20,2026,2026-01-07,002,0800000000,H,906.02,9000000897
5000000898,US10,2024,2024-09-30,001,0140000000,S,837.96,9000000898
5000000898,US10,2024,2024-09-30,002,0800000000,H,837.96,9000000898
5000000899,US10,2026,2026-07-10,001,0140000000,S,1182.89,9000000899
5000000899,US10,2026,2026-07-10,002,0800000000,H,1182.89,9000000899
5000000900,DE20,2026,2026-09-03,001,0140000000,S,26793.2,9000000900
5000000900,DE20,2026,2026-09-03,002,0800000000,H,26793.2,9000000900
5000000901,IN30,2026,2026-04-23,001,0140000000,S,492.89,9000000901
5000000901,IN30,2026,2026-04-23,002,0800000000,H,492.89,9000000901
5000000902,US10,2025,2025-02-12,001,0140000000,S,939.69,9000000902
5000000902,US10,2025,2025-02-12,002,0800000000,H,939.69,9000000902
5000000903,US10,2024,2024-11-23,001,0140000000,S,7519.14,9000000903
5000000903,US10,2024,2024-11-23,002,0800000000,H,7519.14,9000000903
5000000904,IN30,2026,2026-02-21,001,0140000000,S,408.58,9000000904
5000000904,IN30,2026,2026-02-21,002,0800000000,H,408.58,9000000904
5000000905,IN30,2026,2026-07-10,001,0140000000,S,1269.05,9000000905
5000000905,IN30,2026,2026-07-10,002,0800000000,H,1269.05,9000000905
5000000906,US10,2026,2026-02-08,001,0140000000,S,283.17,9000000906
5000000906,US10,2026,2026-02-08,002,0800000000,H,283.17,9000000906
5000000907,US10,2025,2025-09-01,001,0140000000,S,726.77,9000000907
5000000907,US10,2025,2025-09-01,002,0800000000,H,726.77,9000000907
5000000908,DE20,2025,2025-05-03,001,0140000000,S,2103.91,9000000908
5000000908,DE20,2025,2025-05-03,002,0800000000,H,2103.91,9000000908
5000000909,US10,2025,2025-12-04,001,0140000000,S,1692.0,9000000909
5000000909,US10,2025,2025-12-04,002,0800000000,H,1692.0,9000000909
5000000910,US10,2025,2025-05-29,001,0140000000,S,1769.12,9000000910
5000000910,US10,2025,2025-05-29,002,0800000000,H,1769.12,9000000910
5000000911,US10,2025,2025-01-10,001,0140000000,S,5677.25,9000000911
5000000911,US10,2025,2025-01-10,002,0800000000,H,5677.25,9000000911
5000000912,DE20,2025,2025-08-27,001,0140000000,S,1155.77,9000000912
5000000912,DE20,2025,2025-08-27,002,0800000000,H,1155.77,9000000912
5000000913,DE20,2025,2025-11-02,001,0140000000,S,168.26,9000000913
5000000913,DE20,2025,2025-11-02,002,0800000000,H,168.26,9000000913
5000000915,US10,2026,2026-02-06,001,0140000000,S,1826.28,9000000915
5000000915,US10,2026,2026-02-06,002,0800000000,H,1826.28,9000000915
5000000916,IN30,2025,2025-05-11,001,0140000000,H,763.15,9000000916
5000000916,IN30,2025,2025-05-11,002,0801000000,S,763.15,9000000916
5000000917,US10,2025,2025-08-31,001,0140000000,S,28.98,9000000917
5000000917,US10,2025,2025-08-31,002,0800000000,H,28.98,9000000917
5000000918,DE20,2026,2026-03-21,001,0140000000,S,162.46,9000000918
5000000918,DE20,2026,2026-03-21,002,0800000000,H,162.46,9000000918
5000000919,US10,2026,2026-07-25,001,0140000000,S,1669.2,9000000919
5000000919,US10,2026,2026-07-25,002,0800000000,H,1669.2,9000000919
5000000920,DE20,2026,2026-02-27,001,0140000000,S,684.79,9000000920
5000000920,DE20,2026,2026-02-27,002,0800000000,H,684.79,9000000920
5000000921,DE20,2025,2025-09-18,001,0140000000,S,5412.55,9000000921
5000000921,DE20,2025,2025-09-18,002,0800000000,H,5412.55,9000000921
5000000922,US10,2024,2024-10-04,001,0140000000,S,1666.25,9000000922
5000000922,US10,2024,2024-10-04,002,0800000000,H,1666.25,9000000922
5000000923,US10,2025,2025-08-16,001,0140000000,S,309.3,9000000923
5000000923,US10,2025,2025-08-16,002,0800000000,H,309.3,9000000923
5000000924,DE20,2025,2025-09-10,001,0140000000,S,2971.55,9000000924
5000000924,DE20,2025,2025-09-10,002,0800000000,H,2971.55,9000000924
5000000925,IN30,2025,2025-10-24,001,0140000000,S,792.73,9000000925
5000000925,IN30,2025,2025-10-24,002,0800000000,H,792.73,9000000925
5000000926,DE20,2025,2025-10-20,001,0140000000,S,5724.18,9000000926
5000000926,DE20,2025,2025-10-20,002,0800000000,H,5724.18,9000000926
5000000927,US10,2025,2025-08-21,001,0140000000,S,4213.21,9000000927
5000000927,US10,2025,2025-08-21,002,0800000000,H,4213.21,9000000927
5000000928,US10,2025,2025-07-20,001,0140000000,S,369.8,9000000928
5000000928,US10,2025,2025-07-20,002,0800000000,H,369.8,9000000928
5000000929,US10,2025,2025-05-08,001,0140000000,S,4795.58,9000000929
5000000929,US10,2025,2025-05-08,002,0800000000,H,4795.58,9000000929
5000000930,US10,2025,2025-05-31,001,0140000000,S,625.06,9000000930
5000000930,US10,2025,2025-05-31,002,0800000000,H,625.06,9000000930
5000000932,US10,2026,2026-08-11,001,0140000000,S,1153.68,9000000932
5000000932,US10,2026,2026-08-11,002,0800000000,H,1153.68,9000000932
5000000933,US10,2024,2024-12-01,001,0140000000,S,2976.52,9000000933
5000000933,US10,2024,2024-12-01,002,0800000000,H,2976.52,9000000933
5000000934,IN30,2026,2026-05-04,001,0140000000,S,4715.0,9000000934
5000000934,IN30,2026,2026-05-04,002,0800000000,H,4715.0,9000000934
5000000935,US10,2026,2026-06-02,001,0140000000,S,2458.31,9000000935
5000000935,US10,2026,2026-06-02,002,0800000000,H,2458.31,9000000935
5000000936,US10,2024,2024-10-19,001,0140000000,S,2006.29,9000000936
5000000936,US10,2024,2024-10-19,002,0800000000,H,2006.29,9000000936
5000000937,US10,2026,2026-03-07,001,0140000000,S,674.25,9000000937
5000000937,US10,2026,2026-03-07,002,0800000000,H,674.25,9000000937
5000000938,US10,2026,2026-03-22,001,0140000000,S,2205.35,9000000938
5000000938,US10,2026,2026-03-22,002,0800000000,H,2205.35,9000000938
5000000939,US10,2025,2025-06-05,001,0140000000,S,162.8,9000000939
5000000939,US10,2025,2025-06-05,002,0800000000,H,162.8,9000000939
5000000940,DE20,2025,2025-04-05,001,0140000000,S,134.9,9000000940
5000000940,DE20,2025,2025-04-05,002,0800000000,H,134.9,9000000940
5000000941,US10,2024,2024-09-24,001,0140000000,S,206.22,9000000941
5000000941,US10,2024,2024-09-24,002,0800000000,H,206.22,9000000941
5000000942,DE20,2026,2026-07-11,001,0140000000,S,1561.45,9000000942
5000000942,DE20,2026,2026-07-11,002,0800000000,H,1561.45,9000000942
5000000943,US10,2025,2025-06-07,001,0140000000,S,1194.54,9000000943
5000000943,US10,2025,2025-06-07,002,0800000000,H,1194.54,9000000943
5000000944,IN30,2026,2026-03-27,001,0140000000,S,1257.51,9000000944
5000000944,IN30,2026,2026-03-27,002,0800000000,H,1257.51,9000000944
5000000946,DE20,2026,2026-04-03,001,0140000000,S,2612.75,9000000946
5000000946,DE20,2026,2026-04-03,002,0800000000,H,2612.75,9000000946
5000000947,US10,2025,2025-04-14,001,0140000000,S,372.06,9000000947
5000000947,US10,2025,2025-04-14,002,0800000000,H,372.06,9000000947
5000000948,IN30,2025,2025-11-02,001,0140000000,S,607.2,9000000948
5000000948,IN30,2025,2025-11-02,002,0800000000,H,607.2,9000000948
5000000949,US10,2025,2025-03-21,001,0140000000,S,5117.28,9000000949
5000000949,US10,2025,2025-03-21,002,0800000000,H,5117.28,9000000949
5000000950,US10,2025,2025-06-27,001,0140000000,S,3282.58,9000000950
5000000950,US10,2025,2025-06-27,002,0800000000,H,3282.58,9000000950
5000000951,US10,2025,2025-12-26,001,0140000000,S,1321.46,9000000951
5000000951,US10,2025,2025-12-26,002,0800000000,H,1321.46,9000000951
5000000952,DE20,2025,2025-01-17,001,0140000000,S,1124.3,9000000952
5000000952,DE20,2025,2025-01-17,002,0800000000,H,1124.3,9000000952
5000000953,US10,2025,2025-04-30,001,0140000000,S,4061.38,9000000953
5000000953,US10,2025,2025-04-30,002,0800000000,H,4061.38,9000000953
5000000955,IN30,2025,2025-06-28,001,0140000000,S,754.39,9000000955
5000000955,IN30,2025,2025-06-28,002,0800000000,H,754.39,9000000955
5000000956,US10,2025,2025-06-30,001,0140000000,S,211.08,9000000956
5000000956,US10,2025,2025-06-30,002,0800000000,H,211.08,9000000956
5000000957,DE20,2025,2025-03-17,001,0140000000,S,5779.12,9000000957
5000000957,DE20,2025,2025-03-17,002,0800000000,H,5779.12,9000000957
5000000958,US10,2024,2024-12-15,001,0140000000,S,5403.63,9000000958
5000000958,US10,2024,2024-12-15,002,0800000000,H,5403.63,9000000958
5000000959,US10,2026,2026-03-18,001,0140000000,S,1019.81,9000000959
5000000959,US10,2026,2026-03-18,002,0800000000,H,1019.81,9000000959
5000000960,IN30,2025,2025-09-13,001,0140000000,S,325.8,9000000960
5000000960,IN30,2025,2025-09-13,002,0800000000,H,325.8,9000000960
5000000962,US10,2025,2025-02-16,001,0140000000,S,804.76,9000000962
5000000962,US10,2025,2025-02-16,002,0800000000,H,804.76,9000000962
5000000963,US10,2026,2026-09-11,001,0140000000,S,1434.12,9000000963
5000000963,US10,2026,2026-09-11,002,0800000000,H,1434.12,9000000963
5000000964,DE20,2024,2024-11-15,001,0140000000,H,14.31,9000000964
5000000964,DE20,2024,2024-11-15,002,0801000000,S,14.31,9000000964
5000000965,US10,2024,2024-10-05,001,0140000000,H,50.13,9000000965
5000000965,US10,2024,2024-10-05,002,0801000000,S,50.13,9000000965
5000000966,US10,2026,2026-08-21,001,0140000000,S,1052.4,9000000966
5000000966,US10,2026,2026-08-21,002,0800000000,H,1052.4,9000000966
5000000967,IN30,2025,2025-05-23,001,0140000000,S,5178.13,9000000967
5000000967,IN30,2025,2025-05-23,002,0800000000,H,5178.13,9000000967
5000000968,US10,2025,2025-09-23,001,0140000000,S,16285.64,9000000968
5000000968,US10,2025,2025-09-23,002,0800000000,H,16285.64,9000000968
5000000970,DE20,2025,2025-02-25,001,0140000000,S,2840.19,9000000970
5000000970,DE20,2025,2025-02-25,002,0800000000,H,2840.19,9000000970
5000000971,US10,2026,2026-08-04,001,0140000000,S,718.58,9000000971
5000000971,US10,2026,2026-08-04,002,0800000000,H,718.58,9000000971
5000000972,IN30,2026,2026-08-01,001,0140000000,S,287.08,9000000972
5000000972,IN30,2026,2026-08-01,002,0800000000,H,287.08,9000000972
5000000973,IN30,2025,2025-09-14,001,0140000000,S,8967.52,9000000973
5000000973,IN30,2025,2025-09-14,002,0800000000,H,8967.52,9000000973
5000000974,US10,2025,2025-10-31,001,0140000000,S,4360.16,9000000974
5000000974,US10,2025,2025-10-31,002,0800000000,H,4360.16,9000000974
5000000976,US10,2026,2026-03-19,001,0140000000,S,4735.2,9000000976
5000000976,US10,2026,2026-03-19,002,0800000000,H,4735.2,9000000976
5000000977,US10,2025,2025-12-02,001,0140000000,S,1071.65,9000000977
5000000977,US10,2025,2025-12-02,002,0800000000,H,1071.65,9000000977
5000000978,US10,2025,2025-08-20,001,0140000000,S,2098.2,9000000978
5000000978,US10,2025,2025-08-20,002,0800000000,H,2098.2,9000000978
5000000979,US10,2024,2024-11-14,001,0140000000,S,691.15,9000000979
5000000979,US10,2024,2024-11-14,002,0800000000,H,691.15,9000000979
5000000980,DE20,2026,2026-06-11,001,0140000000,S,230.32,9000000980
5000000980,DE20,2026,2026-06-11,002,0800000000,H,230.32,9000000980
5000000981,US10,2026,2026-01-13,001,0140000000,S,1919.08,9000000981
5000000981,US10,2026,2026-01-13,002,0800000000,H,1919.08,9000000981
5000000982,US10,2025,2025-05-05,001,0140000000,S,2770.72,9000000982
5000000982,US10,2025,2025-05-05,002,0800000000,H,2770.72,9000000982
5000000983,US10,2026,2026-03-10,001,0140000000,S,169.5,9000000983
5000000983,US10,2026,2026-03-10,002,0800000000,H,169.5,9000000983
5000000984,DE20,2025,2025-11-16,001,0140000000,S,575.28,9000000984
5000000984,DE20,2025,2025-11-16,002,0800000000,H,575.28,9000000984
5000000985,US10,2024,2024-11-17,001,0140000000,S,3696.58,9000000985
5000000985,US10,2024,2024-11-17,002,0800000000,H,3696.58,9000000985
5000000986,DE20,2024,2024-12-31,001,0140000000,S,927.42,9000000986
5000000986,DE20,2024,2024-12-31,002,0800000000,H,927.42,9000000986
5000000987,US10,2024,2024-10-30,001,0140000000,S,4119.89,9000000987
5000000987,US10,2024,2024-10-30,002,0800000000,H,4119.89,9000000987
5000000988,US10,2026,2026-01-19,001,0140000000,S,5372.9,9000000988
5000000988,US10,2026,2026-01-19,002,0800000000,H,5372.9,9000000988
5000000989,DE20,2025,2025-03-23,001,0140000000,S,2470.47,9000000989
5000000989,DE20,2025,2025-03-23,002,0800000000,H,2470.47,9000000989
5000000990,US10,2026,2026-04-28,001,0140000000,S,3606.92,9000000990
5000000990,US10,2026,2026-04-28,002,0800000000,H,3606.92,9000000990
5000000991,DE20,2025,2025-10-06,001,0140000000,S,466.98,9000000991
5000000991,DE20,2025,2025-10-06,002,0800000000,H,466.98,9000000991
5000000992,US10,2025,2025-04-14,001,0140000000,S,338.76,9000000992
5000000992,US10,2025,2025-04-14,002,0800000000,H,338.76,9000000992
5000000993,DE20,2025,2025-06-16,001,0140000000,S,918.04,9000000993
5000000993,DE20,2025,2025-06-16,002,0800000000,H,918.04,9000000993
5000000994,IN30,2025,2025-11-21,001,0140000000,S,318.08,9000000994
5000000994,IN30,2025,2025-11-21,002,0800000000,H,318.08,9000000994
5000000995,DE20,2025,2025-05-18,001,0140000000,S,16.36,9000000995
5000000995,DE20,2025,2025-05-18,002,0800000000,H,16.36,9000000995
5000000996,US10,2025,2025-02-18,001,0140000000,S,9165.67,9000000996
5000000996,US10,2025,2025-02-18,002,0800000000,H,9165.67,9000000996
5000000997,US10,2025,2025-08-03,001,0140000000,S,3446.83,9000000997
5000000997,US10,2025,2025-08-03,002,0800000000,H,3446.83,9000000997
5000000998,US10,2025,2025-02-04,001,0140000000,S,5180.28,9000000998
5000000998,US10,2025,2025-02-04,002,0800000000,H,5180.28,9000000998
5000000999,DE20,2025,2025-12-26,001,0140000000,S,1811.7,9000000999
5000000999,DE20,2025,2025-12-26,002,0800000000,H,1811.7,9000000999
5000001000,DE20,2025,2025-11-15,001,0140000000,S,5509.3,9000001000
5000001000,DE20,2025,2025-11-15,002,0800000000,H,5509.3,9000001000
5000001001,US10,2024,2024-11-11,001,0140000000,S,1459.2,9000001001
5000001001,US10,2024,2024-11-11,002,0800000000,H,1459.2,9000001001
5000001002,IN30,2026,2026-01-14,001,0140000000,H,508.53,9000001002
5000001002,IN30,2026,2026-01-14,002,0801000000,S,508.53,9000001002
5000001003,US10,2026,2026-02-26,001,0140000000,S,7170.65,9000001003
5000001003,US10,2026,2026-02-26,002,0800000000,H,7170.65,9000001003
5000001004,US10,2025,2025-01-31,001,0140000000,S,5206.01,9000001004
5000001004,US10,2025,2025-01-31,002,0800000000,H,5206.01,9000001004
5000001005,US10,2025,2025-12-20,001,0140000000,S,2244.38,9000001005
5000001005,US10,2025,2025-12-20,002,0800000000,H,2244.38,9000001005
5000001006,IN30,2026,2026-01-31,001,0140000000,S,1532.99,9000001006
5000001006,IN30,2026,2026-01-31,002,0800000000,H,1532.99,9000001006
5000001007,US10,2026,2026-03-19,001,0140000000,S,1900.29,9000001007
5000001007,US10,2026,2026-03-19,002,0800000000,H,1900.29,9000001007
5000001008,DE20,2024,2024-10-25,001,0140000000,S,745.29,9000001008
5000001008,DE20,2024,2024-10-25,002,0800000000,H,745.29,9000001008
5000001009,IN30,2025,2025-02-13,001,0140000000,S,2127.36,9000001009
5000001009,IN30,2025,2025-02-13,002,0800000000,H,2127.36,9000001009
5000001010,US10,2025,2025-05-09,001,0140000000,H,492.57,9000001010
5000001010,US10,2025,2025-05-09,002,0801000000,S,492.57,9000001010
5000001011,US10,2025,2025-04-17,001,0140000000,S,1060.8,9000001011
5000001011,US10,2025,2025-04-17,002,0800000000,H,1060.8,9000001011
5000001012,IN30,2026,2026-06-07,001,0140000000,S,3282.73,9000001012
5000001012,IN30,2026,2026-06-07,002,0800000000,H,3282.73,9000001012
5000001013,US10,2025,2025-06-17,001,0140000000,S,5149.25,9000001013
5000001013,US10,2025,2025-06-17,002,0800000000,H,5149.25,9000001013
5000001015,US10,2025,2025-02-04,001,0140000000,S,1956.27,9000001015
5000001015,US10,2025,2025-02-04,002,0800000000,H,1956.27,9000001015
5000001016,US10,2026,2026-03-23,001,0140000000,S,882.06,9000001016
5000001016,US10,2026,2026-03-23,002,0800000000,H,882.06,9000001016
5000001017,US10,2025,2025-10-28,001,0140000000,S,2425.9,9000001017
5000001017,US10,2025,2025-10-28,002,0800000000,H,2425.9,9000001017
5000001018,DE20,2025,2025-09-18,001,0140000000,S,3167.93,9000001018
5000001018,DE20,2025,2025-09-18,002,0800000000,H,3167.93,9000001018
5000001019,US10,2025,2025-08-14,001,0140000000,S,121.55,9000001019
5000001019,US10,2025,2025-08-14,002,0800000000,H,121.55,9000001019
5000001020,DE20,2025,2025-11-02,001,0140000000,S,556.37,9000001020
5000001020,DE20,2025,2025-11-02,002,0800000000,H,556.37,9000001020
5000001021,US10,2024,2024-12-25,001,0140000000,S,2345.04,9000001021
5000001021,US10,2024,2024-12-25,002,0800000000,H,2345.04,9000001021
5000001022,US10,2026,2026-02-02,001,0140000000,S,7779.97,9000001022
5000001022,US10,2026,2026-02-02,002,0800000000,H,7779.97,9000001022
5000001023,US10,2024,2024-10-30,001,0140000000,S,1313.36,9000001023
5000001023,US10,2024,2024-10-30,002,0800000000,H,1313.36,9000001023
5000001024,DE20,2025,2025-03-20,001,0140000000,S,2093.13,9000001024
5000001024,DE20,2025,2025-03-20,002,0800000000,H,2093.13,9000001024
5000001025,DE20,2025,2025-07-16,001,0140000000,S,1466.28,9000001025
5000001025,DE20,2025,2025-07-16,002,0800000000,H,1466.28,9000001025
5000001026,IN30,2024,2024-11-22,001,0140000000,S,2851.14,9000001026
5000001026,IN30,2024,2024-11-22,002,0800000000,H,2851.14,9000001026
5000001027,US10,2025,2025-04-05,001,0140000000,S,761.3,9000001027
5000001027,US10,2025,2025-04-05,002,0800000000,H,761.3,9000001027
5000001028,US10,2026,2026-02-01,001,0140000000,S,2378.02,9000001028
5000001028,US10,2026,2026-02-01,002,0800000000,H,2378.02,9000001028
5000001029,US10,2025,2025-06-22,001,0140000000,S,384.39,9000001029
5000001029,US10,2025,2025-06-22,002,0800000000,H,384.39,9000001029
5000001030,DE20,2026,2026-04-29,001,0140000000,S,3784.28,9000001030
5000001030,DE20,2026,2026-04-29,002,0800000000,H,3784.28,9000001030
5000001031,US10,2025,2025-11-21,001,0140000000,S,4205.43,9000001031
5000001031,US10,2025,2025-11-21,002,0800000000,H,4205.43,9000001031
5000001032,US10,2026,2026-03-16,001,0140000000,S,1098.66,9000001032
5000001032,US10,2026,2026-03-16,002,0800000000,H,1098.66,9000001032
5000001033,DE20,2025,2025-09-24,001,0140000000,S,1287.69,9000001033
5000001033,DE20,2025,2025-09-24,002,0800000000,H,1287.69,9000001033
5000001034,US10,2026,2026-04-15,001,0140000000,S,2899.25,9000001034
5000001034,US10,2026,2026-04-15,002,0800000000,H,2899.25,9000001034
5000001035,US10,2026,2026-06-30,001,0140000000,S,731.55,9000001035
5000001035,US10,2026,2026-06-30,002,0800000000,H,731.55,9000001035
5000001036,DE20,2025,2025-01-27,001,0140000000,S,2790.05,9000001036
5000001036,DE20,2025,2025-01-27,002,0800000000,H,2790.05,9000001036
5000001037,US10,2024,2024-10-22,001,0140000000,S,564.05,9000001037
5000001037,US10,2024,2024-10-22,002,0800000000,H,564.05,9000001037
5000001038,US10,2026,2026-07-29,001,0140000000,S,601.44,9000001038
5000001038,US10,2026,2026-07-29,002,0800000000,H,601.44,9000001038
5000001039,DE20,2025,2025-11-11,001,0140000000,S,462.07,9000001039
5000001039,DE20,2025,2025-11-11,002,0800000000,H,462.07,9000001039
5000001040,US10,2025,2025-08-13,001,0140000000,S,4760.28,9000001040
5000001040,US10,2025,2025-08-13,002,0800000000,H,4760.28,9000001040
5000001041,IN30,2025,2025-07-29,001,0140000000,S,2772.46,9000001041
5000001041,IN30,2025,2025-07-29,002,0800000000,H,2772.46,9000001041
5000001043,US10,2026,2026-01-12,001,0140000000,H,107.57,9000001043
5000001043,US10,2026,2026-01-12,002,0801000000,S,107.57,9000001043
5000001044,US10,2026,2026-01-09,001,0140000000,S,312.64,9000001044
5000001044,US10,2026,2026-01-09,002,0800000000,H,312.64,9000001044
5000001045,DE20,2026,2026-01-19,001,0140000000,S,1148.55,9000001045
5000001045,DE20,2026,2026-01-19,002,0800000000,H,1148.55,9000001045
5000001046,IN30,2026,2026-06-28,001,0140000000,S,12564.72,9000001046
5000001046,IN30,2026,2026-06-28,002,0800000000,H,12564.72,9000001046
5000001047,US10,2025,2025-10-11,001,0140000000,S,5737.95,9000001047
5000001047,US10,2025,2025-10-11,002,0800000000,H,5737.95,9000001047
5000001048,IN30,2026,2026-06-17,001,0140000000,S,869.0,9000001048
5000001048,IN30,2026,2026-06-17,002,0800000000,H,869.0,9000001048
5000001049,DE20,2024,2024-12-19,001,0140000000,S,5175.43,9000001049
5000001049,DE20,2024,2024-12-19,002,0800000000,H,5175.43,9000001049
5000001050,US10,2024,2024-12-09,001,0140000000,S,2625.5,9000001050
5000001050,US10,2024,2024-12-09,002,0800000000,H,2625.5,9000001050
5000001051,IN30,2024,2024-10-24,001,0140000000,S,2210.75,9000001051
5000001051,IN30,2024,2024-10-24,002,0800000000,H,2210.75,9000001051
5000001053,DE20,2025,2025-01-19,001,0140000000,S,1582.14,9000001053
5000001053,DE20,2025,2025-01-19,002,0800000000,H,1582.14,9000001053
5000001054,US10,2026,2026-02-23,001,0140000000,S,1123.45,9000001054
5000001054,US10,2026,2026-02-23,002,0800000000,H,1123.45,9000001054
5000001055,DE20,2026,2026-01-02,001,0140000000,S,3323.54,9000001055
5000001055,DE20,2026,2026-01-02,002,0800000000,H,3323.54,9000001055
5000001056,US10,2025,2025-01-18,001,0140000000,S,895.85,9000001056
5000001056,US10,2025,2025-01-18,002,0800000000,H,895.85,9000001056
5000001057,US10,2024,2024-09-28,001,0140000000,S,263.12,9000001057
5000001057,US10,2024,2024-09-28,002,0800000000,H,263.12,9000001057
5000001058,US10,2024,2024-11-29,001,0140000000,S,2827.6,9000001058
5000001058,US10,2024,2024-11-29,002,0800000000,H,2827.6,9000001058
5000001059,US10,2026,2026-04-10,001,0140000000,S,1302.65,9000001059
5000001059,US10,2026,2026-04-10,002,0800000000,H,1302.65,9000001059
5000001060,IN30,2025,2025-01-30,001,0140000000,S,786.0,9000001060
5000001060,IN30,2025,2025-01-30,002,0800000000,H,786.0,9000001060
5000001061,DE20,2025,2025-03-01,001,0140000000,S,240.65,9000001061
5000001061,DE20,2025,2025-03-01,002,0800000000,H,240.65,9000001061
5000001062,DE20,2026,2026-03-08,001,0140000000,S,3362.22,9000001062
5000001062,DE20,2026,2026-03-08,002,0800000000,H,3362.22,9000001062
5000001063,US10,2025,2025-08-07,001,0140000000,S,1685.68,9000001063
5000001063,US10,2025,2025-08-07,002,0800000000,H,1685.68,9000001063
5000001064,US10,2025,2025-05-30,001,0140000000,S,400.1,9000001064
5000001064,US10,2025,2025-05-30,002,0800000000,H,400.1,9000001064
5000001065,US10,2026,2026-03-10,001,0140000000,H,401.93,9000001065
5000001065,US10,2026,2026-03-10,002,0801000000,S,401.93,9000001065
5000001066,IN30,2025,2025-06-11,001,0140000000,S,36.4,9000001066
5000001066,IN30,2025,2025-06-11,002,0800000000,H,36.4,9000001066
5000001067,US10,2026,2026-08-04,001,0140000000,H,226.14,9000001067
5000001067,US10,2026,2026-08-04,002,0801000000,S,226.14,9000001067
5000001068,US10,2024,2024-12-14,001,0140000000,S,25638.01,9000001068
5000001068,US10,2024,2024-12-14,002,0800000000,H,25638.01,9000001068
5000001069,IN30,2025,2025-11-28,001,0140000000,S,3289.67,9000001069
5000001069,IN30,2025,2025-11-28,002,0800000000,H,3289.67,9000001069
5000001070,DE20,2025,2025-07-20,001,0140000000,S,228.84,9000001070
5000001070,DE20,2025,2025-07-20,002,0800000000,H,228.84,9000001070
5000001071,DE20,2025,2025-04-28,001,0140000000,H,12.35,9000001071
5000001071,DE20,2025,2025-04-28,002,0801000000,S,12.35,9000001071
5000001072,US10,2024,2024-09-28,001,0140000000,S,551.79,9000001072
5000001072,US10,2024,2024-09-28,002,0800000000,H,551.79,9000001072
5000001073,DE20,2025,2025-02-21,001,0140000000,S,3595.12,9000001073
5000001073,DE20,2025,2025-02-21,002,0800000000,H,3595.12,9000001073
5000001074,DE20,2026,2026-02-11,001,0140000000,S,3025.65,9000001074
5000001074,DE20,2026,2026-02-11,002,0800000000,H,3025.65,9000001074
5000001075,US10,2025,2025-03-20,001,0140000000,S,390.32,9000001075
5000001075,US10,2025,2025-03-20,002,0800000000,H,390.32,9000001075
5000001076,US10,2025,2025-07-07,001,0140000000,S,1659.5,9000001076
5000001076,US10,2025,2025-07-07,002,0800000000,H,1659.5,9000001076
5000001078,DE20,2025,2025-07-20,001,0140000000,S,1580.54,9000001078
5000001078,DE20,2025,2025-07-20,002,0800000000,H,1580.54,9000001078
5000001079,IN30,2025,2025-03-30,001,0140000000,S,2031.9,9000001079
5000001079,IN30,2025,2025-03-30,002,0800000000,H,2031.9,9000001079
5000001080,US10,2025,2025-08-08,001,0140000000,S,1493.98,9000001080
5000001080,US10,2025,2025-08-08,002,0800000000,H,1493.98,9000001080
5000001081,IN30,2024,2024-09-25,001,0140000000,S,5275.76,9000001081
5000001081,IN30,2024,2024-09-25,002,0800000000,H,5275.76,9000001081
5000001082,US10,2026,2026-02-22,001,0140000000,S,2262.93,9000001082
5000001082,US10,2026,2026-02-22,002,0800000000,H,2262.93,9000001082
5000001084,DE20,2026,2026-02-03,001,0140000000,S,2481.14,9000001084
5000001084,DE20,2026,2026-02-03,002,0800000000,H,2481.14,9000001084
5000001085,DE20,2025,2025-11-30,001,0140000000,S,8162.68,9000001085
5000001085,DE20,2025,2025-11-30,002,0800000000,H,8162.68,9000001085
5000001086,DE20,2026,2026-01-21,001,0140000000,S,3710.26,9000001086
5000001086,DE20,2026,2026-01-21,002,0800000000,H,3710.26,9000001086
5000001087,DE20,2026,2026-07-08,001,0140000000,S,9430.6,9000001087
5000001087,DE20,2026,2026-07-08,002,0800000000,H,9430.6,9000001087
5000001088,DE20,2025,2025-12-20,001,0140000000,S,5944.29,9000001088
5000001088,DE20,2025,2025-12-20,002,0800000000,H,5944.29,9000001088
5000001089,DE20,2025,2025-07-16,001,0140000000,S,923.06,9000001089
5000001089,DE20,2025,2025-07-16,002,0800000000,H,923.06,9000001089
5000001090,US10,2026,2026-01-23,001,0140000000,S,951.52,9000001090
5000001090,US10,2026,2026-01-23,002,0800000000,H,951.52,9000001090
5000001091,US10,2025,2025-03-04,001,0140000000,S,907.0,9000001091
5000001091,US10,2025,2025-03-04,002,0800000000,H,907.0,9000001091
5000001092,US10,2026,2026-01-24,001,0140000000,H,59.13,9000001092
5000001092,US10,2026,2026-01-24,002,0801000000,S,59.13,9000001092
5000001093,US10,2026,2026-03-18,001,0140000000,S,4873.04,9000001093
5000001093,US10,2026,2026-03-18,002,0800000000,H,4873.04,9000001093
5000001094,US10,2025,2025-07-15,001,0140000000,S,3145.08,9000001094
5000001094,US10,2025,2025-07-15,002,0800000000,H,3145.08,9000001094
5000001095,US10,2026,2026-05-19,001,0140000000,S,3612.21,9000001095
5000001095,US10,2026,2026-05-19,002,0800000000,H,3612.21,9000001095
5000001096,US10,2026,2026-02-16,001,0140000000,S,3525.38,9000001096
5000001096,US10,2026,2026-02-16,002,0800000000,H,3525.38,9000001096
5000001097,US10,2026,2026-04-02,001,0140000000,S,899.3,9000001097
5000001097,US10,2026,2026-04-02,002,0800000000,H,899.3,9000001097
5000001098,DE20,2025,2025-08-29,001,0140000000,S,3096.0,9000001098
5000001098,DE20,2025,2025-08-29,002,0800000000,H,3096.0,9000001098
5000001099,US10,2024,2024-11-04,001,0140000000,S,2325.14,9000001099
5000001099,US10,2024,2024-11-04,002,0800000000,H,2325.14,9000001099
5000001100,US10,2025,2025-07-12,001,0140000000,S,6412.0,9000001100
5000001100,US10,2025,2025-07-12,002,0800000000,H,6412.0,9000001100
5000001101,US10,2025,2025-08-31,001,0140000000,S,568.0,9000001101
5000001101,US10,2025,2025-08-31,002,0800000000,H,568.0,9000001101
5000001103,US10,2024,2024-12-01,001,0140000000,S,564.78,9000001103
5000001103,US10,2024,2024-12-01,002,0800000000,H,564.78,9000001103
5000001105,DE20,2025,2025-07-30,001,0140000000,S,2687.22,9000001105
5000001105,DE20,2025,2025-07-30,002,0800000000,H,2687.22,9000001105
5000001106,US10,2025,2025-11-22,001,0140000000,S,6201.87,9000001106
5000001106,US10,2025,2025-11-22,002,0800000000,H,6201.87,9000001106
5000001107,US10,2025,2025-10-25,001,0140000000,S,3306.96,9000001107
5000001107,US10,2025,2025-10-25,002,0800000000,H,3306.96,9000001107
5000001108,DE20,2025,2025-10-23,001,0140000000,S,3647.97,9000001108
5000001108,DE20,2025,2025-10-23,002,0800000000,H,3647.97,9000001108
5000001109,IN30,2025,2025-08-16,001,0140000000,S,1769.55,9000001109
5000001109,IN30,2025,2025-08-16,002,0800000000,H,1769.55,9000001109
5000001110,US10,2026,2026-04-06,001,0140000000,S,2990.5,9000001110
5000001110,US10,2026,2026-04-06,002,0800000000,H,2990.5,9000001110
5000001111,DE20,2026,2026-06-25,001,0140000000,S,1467.88,9000001111
5000001111,DE20,2026,2026-06-25,002,0800000000,H,1467.88,9000001111
5000001112,DE20,2025,2025-08-23,001,0140000000,S,4000.58,9000001112
5000001112,DE20,2025,2025-08-23,002,0800000000,H,4000.58,9000001112
5000001113,US10,2025,2025-04-24,001,0140000000,S,1210.95,9000001113
5000001113,US10,2025,2025-04-24,002,0800000000,H,1210.95,9000001113
5000001114,US10,2026,2026-08-13,001,0140000000,S,536.64,9000001114
5000001114,US10,2026,2026-08-13,002,0800000000,H,536.64,9000001114
5000001115,US10,2025,2025-07-04,001,0140000000,S,1758.08,9000001115
5000001115,US10,2025,2025-07-04,002,0800000000,H,1758.08,9000001115
5000001116,US10,2025,2025-05-23,001,0140000000,S,4316.4,9000001116
5000001116,US10,2025,2025-05-23,002,0800000000,H,4316.4,9000001116
5000001117,US10,2026,2026-06-30,001,0140000000,S,6515.2,9000001117
5000001117,US10,2026,2026-06-30,002,0800000000,H,6515.2,9000001117
5000001119,IN30,2025,2025-04-24,001,0140000000,S,250.39,9000001119
5000001119,IN30,2025,2025-04-24,002,0800000000,H,250.39,9000001119
5000001120,US10,2025,2025-12-02,001,0140000000,S,2379.21,9000001120
5000001120,US10,2025,2025-12-02,002,0800000000,H,2379.21,9000001120
5000001121,US10,2026,2026-05-14,001,0140000000,S,11256.47,9000001121
5000001121,US10,2026,2026-05-14,002,0800000000,H,11256.47,9000001121
5000001122,US10,2025,2025-01-08,001,0140000000,S,714.76,9000001122
5000001122,US10,2025,2025-01-08,002,0800000000,H,714.76,9000001122
5000001123,US10,2025,2025-12-20,001,0140000000,S,68.96,9000001123
5000001123,US10,2025,2025-12-20,002,0800000000,H,68.96,9000001123
5000001124,IN30,2024,2024-10-08,001,0140000000,S,5381.72,9000001124
5000001124,IN30,2024,2024-10-08,002,0800000000,H,5381.72,9000001124
5000001125,DE20,2025,2025-01-11,001,0140000000,S,1237.25,9000001125
5000001125,DE20,2025,2025-01-11,002,0800000000,H,1237.25,9000001125
5000001126,US10,2025,2025-11-20,001,0140000000,S,3319.84,9000001126
5000001126,US10,2025,2025-11-20,002,0800000000,H,3319.84,9000001126
5000001127,DE20,2025,2025-06-08,001,0140000000,H,34.25,9000001127
5000001127,DE20,2025,2025-06-08,002,0801000000,S,34.25,9000001127
5000001128,US10,2026,2026-05-15,001,0140000000,S,4665.8,9000001128
5000001128,US10,2026,2026-05-15,002,0800000000,H,4665.8,9000001128
5000001129,US10,2025,2025-05-17,001,0140000000,S,394.56,9000001129
5000001129,US10,2025,2025-05-17,002,0800000000,H,394.56,9000001129
5000001130,US10,2026,2026-08-03,001,0140000000,S,33.52,9000001130
5000001130,US10,2026,2026-08-03,002,0800000000,H,33.52,9000001130
5000001131,IN30,2025,2025-03-16,001,0140000000,S,5650.25,9000001131
5000001131,IN30,2025,2025-03-16,002,0800000000,H,5650.25,9000001131
5000001132,IN30,2025,2025-07-21,001,0140000000,S,2701.38,9000001132
5000001132,IN30,2025,2025-07-21,002,0800000000,H,2701.38,9000001132
5000001133,DE20,2026,2026-04-12,001,0140000000,S,623.22,9000001133
5000001133,DE20,2026,2026-04-12,002,0800000000,H,623.22,9000001133
5000001134,US10,2026,2026-06-05,001,0140000000,H,917.52,9000001134
5000001134,US10,2026,2026-06-05,002,0801000000,S,917.52,9000001134
5000001135,US10,2025,2025-04-15,001,0140000000,S,1595.68,9000001135
5000001135,US10,2025,2025-04-15,002,0800000000,H,1595.68,9000001135
5000001136,IN30,2026,2026-02-09,001,0140000000,S,607.67,9000001136
5000001136,IN30,2026,2026-02-09,002,0800000000,H,607.67,9000001136
5000001137,US10,2025,2025-06-17,001,0140000000,S,645.81,9000001137
5000001137,US10,2025,2025-06-17,002,0800000000,H,645.81,9000001137
5000001138,US10,2025,2025-04-27,001,0140000000,S,1118.81,9000001138
5000001138,US10,2025,2025-04-27,002,0800000000,H,1118.81,9000001138
5000001139,US10,2025,2025-11-01,001,0140000000,S,2784.68,9000001139
5000001139,US10,2025,2025-11-01,002,0800000000,H,2784.68,9000001139
5000001140,US10,2026,2026-04-08,001,0140000000,S,4910.95,9000001140
5000001140,US10,2026,2026-04-08,002,0800000000,H,4910.95,9000001140
5000001141,DE20,2024,2024-12-21,001,0140000000,S,6015.14,9000001141
5000001141,DE20,2024,2024-12-21,002,0800000000,H,6015.14,9000001141
5000001142,IN30,2025,2025-04-06,001,0140000000,S,2555.32,9000001142
5000001142,IN30,2025,2025-04-06,002,0800000000,H,2555.32,9000001142
5000001143,US10,2025,2025-08-16,001,0140000000,S,861.28,9000001143
5000001143,US10,2025,2025-08-16,002,0800000000,H,861.28,9000001143
5000001144,DE20,2025,2025-03-21,001,0140000000,S,2558.2,9000001144
5000001144,DE20,2025,2025-03-21,002,0800000000,H,2558.2,9000001144
5000001145,IN30,2025,2025-01-10,001,0140000000,S,4413.69,9000001145
5000001145,IN30,2025,2025-01-10,002,0800000000,H,4413.69,9000001145
5000001146,US10,2025,2025-04-01,001,0140000000,S,2454.67,9000001146
5000001146,US10,2025,2025-04-01,002,0800000000,H,2454.67,9000001146
5000001147,IN30,2026,2026-04-22,001,0140000000,S,4848.36,9000001147
5000001147,IN30,2026,2026-04-22,002,0800000000,H,4848.36,9000001147
5000001148,DE20,2025,2025-02-13,001,0140000000,S,4096.91,9000001148
5000001148,DE20,2025,2025-02-13,002,0800000000,H,4096.91,9000001148
5000001149,DE20,2025,2025-10-17,001,0140000000,S,3733.15,9000001149
5000001149,DE20,2025,2025-10-17,002,0800000000,H,3733.15,9000001149
5000001150,US10,2025,2025-10-24,001,0140000000,S,5156.88,9000001150
5000001150,US10,2025,2025-10-24,002,0800000000,H,5156.88,9000001150
5000001151,US10,2026,2026-09-08,001,0140000000,S,2575.01,9000001151
5000001151,US10,2026,2026-09-08,002,0800000000,H,2575.01,9000001151
5000001152,DE20,2025,2025-09-05,001,0140000000,S,1685.89,9000001152
5000001152,DE20,2025,2025-09-05,002,0800000000,H,1685.89,9000001152
5000001153,US10,2026,2026-06-04,001,0140000000,S,5854.97,9000001153
5000001153,US10,2026,2026-06-04,002,0800000000,H,5854.97,9000001153
5000001154,US10,2026,2026-08-06,001,0140000000,S,2129.65,9000001154
5000001154,US10,2026,2026-08-06,002,0800000000,H,2129.65,9000001154
5000001155,IN30,2026,2026-05-16,001,0140000000,S,286.86,9000001155
5000001155,IN30,2026,2026-05-16,002,0800000000,H,286.86,9000001155
5000001156,DE20,2024,2024-12-08,001,0140000000,S,1449.25,9000001156
5000001156,DE20,2024,2024-12-08,002,0800000000,H,1449.25,9000001156
5000001157,IN30,2025,2025-11-19,001,0140000000,S,3551.76,9000001157
5000001157,IN30,2025,2025-11-19,002,0800000000,H,3551.76,9000001157
5000001158,US10,2025,2025-10-25,001,0140000000,S,5268.15,9000001158
5000001158,US10,2025,2025-10-25,002,0800000000,H,5268.15,9000001158
5000001159,DE20,2026,2026-01-12,001,0140000000,S,1493.22,9000001159
5000001159,DE20,2026,2026-01-12,002,0800000000,H,1493.22,9000001159
5000001160,DE20,2025,2025-11-16,001,0140000000,S,1183.82,9000001160
5000001160,DE20,2025,2025-11-16,002,0800000000,H,1183.82,9000001160
5000001161,US10,2025,2025-07-05,001,0140000000,S,7933.32,9000001161
5000001161,US10,2025,2025-07-05,002,0800000000,H,7933.32,9000001161
5000001162,IN30,2025,2025-07-16,001,0140000000,S,651.18,9000001162
5000001162,IN30,2025,2025-07-16,002,0800000000,H,651.18,9000001162
5000001163,US10,2025,2025-10-04,001,0140000000,S,3047.14,9000001163
5000001163,US10,2025,2025-10-04,002,0800000000,H,3047.14,9000001163
5000001164,US10,2025,2025-07-07,001,0140000000,S,4814.14,9000001164
5000001164,US10,2025,2025-07-07,002,0800000000,H,4814.14,9000001164
5000001165,US10,2025,2025-12-25,001,0140000000,S,510.72,9000001165
5000001165,US10,2025,2025-12-25,002,0800000000,H,510.72,9000001165
5000001166,DE20,2025,2025-10-21,001,0140000000,S,1977.32,9000001166
5000001166,DE20,2025,2025-10-21,002,0800000000,H,1977.32,9000001166
5000001167,DE20,2026,2026-05-01,001,0140000000,S,216.63,9000001167
5000001167,DE20,2026,2026-05-01,002,0800000000,H,216.63,9000001167
5000001168,US10,2026,2026-06-19,001,0140000000,S,5315.68,9000001168
5000001168,US10,2026,2026-06-19,002,0800000000,H,5315.68,9000001168
5000001170,US10,2026,2026-06-12,001,0140000000,S,2884.74,9000001170
5000001170,US10,2026,2026-06-12,002,0800000000,H,2884.74,9000001170
5000001171,US10,2025,2025-01-15,001,0140000000,S,6009.39,9000001171
5000001171,US10,2025,2025-01-15,002,0800000000,H,6009.39,9000001171
5000001172,US10,2025,2025-01-03,001,0140000000,H,227.8,9000001172
5000001172,US10,2025,2025-01-03,002,0801000000,S,227.8,9000001172
5000001173,US10,2025,2025-05-06,001,0140000000,S,3698.53,9000001173
5000001173,US10,2025,2025-05-06,002,0800000000,H,3698.53,9000001173
5000001174,US10,2025,2025-08-24,001,0140000000,H,112.58,9000001174
5000001174,US10,2025,2025-08-24,002,0801000000,S,112.58,9000001174
5000001175,IN30,2026,2026-06-04,001,0140000000,S,1892.19,9000001175
5000001175,IN30,2026,2026-06-04,002,0800000000,H,1892.19,9000001175
5000001176,US10,2025,2025-06-03,001,0140000000,S,2318.45,9000001176
5000001176,US10,2025,2025-06-03,002,0800000000,H,2318.45,9000001176
5000001177,US10,2025,2025-06-21,001,0140000000,S,3796.39,9000001177
5000001177,US10,2025,2025-06-21,002,0800000000,H,3796.39,9000001177
5000001178,IN30,2026,2026-05-01,001,0140000000,S,1260.37,9000001178
5000001178,IN30,2026,2026-05-01,002,0800000000,H,1260.37,9000001178
5000001179,US10,2024,2024-12-07,001,0140000000,S,4951.47,9000001179
5000001179,US10,2024,2024-12-07,002,0800000000,H,4951.47,9000001179
5000001180,DE20,2025,2025-04-15,001,0140000000,H,1515.41,9000001180
5000001180,DE20,2025,2025-04-15,002,0801000000,S,1515.41,9000001180
5000001181,US10,2025,2025-02-07,001,0140000000,S,923.9,9000001181
5000001181,US10,2025,2025-02-07,002,0800000000,H,923.9,9000001181
5000001182,IN30,2025,2025-11-09,001,0140000000,S,29.1,9000001182
5000001182,IN30,2025,2025-11-09,002,0800000000,H,29.1,9000001182
5000001183,DE20,2025,2025-02-19,001,0140000000,S,10065.08,9000001183
5000001183,DE20,2025,2025-02-19,002,0800000000,H,10065.08,9000001183
5000001184,US10,2026,2026-06-12,001,0140000000,S,2549.14,9000001184
5000001184,US10,2026,2026-06-12,002,0800000000,H,2549.14,9000001184
5000001185,US10,2024,2024-12-16,001,0140000000,S,8652.48,9000001185
5000001185,US10,2024,2024-12-16,002,0800000000,H,8652.48,9000001185
5000001186,US10,2026,2026-04-30,001,0140000000,S,12107.55,9000001186
5000001186,US10,2026,2026-04-30,002,0800000000,H,12107.55,9000001186
5000001187,DE20,2025,2025-04-05,001,0140000000,S,11501.75,9000001187
5000001187,DE20,2025,2025-04-05,002,0800000000,H,11501.75,9000001187
5000001188,IN30,2026,2026-05-01,001,0140000000,S,3354.11,9000001188
5000001188,IN30,2026,2026-05-01,002,0800000000,H,3354.11,9000001188
5000001189,US10,2025,2025-08-24,001,0140000000,S,13.62,9000001189
5000001189,US10,2025,2025-08-24,002,0800000000,H,13.62,9000001189
5000001190,US10,2025,2025-09-07,001,0140000000,S,5983.52,9000001190
5000001190,US10,2025,2025-09-07,002,0800000000,H,5983.52,9000001190
5000001191,US10,2025,2025-12-29,001,0140000000,S,291.9,9000001191
5000001191,US10,2025,2025-12-29,002,0800000000,H,291.9,9000001191
5000001192,US10,2026,2026-08-21,001,0140000000,S,1386.57,9000001192
5000001192,US10,2026,2026-08-21,002,0800000000,H,1386.57,9000001192
5000001193,US10,2025,2025-08-18,001,0140000000,S,8929.93,9000001193
5000001193,US10,2025,2025-08-18,002,0800000000,H,8929.93,9000001193
5000001194,IN30,2025,2025-10-09,001,0140000000,S,4721.94,9000001194
5000001194,IN30,2025,2025-10-09,002,0800000000,H,4721.94,9000001194
5000001195,US10,2024,2024-11-21,001,0140000000,S,4249.2,9000001195
5000001195,US10,2024,2024-11-21,002,0800000000,H,4249.2,9000001195
5000001196,DE20,2026,2026-01-19,001,0140000000,S,2411.86,9000001196
5000001196,DE20,2026,2026-01-19,002,0800000000,H,2411.86,9000001196
5000001197,US10,2025,2025-07-06,001,0140000000,S,1535.74,9000001197
5000001197,US10,2025,2025-07-06,002,0800000000,H,1535.74,9000001197
5000001198,US10,2026,2026-07-25,001,0140000000,S,49.69,9000001198
5000001198,US10,2026,2026-07-25,002,0800000000,H,49.69,9000001198
5000001199,DE20,2025,2025-04-26,001,0140000000,S,2004.77,9000001199
5000001199,DE20,2025,2025-04-26,002,0800000000,H,2004.77,9000001199
5000001200,US10,2024,2024-11-06,001,0140000000,S,52.92,9000001200
5000001200,US10,2024,2024-11-06,002,0800000000,H,52.92,9000001200
5000001201,US10,2026,2026-09-01,001,0140000000,S,26.85,9000001201
5000001201,US10,2026,2026-09-01,002,0800000000,H,26.85,9000001201
5000001202,IN30,2026,2026-03-20,001,0140000000,S,152.14,9000001202
5000001202,IN30,2026,2026-03-20,002,0800000000,H,152.14,9000001202
5000001203,US10,2026,2026-07-06,001,0140000000,S,532.3,9000001203
5000001203,US10,2026,2026-07-06,002,0800000000,H,532.3,9000001203
5000001204,DE20,2025,2025-05-20,001,0140000000,S,2175.52,9000001204
5000001204,DE20,2025,2025-05-20,002,0800000000,H,2175.52,9000001204
5000001205,US10,2026,2026-05-24,001,0140000000,S,1785.34,9000001205
5000001205,US10,2026,2026-05-24,002,0800000000,H,1785.34,9000001205
5000001206,US10,2025,2025-03-21,001,0140000000,S,507.68,9000001206
5000001206,US10,2025,2025-03-21,002,0800000000,H,507.68,9000001206
5000001207,DE20,2026,2026-07-21,001,0140000000,S,5363.0,9000001207
5000001207,DE20,2026,2026-07-21,002,0800000000,H,5363.0,9000001207
5000001208,US10,2025,2025-08-11,001,0140000000,S,391.02,9000001208
5000001208,US10,2025,2025-08-11,002,0800000000,H,391.02,9000001208
5000001209,DE20,2025,2025-02-14,001,0140000000,S,684.4,9000001209
5000001209,DE20,2025,2025-02-14,002,0800000000,H,684.4,9000001209
5000001210,IN30,2026,2026-05-28,001,0140000000,S,2436.0,9000001210
5000001210,IN30,2026,2026-05-28,002,0800000000,H,2436.0,9000001210
5000001211,US10,2026,2026-04-22,001,0140000000,S,1012.98,9000001211
5000001211,US10,2026,2026-04-22,002,0800000000,H,1012.98,9000001211
5000001212,US10,2024,2024-12-13,001,0140000000,S,796.2,9000001212
5000001212,US10,2024,2024-12-13,002,0800000000,H,796.2,9000001212
5000001213,DE20,2026,2026-09-01,001,0140000000,S,1391.3,9000001213
5000001213,DE20,2026,2026-09-01,002,0800000000,H,1391.3,9000001213
5000001214,US10,2026,2026-07-01,001,0140000000,S,675.79,9000001214
5000001214,US10,2026,2026-07-01,002,0800000000,H,675.79,9000001214
5000001215,DE20,2026,2026-07-18,001,0140000000,S,3629.49,9000001215
5000001215,DE20,2026,2026-07-18,002,0800000000,H,3629.49,9000001215
5000001216,US10,2026,2026-09-09,001,0140000000,S,3440.29,9000001216
5000001216,US10,2026,2026-09-09,002,0800000000,H,3440.29,9000001216
5000001217,US10,2026,2026-04-12,001,0140000000,S,1469.27,9000001217
5000001217,US10,2026,2026-04-12,002,0800000000,H,1469.27,9000001217
5000001220,US10,2025,2025-12-11,001,0140000000,S,2679.47,9000001220
5000001220,US10,2025,2025-12-11,002,0800000000,H,2679.47,9000001220
5000001221,US10,2025,2025-07-30,001,0140000000,S,212.64,9000001221
5000001221,US10,2025,2025-07-30,002,0800000000,H,212.64,9000001221
5000001222,DE20,2025,2025-10-19,001,0140000000,S,1269.38,9000001222
5000001222,DE20,2025,2025-10-19,002,0800000000,H,1269.38,9000001222
5000001223,US10,2025,2025-11-24,001,0140000000,S,1510.63,9000001223
5000001223,US10,2025,2025-11-24,002,0800000000,H,1510.63,9000001223
5000001224,US10,2025,2025-08-28,001,0140000000,S,9919.58,9000001224
5000001224,US10,2025,2025-08-28,002,0800000000,H,9919.58,9000001224
5000001225,IN30,2025,2025-01-19,001,0140000000,S,2725.52,9000001225
5000001225,IN30,2025,2025-01-19,002,0800000000,H,2725.52,9000001225
5000001226,US10,2025,2025-08-19,001,0140000000,H,2052.26,9000001226
5000001226,US10,2025,2025-08-19,002,0801000000,S,2052.26,9000001226
5000001227,DE20,2026,2026-08-08,001,0140000000,S,1558.05,9000001227
5000001227,DE20,2026,2026-08-08,002,0800000000,H,1558.05,9000001227
5000001229,DE20,2025,2025-10-12,001,0140000000,S,4588.63,9000001229
5000001229,DE20,2025,2025-10-12,002,0800000000,H,4588.63,9000001229
5000001230,US10,2026,2026-09-06,001,0140000000,S,4029.08,9000001230
5000001230,US10,2026,2026-09-06,002,0800000000,H,4029.08,9000001230
5000001231,US10,2026,2026-03-04,001,0140000000,S,2814.63,9000001231
5000001231,US10,2026,2026-03-04,002,0800000000,H,2814.63,9000001231
5000001232,US10,2026,2026-05-12,001,0140000000,S,1156.73,9000001232
5000001232,US10,2026,2026-05-12,002,0800000000,H,1156.73,9000001232
5000001233,IN30,2025,2025-08-05,001,0140000000,S,1147.32,9000001233
5000001233,IN30,2025,2025-08-05,002,0800000000,H,1147.32,9000001233
5000001234,US10,2026,2026-02-03,001,0140000000,S,3262.63,9000001234
5000001234,US10,2026,2026-02-03,002,0800000000,H,3262.63,9000001234
5000001235,US10,2026,2026-04-23,001,0140000000,S,2863.4,9000001235
5000001235,US10,2026,2026-04-23,002,0800000000,H,2863.4,9000001235
5000001236,US10,2026,2026-07-29,001,0140000000,S,2999.35,9000001236
5000001236,US10,2026,2026-07-29,002,0800000000,H,2999.35,9000001236
5000001238,US10,2024,2024-10-13,001,0140000000,H,949.16,9000001238
5000001238,US10,2024,2024-10-13,002,0801000000,S,949.16,9000001238
5000001239,US10,2025,2025-05-23,001,0140000000,S,628.32,9000001239
5000001239,US10,2025,2025-05-23,002,0800000000,H,628.32,9000001239
5000001241,US10,2024,2024-10-24,001,0140000000,S,2856.03,9000001241
5000001241,US10,2024,2024-10-24,002,0800000000,H,2856.03,9000001241
5000001242,US10,2025,2025-04-24,001,0140000000,S,1944.69,9000001242
5000001242,US10,2025,2025-04-24,002,0800000000,H,1944.69,9000001242
5000001243,US10,2025,2025-06-26,001,0140000000,H,535.91,9000001243
5000001243,US10,2025,2025-06-26,002,0801000000,S,535.91,9000001243
5000001244,US10,2024,2024-09-27,001,0140000000,S,3170.52,9000001244
5000001244,US10,2024,2024-09-27,002,0800000000,H,3170.52,9000001244
5000001245,DE20,2025,2025-07-13,001,0140000000,S,217.0,9000001245
5000001245,DE20,2025,2025-07-13,002,0800000000,H,217.0,9000001245
5000001246,DE20,2026,2026-06-18,001,0140000000,S,401.52,9000001246
5000001246,DE20,2026,2026-06-18,002,0800000000,H,401.52,9000001246
5000001247,US10,2026,2026-03-01,001,0140000000,S,1044.12,9000001247
5000001247,US10,2026,2026-03-01,002,0800000000,H,1044.12,9000001247
5000001248,US10,2026,2026-09-09,001,0140000000,S,1808.36,9000001248
5000001248,US10,2026,2026-09-09,002,0800000000,H,1808.36,9000001248
5000001249,IN30,2026,2026-02-25,001,0140000000,S,2253.38,9000001249
5000001249,IN30,2026,2026-02-25,002,0800000000,H,2253.38,9000001249
5000001251,US10,2025,2025-04-03,001,0140000000,S,2328.11,9000001251
5000001251,US10,2025,2025-04-03,002,0800000000,H,2328.11,9000001251
5000001252,US10,2026,2026-07-20,001,0140000000,S,55.1,9000001252
5000001252,US10,2026,2026-07-20,002,0800000000,H,55.1,9000001252
5000001253,US10,2026,2026-08-12,001,0140000000,H,120.5,9000001253
5000001253,US10,2026,2026-08-12,002,0801000000,S,120.5,9000001253
5000001254,US10,2025,2025-04-17,001,0140000000,S,13938.77,9000001254
5000001254,US10,2025,2025-04-17,002,0800000000,H,13938.77,9000001254
5000001256,US10,2026,2026-06-16,001,0140000000,S,804.0,9000001256
5000001256,US10,2026,2026-06-16,002,0800000000,H,804.0,9000001256
5000001257,IN30,2026,2026-05-16,001,0140000000,H,159.45,9000001257
5000001257,IN30,2026,2026-05-16,002,0801000000,S,159.45,9000001257
5000001258,US10,2026,2026-02-09,001,0140000000,S,6212.1,9000001258
5000001258,US10,2026,2026-02-09,002,0800000000,H,6212.1,9000001258
5000001259,US10,2026,2026-06-19,001,0140000000,S,103.11,9000001259
5000001259,US10,2026,2026-06-19,002,0800000000,H,103.11,9000001259
5000001260,US10,2025,2025-08-10,001,0140000000,S,2010.57,9000001260
5000001260,US10,2025,2025-08-10,002,0800000000,H,2010.57,9000001260
5000001261,US10,2026,2026-08-28,001,0140000000,S,3218.35,9000001261
5000001261,US10,2026,2026-08-28,002,0800000000,H,3218.35,9000001261
5000001262,US10,2025,2025-03-02,001,0140000000,S,1525.2,9000001262
5000001262,US10,2025,2025-03-02,002,0800000000,H,1525.2,9000001262
5000001263,US10,2026,2026-02-06,001,0140000000,S,527.61,9000001263
5000001263,US10,2026,2026-02-06,002,0800000000,H,527.61,9000001263
5000001265,US10,2024,2024-09-21,001,0140000000,S,4981.39,9000001265
5000001265,US10,2024,2024-09-21,002,0800000000,H,4981.39,9000001265
5000001266,US10,2024,2024-11-07,001,0140000000,S,733.75,9000001266
5000001266,US10,2024,2024-11-07,002,0800000000,H,733.75,9000001266
5000001268,DE20,2026,2026-04-13,001,0140000000,S,223.65,9000001268
5000001268,DE20,2026,2026-04-13,002,0800000000,H,223.65,9000001268
5000001269,US10,2026,2026-06-02,001,0140000000,S,471.84,9000001269
5000001269,US10,2026,2026-06-02,002,0800000000,H,471.84,9000001269
5000001270,US10,2025,2025-11-26,001,0140000000,S,183.34,9000001270
5000001270,US10,2025,2025-11-26,002,0800000000,H,183.34,9000001270
5000001271,IN30,2025,2025-06-14,001,0140000000,S,3561.05,9000001271
5000001271,IN30,2025,2025-06-14,002,0800000000,H,3561.05,9000001271
5000001272,US10,2026,2026-07-19,001,0140000000,S,324.99,9000001272
5000001272,US10,2026,2026-07-19,002,0800000000,H,324.99,9000001272
5000001273,DE20,2025,2025-09-18,001,0140000000,S,662.05,9000001273
5000001273,DE20,2025,2025-09-18,002,0800000000,H,662.05,9000001273
5000001274,IN30,2026,2026-04-20,001,0140000000,S,2781.44,9000001274
5000001274,IN30,2026,2026-04-20,002,0800000000,H,2781.44,9000001274
5000001275,US10,2026,2026-08-27,001,0140000000,S,7239.52,9000001275
5000001275,US10,2026,2026-08-27,002,0800000000,H,7239.52,9000001275
5000001276,US10,2025,2025-03-14,001,0140000000,S,361.43,9000001276
5000001276,US10,2025,2025-03-14,002,0800000000,H,361.43,9000001276
5000001277,US10,2025,2025-06-22,001,0140000000,S,1900.21,9000001277
5000001277,US10,2025,2025-06-22,002,0800000000,H,1900.21,9000001277
5000001278,DE20,2026,2026-06-16,001,0140000000,H,473.15,9000001278
5000001278,DE20,2026,2026-06-16,002,0801000000,S,473.15,9000001278
5000001279,DE20,2025,2025-11-13,001,0140000000,H,2529.22,9000001279
5000001279,DE20,2025,2025-11-13,002,0801000000,S,2529.22,9000001279
5000001280,US10,2026,2026-07-04,001,0140000000,S,1581.05,9000001280
5000001280,US10,2026,2026-07-04,002,0800000000,H,1581.05,9000001280
5000001281,US10,2024,2024-09-27,001,0140000000,S,3281.66,9000001281
5000001281,US10,2024,2024-09-27,002,0800000000,H,3281.66,9000001281
5000001282,US10,2026,2026-05-08,001,0140000000,S,2331.78,9000001282
5000001282,US10,2026,2026-05-08,002,0800000000,H,2331.78,9000001282
5000001283,US10,2026,2026-01-17,001,0140000000,H,72.41,9000001283
5000001283,US10,2026,2026-01-17,002,0801000000,S,72.41,9000001283
5000001284,US10,2025,2025-12-28,001,0140000000,S,329.25,9000001284
5000001284,US10,2025,2025-12-28,002,0800000000,H,329.25,9000001284
5000001285,US10,2024,2024-12-29,001,0140000000,S,4082.6,9000001285
5000001285,US10,2024,2024-12-29,002,0800000000,H,4082.6,9000001285
5000001286,DE20,2025,2025-05-21,001,0140000000,S,934.2,9000001286
5000001286,DE20,2025,2025-05-21,002,0800000000,H,934.2,9000001286
5000001287,US10,2026,2026-07-15,001,0140000000,S,63.65,9000001287
5000001287,US10,2026,2026-07-15,002,0800000000,H,63.65,9000001287
5000001288,IN30,2025,2025-07-09,001,0140000000,S,2887.85,9000001288
5000001288,IN30,2025,2025-07-09,002,0800000000,H,2887.85,9000001288
5000001289,DE20,2026,2026-07-12,001,0140000000,S,1756.93,9000001289
5000001289,DE20,2026,2026-07-12,002,0800000000,H,1756.93,9000001289
5000001290,US10,2025,2025-05-30,001,0140000000,S,2494.97,9000001290
5000001290,US10,2025,2025-05-30,002,0800000000,H,2494.97,9000001290
5000001291,US10,2025,2025-12-16,001,0140000000,S,3913.68,9000001291
5000001291,US10,2025,2025-12-16,002,0800000000,H,3913.68,9000001291
5000001292,DE20,2026,2026-01-19,001,0140000000,S,1606.96,9000001292
5000001292,DE20,2026,2026-01-19,002,0800000000,H,1606.96,9000001292
5000001293,DE20,2025,2025-01-23,001,0140000000,S,869.5,9000001293
5000001293,DE20,2025,2025-01-23,002,0800000000,H,869.5,9000001293
5000001294,US10,2024,2024-12-27,001,0140000000,S,271.29,9000001294
5000001294,US10,2024,2024-12-27,002,0800000000,H,271.29,9000001294
5000001295,DE20,2025,2025-02-13,001,0140000000,S,1041.96,9000001295
5000001295,DE20,2025,2025-02-13,002,0800000000,H,1041.96,9000001295
5000001296,DE20,2024,2024-09-30,001,0140000000,S,1477.58,9000001296
5000001296,DE20,2024,2024-09-30,002,0800000000,H,1477.58,9000001296
5000001297,US10,2026,2026-02-08,001,0140000000,S,13026.73,9000001297
5000001297,US10,2026,2026-02-08,002,0800000000,H,13026.73,9000001297
5000001298,DE20,2026,2026-02-08,001,0140000000,S,590.75,9000001298
5000001298,DE20,2026,2026-02-08,002,0800000000,H,590.75,9000001298
5000001299,US10,2026,2026-01-06,001,0140000000,S,203.56,9000001299
5000001299,US10,2026,2026-01-06,002,0800000000,H,203.56,9000001299
5000001300,US10,2024,2024-10-03,001,0140000000,S,677.23,9000001300
5000001300,US10,2024,2024-10-03,002,0800000000,H,677.23,9000001300
5000001301,US10,2025,2025-09-04,001,0140000000,S,2990.44,9000001301
5000001301,US10,2025,2025-09-04,002,0800000000,H,2990.44,9000001301
5000001302,US10,2026,2026-02-26,001,0140000000,S,1375.39,9000001302
5000001302,US10,2026,2026-02-26,002,0800000000,H,1375.39,9000001302
5000001303,US10,2025,2025-02-23,001,0140000000,S,6009.06,9000001303
5000001303,US10,2025,2025-02-23,002,0800000000,H,6009.06,9000001303
5000001304,US10,2025,2025-03-16,001,0140000000,S,4239.42,9000001304
5000001304,US10,2025,2025-03-16,002,0800000000,H,4239.42,9000001304
5000001305,DE20,2024,2024-10-20,001,0140000000,S,2015.52,9000001305
5000001305,DE20,2024,2024-10-20,002,0800000000,H,2015.52,9000001305
5000001306,US10,2026,2026-05-21,001,0140000000,S,2310.66,9000001306
5000001306,US10,2026,2026-05-21,002,0800000000,H,2310.66,9000001306
5000001307,US10,2025,2025-03-06,001,0140000000,S,1946.82,9000001307
5000001307,US10,2025,2025-03-06,002,0800000000,H,1946.82,9000001307
5000001308,US10,2025,2025-08-04,001,0140000000,S,23.88,9000001308
5000001308,US10,2025,2025-08-04,002,0800000000,H,23.88,9000001308
5000001309,US10,2025,2025-01-06,001,0140000000,S,5201.13,9000001309
5000001309,US10,2025,2025-01-06,002,0800000000,H,5201.13,9000001309
5000001310,US10,2026,2026-06-10,001,0140000000,S,518.24,9000001310
5000001310,US10,2026,2026-06-10,002,0800000000,H,518.24,9000001310
5000001311,US10,2026,2026-09-06,001,0140000000,S,582.37,9000001311
5000001311,US10,2026,2026-09-06,002,0800000000,H,582.37,9000001311
5000001312,US10,2025,2025-09-18,001,0140000000,S,1651.51,9000001312
5000001312,US10,2025,2025-09-18,002,0800000000,H,1651.51,9000001312
5000001313,US10,2025,2025-03-07,001,0140000000,S,7092.93,9000001313
5000001313,US10,2025,2025-03-07,002,0800000000,H,7092.93,9000001313
5000001314,DE20,2025,2025-10-07,001,0140000000,S,4048.16,9000001314
5000001314,DE20,2025,2025-10-07,002,0800000000,H,4048.16,9000001314
5000001315,US10,2026,2026-07-02,001,0140000000,S,1219.68,9000001315
5000001315,US10,2026,2026-07-02,002,0800000000,H,1219.68,9000001315
5000001316,DE20,2025,2025-01-14,001,0140000000,S,926.91,9000001316
5000001316,DE20,2025,2025-01-14,002,0800000000,H,926.91,9000001316
5000001317,IN30,2025,2025-11-21,001,0140000000,S,357.21,9000001317
5000001317,IN30,2025,2025-11-21,002,0800000000,H,357.21,9000001317
5000001318,DE20,2025,2025-08-19,001,0140000000,S,1849.95,9000001318
5000001318,DE20,2025,2025-08-19,002,0800000000,H,1849.95,9000001318
5000001319,IN30,2026,2026-08-13,001,0140000000,S,1260.85,9000001319
5000001319,IN30,2026,2026-08-13,002,0800000000,H,1260.85,9000001319
5000001320,IN30,2025,2025-03-24,001,0140000000,S,2032.92,9000001320
5000001320,IN30,2025,2025-03-24,002,0800000000,H,2032.92,9000001320
5000001321,DE20,2026,2026-05-28,001,0140000000,S,2199.26,9000001321
5000001321,DE20,2026,2026-05-28,002,0800000000,H,2199.26,9000001321
5000001322,US10,2025,2025-10-26,001,0140000000,S,1770.5,9000001322
5000001322,US10,2025,2025-10-26,002,0800000000,H,1770.5,9000001322
5000001323,DE20,2025,2025-05-19,001,0140000000,H,574.36,9000001323
5000001323,DE20,2025,2025-05-19,002,0801000000,S,574.36,9000001323
5000001324,US10,2026,2026-05-02,001,0140000000,S,1583.45,9000001324
5000001324,US10,2026,2026-05-02,002,0800000000,H,1583.45,9000001324
5000001325,US10,2025,2025-08-24,001,0140000000,S,3564.45,9000001325
5000001325,US10,2025,2025-08-24,002,0800000000,H,3564.45,9000001325
5000001326,IN30,2026,2026-05-16,001,0140000000,S,1102.2,9000001326
5000001326,IN30,2026,2026-05-16,002,0800000000,H,1102.2,9000001326
5000001327,DE20,2025,2025-02-24,001,0140000000,S,7934.57,9000001327
5000001327,DE20,2025,2025-02-24,002,0800000000,H,7934.57,9000001327
5000001328,DE20,2025,2025-07-07,001,0140000000,S,2231.04,9000001328
5000001328,DE20,2025,2025-07-07,002,0800000000,H,2231.04,9000001328
5000001329,US10,2026,2026-02-07,001,0140000000,S,4715.2,9000001329
5000001329,US10,2026,2026-02-07,002,0800000000,H,4715.2,9000001329
5000001330,US10,2026,2026-02-14,001,0140000000,S,6435.66,9000001330
5000001330,US10,2026,2026-02-14,002,0800000000,H,6435.66,9000001330
5000001331,DE20,2025,2025-10-31,001,0140000000,S,456.75,9000001331
5000001331,DE20,2025,2025-10-31,002,0800000000,H,456.75,9000001331
5000001332,DE20,2025,2025-12-26,001,0140000000,S,547.95,9000001332
5000001332,DE20,2025,2025-12-26,002,0800000000,H,547.95,9000001332
5000001333,US10,2025,2025-05-07,001,0140000000,S,622.87,9000001333
5000001333,US10,2025,2025-05-07,002,0800000000,H,622.87,9000001333
5000001334,DE20,2025,2025-06-25,001,0140000000,S,6809.49,9000001334
5000001334,DE20,2025,2025-06-25,002,0800000000,H,6809.49,9000001334
5000001335,US10,2026,2026-03-03,001,0140000000,S,10887.94,9000001335
5000001335,US10,2026,2026-03-03,002,0800000000,H,10887.94,9000001335
5000001336,IN30,2025,2025-02-24,001,0140000000,H,134.61,9000001336
5000001336,IN30,2025,2025-02-24,002,0801000000,S,134.61,9000001336
5000001337,DE20,2024,2024-12-26,001,0140000000,S,2901.89,9000001337
5000001337,DE20,2024,2024-12-26,002,0800000000,H,2901.89,9000001337
5000001338,US10,2026,2026-07-03,001,0140000000,S,1637.96,9000001338
5000001338,US10,2026,2026-07-03,002,0800000000,H,1637.96,9000001338
5000001339,IN30,2025,2025-03-19,001,0140000000,S,1438.66,9000001339
5000001339,IN30,2025,2025-03-19,002,0800000000,H,1438.66,9000001339
5000001340,US10,2025,2025-01-19,001,0140000000,S,670.68,9000001340
5000001340,US10,2025,2025-01-19,002,0800000000,H,670.68,9000001340
5000001342,US10,2025,2025-01-30,001,0140000000,S,7147.47,9000001342
5000001342,US10,2025,2025-01-30,002,0800000000,H,7147.47,9000001342
5000001343,DE20,2025,2025-03-15,001,0140000000,S,514.91,9000001343
5000001343,DE20,2025,2025-03-15,002,0800000000,H,514.91,9000001343
5000001344,DE20,2025,2025-09-28,001,0140000000,H,168.17,9000001344
5000001344,DE20,2025,2025-09-28,002,0801000000,S,168.17,9000001344
5000001345,US10,2026,2026-05-03,001,0140000000,S,596.0,9000001345
5000001345,US10,2026,2026-05-03,002,0800000000,H,596.0,9000001345
5000001346,IN30,2026,2026-02-11,001,0140000000,S,95.52,9000001346
5000001346,IN30,2026,2026-02-11,002,0800000000,H,95.52,9000001346
5000001347,US10,2025,2025-08-16,001,0140000000,S,2110.63,9000001347
5000001347,US10,2025,2025-08-16,002,0800000000,H,2110.63,9000001347
5000001348,US10,2024,2024-12-09,001,0140000000,S,1119.51,9000001348
5000001348,US10,2024,2024-12-09,002,0800000000,H,1119.51,9000001348
5000001349,US10,2025,2025-05-17,001,0140000000,S,22.76,9000001349
5000001349,US10,2025,2025-05-17,002,0800000000,H,22.76,9000001349
5000001350,US10,2026,2026-03-13,001,0140000000,H,110.9,9000001350
5000001350,US10,2026,2026-03-13,002,0801000000,S,110.9,9000001350
5000001351,US10,2026,2026-05-03,001,0140000000,S,133.57,9000001351
5000001351,US10,2026,2026-05-03,002,0800000000,H,133.57,9000001351
5000001352,US10,2025,2025-09-04,001,0140000000,S,307.84,9000001352
5000001352,US10,2025,2025-09-04,002,0800000000,H,307.84,9000001352
5000001353,US10,2025,2025-11-14,001,0140000000,S,557.49,9000001353
5000001353,US10,2025,2025-11-14,002,0800000000,H,557.49,9000001353
5000001354,IN30,2025,2025-10-10,001,0140000000,S,531.83,9000001354
5000001354,IN30,2025,2025-10-10,002,0800000000,H,531.83,9000001354
5000001355,US10,2025,2025-01-16,001,0140000000,S,1111.04,9000001355
5000001355,US10,2025,2025-01-16,002,0800000000,H,1111.04,9000001355
5000001356,DE20,2026,2026-07-29,001,0140000000,S,5631.93,9000001356
5000001356,DE20,2026,2026-07-29,002,0800000000,H,5631.93,9000001356
5000001357,US10,2025,2025-04-01,001,0140000000,S,1794.09,9000001357
5000001357,US10,2025,2025-04-01,002,0800000000,H,1794.09,9000001357
5000001358,DE20,2026,2026-02-03,001,0140000000,S,4631.46,9000001358
5000001358,DE20,2026,2026-02-03,002,0800000000,H,4631.46,9000001358
5000001359,US10,2025,2025-01-18,001,0140000000,S,6522.21,9000001359
5000001359,US10,2025,2025-01-18,002,0800000000,H,6522.21,9000001359
5000001360,US10,2026,2026-01-16,001,0140000000,S,179.34,9000001360
5000001360,US10,2026,2026-01-16,002,0800000000,H,179.34,9000001360
5000001361,DE20,2025,2025-04-22,001,0140000000,S,1208.68,9000001361
5000001361,DE20,2025,2025-04-22,002,0800000000,H,1208.68,9000001361
5000001362,DE20,2025,2025-06-01,001,0140000000,S,3919.86,9000001362
5000001362,DE20,2025,2025-06-01,002,0800000000,H,3919.86,9000001362
5000001363,IN30,2025,2025-01-26,001,0140000000,S,1299.86,9000001363
5000001363,IN30,2025,2025-01-26,002,0800000000,H,1299.86,9000001363
5000001364,US10,2026,2026-09-02,001,0140000000,S,2722.96,9000001364
5000001364,US10,2026,2026-09-02,002,0800000000,H,2722.96,9000001364
5000001365,US10,2026,2026-08-16,001,0140000000,S,3417.1,9000001365
5000001365,US10,2026,2026-08-16,002,0800000000,H,3417.1,9000001365
5000001366,DE20,2025,2025-02-17,001,0140000000,S,461.51,9000001366
5000001366,DE20,2025,2025-02-17,002,0800000000,H,461.51,9000001366
5000001367,DE20,2025,2025-09-22,001,0140000000,S,4523.55,9000001367
5000001367,DE20,2025,2025-09-22,002,0800000000,H,4523.55,9000001367
5000001368,US10,2025,2025-07-12,001,0140000000,S,14484.09,9000001368
5000001368,US10,2025,2025-07-12,002,0800000000,H,14484.09,9000001368
5000001369,US10,2024,2024-09-24,001,0140000000,S,2547.39,9000001369
5000001369,US10,2024,2024-09-24,002,0800000000,H,2547.39,9000001369
5000001370,US10,2026,2026-08-28,001,0140000000,S,19.26,9000001370
5000001370,US10,2026,2026-08-28,002,0800000000,H,19.26,9000001370
5000001372,US10,2024,2024-11-04,001,0140000000,S,434.7,9000001372
5000001372,US10,2024,2024-11-04,002,0800000000,H,434.7,9000001372
5000001373,DE20,2025,2025-11-17,001,0140000000,S,585.9,9000001373
5000001373,DE20,2025,2025-11-17,002,0800000000,H,585.9,9000001373
5000001374,IN30,2024,2024-09-27,001,0140000000,S,2131.98,9000001374
5000001374,IN30,2024,2024-09-27,002,0800000000,H,2131.98,9000001374
5000001375,US10,2025,2025-06-06,001,0140000000,S,1136.31,9000001375
5000001375,US10,2025,2025-06-06,002,0800000000,H,1136.31,9000001375
5000001376,US10,2025,2025-03-07,001,0140000000,S,1851.32,9000001376
5000001376,US10,2025,2025-03-07,002,0800000000,H,1851.32,9000001376
5000001377,US10,2025,2025-01-14,001,0140000000,S,238.92,9000001377
5000001377,US10,2025,2025-01-14,002,0800000000,H,238.92,9000001377
5000001378,DE20,2025,2025-01-26,001,0140000000,S,2872.92,9000001378
5000001378,DE20,2025,2025-01-26,002,0800000000,H,2872.92,9000001378
5000001379,DE20,2026,2026-09-10,001,0140000000,S,1668.66,9000001379
5000001379,DE20,2026,2026-09-10,002,0800000000,H,1668.66,9000001379
5000001381,US10,2026,2026-08-05,001,0140000000,S,1994.02,9000001381
5000001381,US10,2026,2026-08-05,002,0800000000,H,1994.02,9000001381
5000001382,US10,2025,2025-01-08,001,0140000000,S,3966.16,9000001382
5000001382,US10,2025,2025-01-08,002,0800000000,H,3966.16,9000001382
5000001383,DE20,2025,2025-06-29,001,0140000000,S,3389.53,9000001383
5000001383,DE20,2025,2025-06-29,002,0800000000,H,3389.53,9000001383
5000001384,US10,2025,2025-01-22,001,0140000000,S,4413.74,9000001384
5000001384,US10,2025,2025-01-22,002,0800000000,H,4413.74,9000001384
5000001385,US10,2025,2025-09-12,001,0140000000,S,1304.3,9000001385
5000001385,US10,2025,2025-09-12,002,0800000000,H,1304.3,9000001385
5000001386,IN30,2025,2025-06-18,001,0140000000,S,603.5,9000001386
5000001386,IN30,2025,2025-06-18,002,0800000000,H,603.5,9000001386
5000001387,US10,2025,2025-01-11,001,0140000000,S,2572.79,9000001387
5000001387,US10,2025,2025-01-11,002,0800000000,H,2572.79,9000001387
5000001388,US10,2025,2025-11-18,001,0140000000,S,784.08,9000001388
5000001388,US10,2025,2025-11-18,002,0800000000,H,784.08,9000001388
5000001389,IN30,2024,2024-11-24,001,0140000000,H,209.68,9000001389
5000001389,IN30,2024,2024-11-24,002,0801000000,S,209.68,9000001389
5000001390,US10,2025,2025-05-19,001,0140000000,S,636.6,9000001390
5000001390,US10,2025,2025-05-19,002,0800000000,H,636.6,9000001390
5000001391,US10,2025,2025-10-06,001,0140000000,S,1542.94,9000001391
5000001391,US10,2025,2025-10-06,002,0800000000,H,1542.94,9000001391
5000001392,US10,2025,2025-06-16,001,0140000000,S,4055.84,9000001392
5000001392,US10,2025,2025-06-16,002,0800000000,H,4055.84,9000001392
5000001393,US10,2025,2025-01-21,001,0140000000,S,269.78,9000001393
5000001393,US10,2025,2025-01-21,002,0800000000,H,269.78,9000001393
5000001394,DE20,2025,2025-10-28,001,0140000000,S,2700.54,9000001394
5000001394,DE20,2025,2025-10-28,002,0800000000,H,2700.54,9000001394
5000001395,US10,2026,2026-07-12,001,0140000000,S,1225.36,9000001395
5000001395,US10,2026,2026-07-12,002,0800000000,H,1225.36,9000001395
5000001396,DE20,2026,2026-05-15,001,0140000000,S,2361.29,9000001396
5000001396,DE20,2026,2026-05-15,002,0800000000,H,2361.29,9000001396
5000001397,DE20,2026,2026-02-18,001,0140000000,S,1088.69,9000001397
5000001397,DE20,2026,2026-02-18,002,0800000000,H,1088.69,9000001397
5000001398,US10,2026,2026-03-16,001,0140000000,H,461.2,9000001398
5000001398,US10,2026,2026-03-16,002,0801000000,S,461.2,9000001398
