LOG_ID,TIMESTAMP,INTERFACE_ID,SOURCE_SYSTEM,TARGET_SYSTEM,MESSAGE_TYPE,STATUS,LATENCY_MS,PAYLOAD_SIZE_KB,RETRY_COUNT
LOG-0000583,2026-08-15 14:50:38.079035,IF-002,SAP_S4HANA,WMS_MANHATTAN,DESADV,SUCCESS,115.5,6.66,0
LOG-0002253,2026-08-15 14:56:44.079035,IF-003,SAP_S4HANA,ARIBA_NETWORK,ORDRSP,SUCCESS,95.9,3.27,0
LOG-0002548,2026-08-15 14:57:44.079035,IF-008,SAP_CPI,3PL_PROVIDER,DESADV,SUCCESS,65.4,33.18,0
LOG-0003401,2026-08-15 15:26:35.079035,IF-006,LEGACY_MAINFRAME,SAP_ECC,MATMAS,SUCCESS,24.5,5.59,0
LOG-0002110,2026-08-15 15:37:03.079035,IF-007,SAP_S4HANA,DATA_LAKE,CDC,SUCCESS,54.9,8.02,0
LOG-0004735,2026-08-15 16:02:39.079035,IF-007,SAP_S4HANA,DATA_LAKE,CDC,SUCCESS,104.2,8.58,0
LOG-0003979,2026-08-15 16:03:09.079035,IF-008,SAP_CPI,3PL_PROVIDER,DESADV,SUCCESS,43.2,11.98,0
LOG-0002161,2026-08-15 16:07:26.079035,IF-002,SAP_S4HANA,WMS_MANHATTAN,DESADV,SUCCESS,102.6,7.39,0
LOG-0000355,2026-08-15 16:11:21.079035,IF-006,LEGACY_MAINFRAME,SAP_ECC,MATMAS,RETRY,72.5,8.52,3
LOG-0001476,2026-08-15 16:20:48.079035,IF-001,SAP_ECC,SFDC_CRM,ORDERS,SUCCESS,101.1,5.31,0
LOG-0000656,2026-08-15 16:48:42.079035,IF-001,SAP_ECC,SFDC_CRM,ORDERS,SUCCESS,85.3,1.65,0
LOG-0003223,2026-08-15 16:54:21.079035,IF-006,LEGACY_MAINFRAME,SAP_ECC,MATMAS,FAILED,49.8,2.73,1
LOG-0004309,2026-08-15 16:56:05.079035,IF-004,SAP_ECC,B2B_VAN_SPS,INVOIC,FAILED,110.2,1.16,0
LOG-0002952,2026-08-15 16:58:12.079035,IF-004,SAP_ECC,B2B_VAN_SPS,INVOIC,FAILED,34.2,3.8,2
LOG-0002432,2026-08-15 16:58:53.079035,IF-001,SAP_ECC,SFDC_CRM,ORDERS,RETRY,34.2,11.81,3
LOG-0001366,2026-08-15 17:09:24.079035,IF-006,LEGACY_MAINFRAME,SAP_ECC,MATMAS,SUCCESS,56.8,12.1,0
LOG-0004996,2026-08-15 17:14:17.079035,IF-002,SAP_S4HANA,WMS_MANHATTAN,DESADV,SUCCESS,89.3,7.09,0
LOG-0004921,2026-08-15 17:19:45.079035,IF-002,SAP_S4HANA,WMS_MANHATTAN,DESADV,SUCCESS,35.7,5.21,0
LOG-0002570,2026-08-15 17:36:23.079035,IF-008,SAP_CPI,3PL_PROVIDER,DESADV,SUCCESS,74.7,7.51,0
LOG-0003199,2026-08-15 17:38:58.079035,IF-007,SAP_S4HANA,DATA_LAKE,CDC,SUCCESS,532.6,6.0,0
LOG-0001302,2026-08-15 17:44:01.079035,IF-007,SAP_S4HANA,DATA_LAKE,CDC,SUCCESS,201.4,4.92,0
LOG-0002051,2026-08-15 17:48:03.079035,IF-006,LEGACY_MAINFRAME,SAP_ECC,MATMAS,SUCCESS,36.1,7.91,0
LOG-0000457,2026-08-15 17:50:58.079035,IF-005,SAP_S4HANA,BTP_APP,OData,SUCCESS,48.2,11.57,0
LOG-0004136,2026-08-15 18:02:15.079035,IF-007,SAP_S4HANA,DATA_LAKE,CDC,SUCCESS,68.4,7.07,0
LOG-0001345,2026-08-15 18:08:27.079035,IF-002,SAP_S4HANA,WMS_MANHATTAN,DESADV,SUCCESS,59.6,19.95,0
LOG-0003509,2026-08-15 18:21:19.079035,IF-001,SAP_ECC,SFDC_CRM,ORDERS,SUCCESS,84.7,3.92,0
LOG-0004171,2026-08-15 18:38:41.079035,IF-005,SAP_S4HANA,BTP_APP,OData,SUCCESS,80.6,1.25,0
LOG-0001320,2026-08-15 18:40:28.079035,IF-003,SAP_S4HANA,ARIBA_NETWORK,ORDRSP,SUCCESS,50.2,4.93,0
LOG-0003822,2026-08-15 19:15:59.079035,IF-004,SAP_ECC,B2B_VAN_SPS,INVOIC,SUCCESS,58.7,4.81,0
LOG-0000155,2026-08-15 19:17:02.079035,IF-003,SAP_S4HANA,ARIBA_NETWORK,ORDRSP,SUCCESS,109.9,4.69,0
LOG-0004051,2026-08-15 19:17:58.079035,IF-002,SAP_S4HANA,WMS_MANHATTAN,DESADV,SUCCESS,28.3,3.93,0
LOG-0001367,2026-08-15 19:24:51.079035,IF-003,SAP_S4HANA,ARIBA_NETWORK,ORDRSP,SUCCESS,731.6,9.04,0
LOG-0002217,2026-08-15 19:30:12.079035,IF-006,LEGACY_MAINFRAME,SAP_ECC,MATMAS,SUCCESS,28.0,14.5,0
LOG-0002065,2026-08-15 19:31:02.079035,IF-004,SAP_ECC,B2B_VAN_SPS,INVOIC,RETRY,36.3,3.39,1
LOG-0004768,2026-08-15 19:39:54.079035,IF-002,SAP_S4HANA,WMS_MANHATTAN,DESADV,SUCCESS,145.6,5.96,0
LOG-0004784,2026-08-15 19:45:29.079035,IF-004,SAP_ECC,B2B_VAN_SPS,INVOIC,SUCCESS,28.6,0.9,0
LOG-0003783,2026-08-15 19:53:26.079035,IF-001,SAP_ECC,SFDC_CRM,ORDERS,SUCCESS,81.9,4.17,0
LOG-0001753,2026-08-15 19:56:45.079035,IF-008,SAP_CPI,3PL_PROVIDER,DESADV,SUCCESS,27.7,4.66,0
LOG-0002790,2026-08-15 20:07:33.079035,IF-003,SAP_S4HANA,ARIBA_NETWORK,ORDRSP,SUCCESS,49.2,17.83,0
LOG-0002847,2026-08-15 20:27:47.079035,IF-008,SAP_CPI,3PL_PROVIDER,DESADV,SUCCESS,98.3,30.03,0
LOG-0003944,2026-08-15 20:29:17.079035,IF-006,LEGACY_MAINFRAME,SAP_ECC,MATMAS,SUCCESS,39.0,8.32,0
LOG-0003186,2026-08-15 21:11:09.079035,IF-002,SAP_S4HANA,WMS_MANHATTAN,DESADV,FAILED,138.0,52.13,2
LOG-0003627,2026-08-15 21:13:21.079035,IF-001,SAP_ECC,SFDC_CRM,ORDERS,SUCCESS,56.0,1.82,0
LOG-0001483,2026-08-15 21:14:13.079035,IF-001,SAP_ECC,SFDC_CRM,ORDERS,SUCCESS,29.9,2.88,0
LOG-0004393,2026-08-15 21:33:58.079035,IF-007,SAP_S4HANA,DATA_LAKE,CDC,SUCCESS,72.4,13.72,0
LOG-0002972,2026-08-15 21:48:32.079035,IF-005,SAP_S4HANA,BTP_APP,OData,RETRY,37.2,30.62,2
LOG-0002377,2026-08-15 22:01:21.079035,IF-007,SAP_S4HANA,DATA_LAKE,CDC,SUCCESS,64.6,24.53,0
LOG-0001717,2026-08-15 22:02:05.079035,IF-008,SAP_CPI,3PL_PROVIDER,DESADV,SUCCESS,42.6,19.04,0
LOG-0002651,2026-08-15 22:05:03.079035,IF-003,SAP_S4HANA,ARIBA_NETWORK,ORDRSP,SUCCESS,29.3,2.56,0
LOG-0001115,2026-08-15 22:09:08.079035,IF-001,SAP_ECC,SFDC_CRM,ORDERS,SUCCESS,66.9,19.53,0
LOG-0004414,2026-08-15 22:12:11.079035,IF-001,SAP_ECC,SFDC_CRM,ORDERS,SUCCESS,75.5,9.56,0
LOG-0002484,2026-08-15 22:14:00.079035,IF-007,SAP_S4HANA,DATA_LAKE,CDC,SUCCESS,38.1,12.47,0
LOG-0002114,2026-08-15 22:21:56.079035,IF-004,SAP_ECC,B2B_VAN_SPS,INVOIC,SUCCESS,62.9,3.54,0
LOG-0000527,2026-08-15 22:29:27.079035,IF-008,SAP_CPI,3PL_PROVIDER,DESADV,SUCCESS,21.8,24.41,0
LOG-0004105,2026-08-15 23:07:17.079035,IF-004,SAP_ECC,B2B_VAN_SPS,INVOIC,SUCCESS,68.4,36.36,0
LOG-0000672,2026-08-15 23:35:19.079035,IF-007,SAP_S4HANA,DATA_LAKE,CDC,SUCCESS,53.4,2.69,0
LOG-0000552,2026-08-16 00:00:07.079035,IF-003,SAP_S4HANA,ARIBA_NETWORK,ORDRSP,SUCCESS,59.5,5.36,0
LOG-0004545,2026-08-16 00:09:06.079035,IF-006,LEGACY_MAINFRAME,SAP_ECC,MATMAS,SUCCESS,71.0,4.3,0
LOG-0004117,2026-08-16 00:17:47.079035,IF-008,SAP_CPI,3PL_PROVIDER,DESADV,SUCCESS,74.7,4.82,0
LOG-0004486,2026-08-16 00:26:06.079035,IF-004,SAP_ECC,B2B_VAN_SPS,INVOIC,SUCCESS,43.1,24.56,0
LOG-0003341,2026-08-16 00:30:25.079035,IF-003,SAP_S4HANA,ARIBA_NETWORK,ORDRSP,FAILED,44.5,14.37,1
LOG-0001982,2026-08-16 00:34:56.079035,IF-001,SAP_ECC,SFDC_CRM,ORDERS,SUCCESS,73.9,0.62,0
LOG-0002486,2026-08-16 00:36:23.079035,IF-008,SAP_CPI,3PL_PROVIDER,DESADV,SUCCESS,60.3,1.49,0
LOG-0003845,2026-08-16 00:54:35.079035,IF-008,SAP_CPI,3PL_PROVIDER,DESADV,SUCCESS,29.5,7.26,0
LOG-0000747,2026-08-16 01:17:41.079035,IF-007,SAP_S4HANA,DATA_LAKE,CDC,SUCCESS,35.0,5.25,0
LOG-0003543,2026-08-16 01:18:12.079035,IF-005,SAP_S4HANA,BTP_APP,OData,SUCCESS,134.1,1.54,0
LOG-0002436,2026-08-16 01:24:51.079035,IF-005,SAP_S4HANA,BTP_APP,OData,SUCCESS,61.2,35.08,0
LOG-0004014,2026-08-16 01:30:30.079035,IF-003,SAP_S4HANA,ARIBA_NETWORK,ORDRSP,SUCCESS,16.8,65.98,0
LOG-0001548,2026-08-16 01:51:00.079035,IF-004,SAP_ECC,B2B_VAN_SPS,INVOIC,SUCCESS,73.8,8.87,0
LOG-0000175,2026-08-16 01:51:24.079035,IF-007,SAP_S4HANA,DATA_LAKE,CDC,SUCCESS,103.7,76.9,0
LOG-0000365,2026-08-16 01:56:53.079035,IF-008,SAP_CPI,3PL_PROVIDER,DESADV,SUCCESS,52.1,8.62,0
LOG-0002962,2026-08-16 01:59:54.079035,IF-003,SAP_S4HANA,ARIBA_NETWORK,ORDRSP,FAILED,91.5,5.72,1
LOG-0004424,2026-08-16 02:09:23.079035,IF-006,LEGACY_MAINFRAME,SAP_ECC,MATMAS,SUCCESS,67.0,21.61,0
LOG-0001361,2026-08-16 02:09:40.079035,IF-001,SAP_ECC,SFDC_CRM,ORDERS,SUCCESS,40.4,14.39,0
LOG-0003691,2026-08-16 02:26:35.079035,IF-006,LEGACY_MAINFRAME,SAP_ECC,MATMAS,SUCCESS,32.7,15.6,0
LOG-0001006,2026-08-16 02:49:53.079035,IF-007,SAP_S4HANA,DATA_LAKE,CDC,SUCCESS,67.6,23.45,0
LOG-0000969,2026-08-16 02:49:55.079035,IF-002,SAP_S4HANA,WMS_MANHATTAN,DESADV,SUCCESS,62.9,8.02,0
LOG-0000723,2026-08-16 03:04:17.079035,IF-008,SAP_CPI,3PL_PROVIDER,DESADV,SUCCESS,70.4,30.73,0
LOG-0004561,2026-08-16 03:05:09.079035,IF-001,SAP_ECC,SFDC_CRM,ORDERS,SUCCESS,40.6,1.71,0
LOG-0001740,2026-08-16 03:14:35.079035,IF-004,SAP_ECC,B2B_VAN_SPS,INVOIC,SUCCESS,27.3,2.16,0
LOG-0001855,2026-08-16 03:26:13.079035,IF-004,SAP_ECC,B2B_VAN_SPS,INVOIC,SUCCESS,158.0,4.05,0
LOG-0004675,2026-08-16 03:28:50.079035,IF-004,SAP_ECC,B2B_VAN_SPS,INVOIC,FAILED,68.3,8.45,1
LOG-0001637,2026-08-16 03:35:14.079035,IF-007,SAP_S4HANA,DATA_LAKE,CDC,SUCCESS,44.0,3.83,0
LOG-0004166,2026-08-16 03:38:36.079035,IF-003,SAP_S4HANA,ARIBA_NETWORK,ORDRSP,SUCCESS,106.4,10.22,0
LOG-0002514,2026-08-16 03:41:50.079035,IF-005,SAP_S4HANA,BTP_APP,OData,FAILED,74.7,16.13,0
LOG-0004189,2026-08-16 03:50:11.079035,IF-007,SAP_S4HANA,DATA_LAKE,CDC,SUCCESS,52.3,7.8,0
LOG-0003350,2026-08-16 03:52:03.079035,IF-004,SAP_ECC,B2B_VAN_SPS,INVOIC,SUCCESS,89.9,2.54,0
LOG-0004734,2026-08-16 04:03:43.079035,IF-006,LEGACY_MAINFRAME,SAP_ECC,MATMAS,TIMEOUT,168.8,2.71,1
LOG-0001022,2026-08-16 04:03:54.079035,IF-005,SAP_S4HANA,BTP_APP,OData,SUCCESS,108.9,2.87,0
LOG-0003042,2026-08-16 04:05:34.079035,IF-005,SAP_S4HANA,BTP_APP,OData,SUCCESS,72.5,2.47,0
LOG-0002373,2026-08-16 04:11:02.079035,IF-001,SAP_ECC,SFDC_CRM,ORDERS,SUCCESS,110.4,25.85,0
LOG-0003162,2026-08-16 04:18:29.079035,IF-004,SAP_ECC,B2B_VAN_SPS,INVOIC,SUCCESS,88.3,5.6,0
LOG-0004981,2026-08-16 04:25:47.079035,IF-005,SAP_S4HANA,BTP_APP,OData,SUCCESS,54.9,3.86,0
LOG-0001040,2026-08-16 04:40:45.079035,IF-004,SAP_ECC,B2B_VAN_SPS,INVOIC,TIMEOUT,273.0,9.13,3
LOG-0003798,2026-08-16 04:45:06.079035,IF-004,SAP_ECC,B2B_VAN_SPS,INVOIC,SUCCESS,65.1,5.9,0
LOG-0001758,2026-08-16 04:45:48.079035,IF-006,LEGACY_MAINFRAME,SAP_ECC,MATMAS,SUCCESS,23.8,0.85,0
LOG-0003964,2026-08-16 04:49:28.079035,IF-002,SAP_S4HANA,WMS_MANHATTAN,DESADV,SUCCESS,133.4,24.29,0
LOG-0003618,2026-08-16 05:05:07.079035,IF-004,SAP_ECC,B2B_VAN_SPS,INVOIC,SUCCESS,53.9,3.32,0
LOG-0001506,2026-08-16 05:12:22.079035,IF-006,LEGACY_MAINFRAME,SAP_ECC,MATMAS,SUCCESS,68.4,8.34,0
LOG-0004554,2026-08-16 05:18:57.079035,IF-006,LEGACY_MAINFRAME,SAP_ECC,MATMAS,FAILED,129.9,58.42,1
LOG-0003866,2026-08-16 05:22:25.079035,IF-008,SAP_CPI,3PL_PROVIDER,DESADV,SUCCESS,31.0,3.16,0
LOG-0003885,2026-08-16 05:29:57.079035,IF-003,SAP_S4HANA,ARIBA_NETWORK,ORDRSP,SUCCESS,50.3,14.67,0
LOG-0004708,2026-08-16 05:44:51.079035,IF-005,SAP_S4HANA,BTP_APP,OData,TIMEOUT,304.6,10.29,0
LOG-0004843,2026-08-16 05:50:03.079035,IF-007,SAP_S4HANA,DATA_LAKE,CDC,SUCCESS,28.9,51.06,0
LOG-0000516,2026-08-16 06:04:53.079035,IF-003,SAP_S4HANA,ARIBA_NETWORK,ORDRSP,SUCCESS,41.8,2.26,0
LOG-0000059,2026-08-16 06:09:57.079035,IF-005,SAP_S4HANA,BTP_APP,OData,SUCCESS,55.2,4.08,0
LOG-0003243,2026-08-16 06:10:18.079035,IF-008,SAP_CPI,3PL_PROVIDER,DESADV,SUCCESS,107.8,19.92,0
LOG-0002967,2026-08-16 06:34:11.079035,IF-007,SAP_S4HANA,DATA_LAKE,CDC,SUCCESS,51.9,4.33,0
LOG-0003352,2026-08-16 07:02:24.079035,IF-002,SAP_S4HANA,WMS_MANHATTAN,DESADV,TIMEOUT,451.6,6.53,2
LOG-0004315,2026-08-16 07:03:37.079035,IF-002,SAP_S4HANA,WMS_MANHATTAN,DESADV,SUCCESS,66.9,12.26,0
LOG-0002182,2026-08-16 07:11:41.079035,IF-001,SAP_ECC,SFDC_CRM,ORDERS,SUCCESS,51.7,2.77,0
LOG-0003477,2026-08-16 07:22:27.079035,IF-002,SAP_S4HANA,WMS_MANHATTAN,DESADV,SUCCESS,23.1,10.69,0
LOG-0000596,2026-08-16 07:23:41.079035,IF-005,SAP_S4HANA,BTP_APP,OData,SUCCESS,495.1,6.22,0
LOG-0002583,2026-08-16 07:24:56.079035,IF-005,SAP_S4HANA,BTP_APP,OData,SUCCESS,68.5,10.66,0
LOG-0001670,2026-08-16 07:37:07.079035,IF-005,SAP_S4HANA,BTP_APP,OData,SUCCESS,57.5,2.31,0
LOG-0000513,2026-08-16 07:39:25.079035,IF-002,SAP_S4HANA,WMS_MANHATTAN,DESADV,SUCCESS,84.4,24.58,0
LOG-0000475,2026-08-16 07:41:23.079035,IF-003,SAP_S4HANA,ARIBA_NETWORK,ORDRSP,SUCCESS,132.5,1.92,0
LOG-0001593,2026-08-16 07:49:48.079035,IF-008,SAP_CPI,3PL_PROVIDER,DESADV,SUCCESS,94.0,9.04,0
LOG-0004980,2026-08-16 08:16:13.079035,IF-004,SAP_ECC,B2B_VAN_SPS,INVOIC,SUCCESS,70.9,0.87,0
LOG-0002716,2026-08-16 08:16:56.079035,IF-005,SAP_S4HANA,BTP_APP,OData,SUCCESS,89.3,10.13,0
LOG-0002308,2026-08-16 08:58:27.079035,IF-008,SAP_CPI,3PL_PROVIDER,DESADV,SUCCESS,231.6,5.49,0
LOG-0002403,2026-08-16 09:11:57.079035,IF-002,SAP_S4HANA,WMS_MANHATTAN,DESADV,RETRY,122.3,13.44,1
LOG-0002258,2026-08-16 09:14:03.079035,IF-003,SAP_S4HANA,ARIBA_NETWORK,ORDRSP,SUCCESS,48.0,1.69,0
LOG-0002671,2026-08-16 09:31:43.079035,IF-007,SAP_S4HANA,DATA_LAKE,CDC,SUCCESS,28.2,6.34,0
LOG-0002013,2026-08-16 09:31:53.079035,IF-004,SAP_ECC,B2B_VAN_SPS,INVOIC,FAILED,183.5,3.61,2
LOG-0002963,2026-08-16 09:37:02.079035,IF-002,SAP_S4HANA,WMS_MANHATTAN,DESADV,SUCCESS,39.4,13.87,0
LOG-0001319,2026-08-16 09:43:22.079035,IF-003,SAP_S4HANA,ARIBA_NETWORK,ORDRSP,SUCCESS,62.8,7.52,0
LOG-0002760,2026-08-16 09:53:43.079035,IF-001,SAP_ECC,SFDC_CRM,ORDERS,RETRY,411.4,77.8,1
LOG-0002542,2026-08-16 09:54:07.079035,IF-005,SAP_S4HANA,BTP_APP,OData,SUCCESS,43.9,26.84,0
LOG-0003522,2026-08-16 10:24:17.079035,IF-006,LEGACY_MAINFRAME,SAP_ECC,MATMAS,FAILED,77.1,6.74,1
LOG-0000763,2026-08-16 10:25:34.079035,IF-001,SAP_ECC,SFDC_CRM,ORDERS,SUCCESS,42.0,0.85,0
LOG-0003776,2026-08-16 10:40:04.079035,IF-003,SAP_S4HANA,ARIBA_NETWORK,ORDRSP,SUCCESS,121.3,8.34,0
LOG-0004636,2026-08-16 10:42:55.079035,IF-007,SAP_S4HANA,DATA_LAKE,CDC,SUCCESS,35.5,13.61,0
LOG-0004686,2026-08-16 10:43:28.079035,IF-006,LEGACY_MAINFRAME,SAP_ECC,MATMAS,SUCCESS,50.1,6.69,0
LOG-0004602,2026-08-16 11:03:24.079035,IF-005,SAP_S4HANA,BTP_APP,OData,SUCCESS,78.7,20.87,0
LOG-0002124,2026-08-16 11:10:48.079035,IF-001,SAP_ECC,SFDC_CRM,ORDERS,SUCCESS,53.3,8.15,0
LOG-0004504,2026-08-16 11:16:57.079035,IF-002,SAP_S4HANA,WMS_MANHATTAN,DESADV,SUCCESS,91.7,5.31,0
LOG-0002883,2026-08-16 11:49:00.079035,IF-007,SAP_S4HANA,DATA_LAKE,CDC,SUCCESS,101.8,12.97,0
LOG-0004601,2026-08-16 12:04:15.079035,IF-002,SAP_S4HANA,WMS_MANHATTAN,DESADV,RETRY,286.4,6.73,3
LOG-0002744,2026-08-16 12:04:36.079035,IF-007,SAP_S4HANA,DATA_LAKE,CDC,SUCCESS,195.0,1.63,0
LOG-0002826,2026-08-16 12:07:05.079035,IF-006,LEGACY_MAINFRAME,SAP_ECC,MATMAS,TIMEOUT,56.3,1.82,2
LOG-0000423,2026-08-16 12:14:50.079035,IF-008,SAP_CPI,3PL_PROVIDER,DESADV,SUCCESS,106.4,0.45,0
LOG-0001031,2026-08-16 12:26:49.079035,IF-003,SAP_S4HANA,ARIBA_NETWORK,ORDRSP,SUCCESS,73.2,6.83,0
LOG-0003653,2026-08-16 12:38:56.079035,IF-005,SAP_S4HANA,BTP_APP,OData,SUCCESS,59.8,2.01,0
LOG-0004155,2026-08-16 12:51:27.079035,IF-003,SAP_S4HANA,ARIBA_NETWORK,ORDRSP,SUCCESS,62.9,22.48,0
LOG-0000636,2026-08-16 13:09:05.079035,IF-007,SAP_S4HANA,DATA_LAKE,CDC,SUCCESS,72.8,6.2,0
LOG-0000677,2026-08-16 13:16:01.079035,IF-002,SAP_S4HANA,WMS_MANHATTAN,DESADV,SUCCESS,52.2,4.98,0
LOG-0000366,2026-08-16 13:17:58.079035,IF-002,SAP_S4HANA,WMS_MANHATTAN,DESADV,SUCCESS,22.4,11.1,0
LOG-0001029,2026-08-16 13:20:23.079035,IF-002,SAP_S4HANA,WMS_MANHATTAN,DESADV,SUCCESS,90.0,5.65,0
LOG-0004172,2026-08-16 13:24:05.079035,IF-001,SAP_ECC,SFDC_CRM,ORDERS,SUCCESS,109.8,11.19,0
LOG-0002858,2026-08-16 13:29:21.079035,IF-004,SAP_ECC,B2B_VAN_SPS,INVOIC,SUCCESS,49.4,8.55,0
LOG-0004876,2026-08-16 13:30:28.079035,IF-008,SAP_CPI,3PL_PROVIDER,DESADV,SUCCESS,228.0,7.45,0
LOG-0002903,2026-08-16 13:32:21.079035,IF-006,LEGACY_MAINFRAME,SAP_ECC,MATMAS,SUCCESS,65.0,6.67,0
LOG-0002644,2026-08-16 13:38:20.079035,IF-006,LEGACY_MAINFRAME,SAP_ECC,MATMAS,SUCCESS,49.2,33.09,0
LOG-0003106,2026-08-16 13:41:06.079035,IF-006,LEGACY_MAINFRAME,SAP_ECC,MATMAS,SUCCESS,79.2,5.29,0
LOG-0001497,2026-08-16 13:57:18.079035,IF-002,SAP_S4HANA,WMS_MANHATTAN,DESADV,SUCCESS,63.7,6.28,0
LOG-0000190,2026-08-16 13:59:41.079035,IF-002,SAP_S4HANA,WMS_MANHATTAN,DESADV,SUCCESS,64.3,7.07,0
LOG-0000325,2026-08-16 14:30:05.079035,IF-001,SAP_ECC,SFDC_CRM,ORDERS,RETRY,73.8,19.55,1
LOG-0002640,2026-08-16 14:57:20.079035,IF-007,SAP_S4HANA,DATA_LAKE,CDC,SUCCESS,103.3,3.1,0
LOG-0001990,2026-08-16 15:00:00.079035,IF-003,SAP_S4HANA,ARIBA_NETWORK,ORDRSP,SUCCESS,100.4,5.42,0
LOG-0003020,2026-08-16 15:04:24.079035,IF-005,SAP_S4HANA,BTP_APP,OData,SUCCESS,42.8,1.43,0
LOG-0001605,2026-08-16 15:13:49.079035,IF-003,SAP_S4HANA,ARIBA_NETWORK,ORDRSP,FAILED,83.4,8.38,2
LOG-0001065,2026-08-16 15:19:33.079035,IF-008,SAP_CPI,3PL_PROVIDER,DESADV,RETRY,787.7,1.77,3
LOG-0003329,2026-08-16 15:22:28.079035,IF-008,SAP_CPI,3PL_PROVIDER,DESADV,SUCCESS,84.9,18.93,0
LOG-0001636,2026-08-16 15:31:50.079035,IF-003,SAP_S4HANA,ARIBA_NETWORK,ORDRSP,SUCCESS,67.2,11.73,0
LOG-0002199,2026-08-16 15:31:52.079035,IF-004,SAP_ECC,B2B_VAN_SPS,INVOIC,SUCCESS,78.4,3.71,0
LOG-0001916,2026-08-16 15:37:14.079035,IF-004,SAP_ECC,B2B_VAN_SPS,INVOIC,SUCCESS,95.4,12.42,0
LOG-0004133,2026-08-16 15:41:08.079035,IF-008,SAP_CPI,3PL_PROVIDER,DESADV,SUCCESS,34.8,16.14,0
LOG-0001071,2026-08-16 15:50:46.079035,IF-007,SAP_S4HANA,DATA_LAKE,CDC,SUCCESS,87.3,5.26,0
LOG-0000203,2026-08-16 15:52:39.079035,IF-002,SAP_S4HANA,WMS_MANHATTAN,DESADV,SUCCESS,65.1,3.75,0
LOG-0001790,2026-08-16 16:12:18.079035,IF-004,SAP_ECC,B2B_VAN_SPS,INVOIC,SUCCESS,34.2,1.16,0
LOG-0001290,2026-08-16 16:17:10.079035,IF-001,SAP_ECC,SFDC_CRM,ORDERS,RETRY,37.1,20.46,3
LOG-0000801,2026-08-16 16:18:59.079035,IF-005,SAP_S4HANA,BTP_APP,OData,SUCCESS,30.3,3.42,0
LOG-0001887,2026-08-16 16:25:51.079035,IF-005,SAP_S4HANA,BTP_APP,OData,SUCCESS,96.6,8.39,0
LOG-0001844,2026-08-16 16:30:17.079035,IF-001,SAP_ECC,SFDC_CRM,ORDERS,SUCCESS,40.2,10.05,0
LOG-0004933,2026-08-16 16:39:43.079035,IF-001,SAP_ECC,SFDC_CRM,ORDERS,RETRY,31.8,5.13,2
LOG-0000478,2026-08-16 16:59:25.079035,IF-008,SAP_CPI,3PL_PROVIDER,DESADV,SUCCESS,43.6,30.05,0
LOG-0001316,2026-08-16 17:09:19.079035,IF-001,SAP_ECC,SFDC_CRM,ORDERS,SUCCESS,31.8,7.09,0
LOG-0004162,2026-08-16 17:12:53.079035,IF-005,SAP_S4HANA,BTP_APP,OData,SUCCESS,29.1,5.04,0
LOG-0002293,2026-08-16 17:30:51.079035,IF-003,SAP_S4HANA,ARIBA_NETWORK,ORDRSP,SUCCESS,25.9,1.38,0
LOG-0001600,2026-08-16 17:35:10.079035,IF-008,SAP_CPI,3PL_PROVIDER,DESADV,SUCCESS,80.5,2.7,0
LOG-0003010,2026-08-16 17:43:03.079035,IF-007,SAP_S4HANA,DATA_LAKE,CDC,RETRY,68.0,14.43,2
LOG-0004680,2026-08-16 17:45:20.079035,IF-008,SAP_CPI,3PL_PROVIDER,DESADV,SUCCESS,42.2,1.72,0
LOG-0002211,2026-08-16 18:04:41.079035,IF-003,SAP_S4HANA,ARIBA_NETWORK,ORDRSP,SUCCESS,58.1,1.14,0
LOG-0004480,2026-08-16 18:06:56.079035,IF-008,SAP_CPI,3PL_PROVIDER,DESADV,SUCCESS,42.8,4.07,0
LOG-0003358,2026-08-16 18:21:26.079035,IF-001,SAP_ECC,SFDC_CRM,ORDERS,SUCCESS,58.2,6.84,0
LOG-0002586,2026-08-16 18:47:38.079035,IF-002,SAP_S4HANA,WMS_MANHATTAN,DESADV,RETRY,59.3,4.65,3
LOG-0003501,2026-08-16 18:51:39.079035,IF-007,SAP_S4HANA,DATA_LAKE,CDC,SUCCESS,18.8,4.34,0
LOG-0000341,2026-08-16 18:57:18.079035,IF-004,SAP_ECC,B2B_VAN_SPS,INVOIC,SUCCESS,60.0,5.25,0
LOG-0002971,2026-08-16 19:13:03.079035,IF-004,SAP_ECC,B2B_VAN_SPS,INVOIC,SUCCESS,140.2,6.67,0
LOG-0004305,2026-08-16 19:17:56.079035,IF-006,LEGACY_MAINFRAME,SAP_ECC,MATMAS,FAILED,547.1,2.9,1
LOG-0003113,2026-08-16 19:18:01.079035,IF-007,SAP_S4HANA,DATA_LAKE,CDC,SUCCESS,122.5,1.89,0
LOG-0003232,2026-08-16 19:33:49.079035,IF-003,SAP_S4HANA,ARIBA_NETWORK,ORDRSP,SUCCESS,28.1,2.71,0
LOG-0000812,2026-08-16 19:47:10.079035,IF-003,SAP_S4HANA,ARIBA_NETWORK,ORDRSP,SUCCESS,31.9,8.3,0
LOG-0003440,2026-08-16 19:50:24.079035,IF-005,SAP_S4HANA,BTP_APP,OData,SUCCESS,32.6,11.56,0
LOG-0000638,2026-08-16 19:54:11.079035,IF-007,SAP_S4HANA,DATA_LAKE,CDC,SUCCESS,233.3,15.71,0
LOG-0003436,2026-08-16 19:58:16.079035,IF-007,SAP_S4HANA,DATA_LAKE,CDC,SUCCESS,44.6,3.84,0
LOG-0001406,2026-08-16 20:20:12.079035,IF-006,LEGACY_MAINFRAME,SAP_ECC,MATMAS,SUCCESS,72.2,3.46,0
LOG-0001808,2026-08-16 20:26:51.079035,IF-007,SAP_S4HANA,DATA_LAKE,CDC,SUCCESS,32.5,3.15,0
LOG-0002301,2026-08-16 20:38:26.079035,IF-007,SAP_S4HANA,DATA_LAKE,CDC,SUCCESS,35.4,3.42,0
LOG-0000464,2026-08-16 21:12:07.079035,IF-006,LEGACY_MAINFRAME,SAP_ECC,MATMAS,SUCCESS,106.3,2.0,0
LOG-0002797,2026-08-16 21:19:18.079035,IF-003,SAP_S4HANA,ARIBA_NETWORK,ORDRSP,SUCCESS,59.2,4.58,0
LOG-0002554,2026-08-16 21:25:11.079035,IF-007,SAP_S4HANA,DATA_LAKE,CDC,SUCCESS,59.8,3.01,0
LOG-0004288,2026-08-16 22:03:56.079035,IF-006,LEGACY_MAINFRAME,SAP_ECC,MATMAS,SUCCESS,51.9,22.21,0
LOG-0000287,2026-08-16 22:26:58.079035,IF-006,LEGACY_MAINFRAME,SAP_ECC,MATMAS,SUCCESS,32.9,12.28,0
LOG-0001561,2026-08-16 22:29:30.079035,IF-001,SAP_ECC,SFDC_CRM,ORDERS,FAILED,53.2,2.12,3
LOG-0004537,2026-08-16 22:32:23.079035,IF-005,SAP_S4HANA,BTP_APP,OData,SUCCESS,35.9,9.35,0
LOG-0000424,2026-08-16 22:36:38.079035,IF-007,SAP_S4HANA,DATA_LAKE,CDC,SUCCESS,114.4,16.04,0
LOG-0002711,2026-08-16 23:13:02.079035,IF-001,SAP_ECC,SFDC_CRM,ORDERS,SUCCESS,75.7,26.43,0
LOG-0003637,2026-08-16 23:20:55.079035,IF-003,SAP_S4HANA,ARIBA_NETWORK,ORDRSP,SUCCESS,197.6,3.54,0
LOG-0004732,2026-08-16 23:27:34.079035,IF-002,SAP_S4HANA,WMS_MANHATTAN,DESADV,FAILED,70.9,8.12,2
LOG-0000070,2026-08-16 23:43:36.079035,IF-008,SAP_CPI,3PL_PROVIDER,DESADV,FAILED,91.0,14.1,0
LOG-0004325,2026-08-16 23:52:32.079035,IF-004,SAP_ECC,B2B_VAN_SPS,INVOIC,SUCCESS,64.9,1.08,0
LOG-0002730,2026-08-17 00:04:52.079035,IF-003,SAP_S4HANA,ARIBA_NETWORK,ORDRSP,SUCCESS,212.8,25.86,0
LOG-0002478,2026-08-17 00:11:03.079035,IF-005,SAP_S4HANA,BTP_APP,OData,SUCCESS,116.2,117.36,0
LOG-0000497,2026-08-17 00:16:01.079035,IF-003,SAP_S4HANA,ARIBA_NETWORK,ORDRSP,SUCCESS,64.5,5.26,0
LOG-0003258,2026-08-17 00:17:37.079035,IF-003,SAP_S4HANA,ARIBA_NETWORK,ORDRSP,SUCCESS,116.0,11.22,0
LOG-0004517,2026-08-17 00:31:30.079035,IF-006,LEGACY_MAINFRAME,SAP_ECC,MATMAS,SUCCESS,743.6,17.6,0
LOG-0004168,2026-08-17 00:34:47.079035,IF-004,SAP_ECC,B2B_VAN_SPS,INVOIC,SUCCESS,78.2,3.06,0
LOG-0003004,2026-08-17 00:41:36.079035,IF-002,SAP_S4HANA,WMS_MANHATTAN,DESADV,SUCCESS,101.5,8.32,0
LOG-0003455,2026-08-17 00:44:20.079035,IF-004,SAP_ECC,B2B_VAN_SPS,INVOIC,SUCCESS,107.6,12.74,0
LOG-0001138,2026-08-17 00:46:59.079035,IF-002,SAP_S4HANA,WMS_MANHATTAN,DESADV,FAILED,64.3,34.36,0
LOG-0004463,2026-08-17 00:54:51.079035,IF-008,SAP_CPI,3PL_PROVIDER,DESADV,SUCCESS,21.1,6.64,0
LOG-0002133,2026-08-17 00:59:54.079035,IF-003,SAP_S4HANA,ARIBA_NETWORK,ORDRSP,SUCCESS,95.2,2.01,0
LOG-0002725,2026-08-17 01:12:46.079035,IF-003,SAP_S4HANA,ARIBA_NETWORK,ORDRSP,SUCCESS,74.0,12.23,0
LOG-0000883,2026-08-17 01:16:53.079035,IF-007,SAP_S4HANA,DATA_LAKE,CDC,SUCCESS,75.3,5.78,0
LOG-0000601,2026-08-17 01:19:16.079035,IF-003,SAP_S4HANA,ARIBA_NETWORK,ORDRSP,SUCCESS,43.0,3.33,0
LOG-0002070,2026-08-17 01:35:22.079035,IF-001,SAP_ECC,SFDC_CRM,ORDERS,SUCCESS,73.4,1.11,0
LOG-0004142,2026-08-17 01:37:30.079035,IF-003,SAP_S4HANA,ARIBA_NETWORK,ORDRSP,SUCCESS,45.9,12.83,0
LOG-0003291,2026-08-17 01:48:34.079035,IF-003,SAP_S4HANA,ARIBA_NETWORK,ORDRSP,SUCCESS,104.7,31.29,0
LOG-0001840,2026-08-17 01:58:19.079035,IF-003,SAP_S4HANA,ARIBA_NETWORK,ORDRSP,SUCCESS,51.8,8.79,0
LOG-0004498,2026-08-17 02:03:36.079035,IF-005,SAP_S4HANA,BTP_APP,OData,SUCCESS,53.9,98.52,0
LOG-0004600,2026-08-17 02:13:51.079035,IF-005,SAP_S4HANA,BTP_APP,OData,SUCCESS,41.7,102.0,0
LOG-0002913,2026-08-17 02:23:11.079035,IF-005,SAP_S4HANA,BTP_APP,OData,SUCCESS,80.7,47.23,0
LOG-0000807,2026-08-17 02:52:16.079035,IF-006,LEGACY_MAINFRAME,SAP_ECC,MATMAS,SUCCESS,100.2,16.8,0
LOG-0004727,2026-08-17 03:02:19.079035,IF-006,LEGACY_MAINFRAME,SAP_ECC,MATMAS,SUCCESS,68.6,1.36,0
LOG-0000345,2026-08-17 03:05:43.079035,IF-008,SAP_CPI,3PL_PROVIDER,DESADV,SUCCESS,122.2,13.92,0
LOG-0000580,2026-08-17 03:14:42.079035,IF-003,SAP_S4HANA,ARIBA_NETWORK,ORDRSP,SUCCESS,57.8,9.95,0
LOG-0003852,2026-08-17 03:20:30.079035,IF-003,SAP_S4HANA,ARIBA_NETWORK,ORDRSP,SUCCESS,26.8,0.35,0
LOG-0002028,2026-08-17 03:22:18.079035,IF-003,SAP_S4HANA,ARIBA_NETWORK,ORDRSP,SUCCESS,52.7,3.4,0
LOG-0004613,2026-08-17 03:24:25.079035,IF-007,SAP_S4HANA,DATA_LAKE,CDC,SUCCESS,68.4,22.8,0
LOG-0003706,2026-08-17 03:31:19.079035,IF-002,SAP_S4HANA,WMS_MANHATTAN,DESADV,SUCCESS,124.4,11.52,0
LOG-0000674,2026-08-17 03:39:42.079035,IF-001,SAP_ECC,SFDC_CRM,ORDERS,SUCCESS,105.3,3.73,0
LOG-0004335,2026-08-17 03:41:14.079035,IF-003,SAP_S4HANA,ARIBA_NETWORK,ORDRSP,SUCCESS,82.8,15.8,0
LOG-0003256,2026-08-17 03:57:01.079035,IF-007,SAP_S4HANA,DATA_LAKE,CDC,TIMEOUT,257.7,2.07,0
LOG-0004579,2026-08-17 03:57:47.079035,IF-003,SAP_S4HANA,ARIBA_NETWORK,ORDRSP,FAILED,49.1,13.56,2
LOG-0002014,2026-08-17 04:02:48.079035,IF-007,SAP_S4HANA,DATA_LAKE,CDC,SUCCESS,86.8,24.17,0
LOG-0001306,2026-08-17 04:05:23.079035,IF-004,SAP_ECC,B2B_VAN_SPS,INVOIC,SUCCESS,45.4,4.1,0
LOG-0002734,2026-08-17 04:05:43.079035,IF-006,LEGACY_MAINFRAME,SAP_ECC,MATMAS,SUCCESS,141.4,3.39,0
LOG-0003155,2026-08-17 04:31:26.079035,IF-006,LEGACY_MAINFRAME,SAP_ECC,MATMAS,SUCCESS,119.4,33.71,0
LOG-0003266,2026-08-17 04:31:34.079035,IF-002,SAP_S4HANA,WMS_MANHATTAN,DESADV,FAILED,287.6,5.58,0
LOG-0000197,2026-08-17 04:35:58.079035,IF-005,SAP_S4HANA,BTP_APP,OData,SUCCESS,323.9,20.84,0
LOG-0001135,2026-08-17 04:44:12.079035,IF-007,SAP_S4HANA,DATA_LAKE,CDC,SUCCESS,41.3,1.89,0
LOG-0002333,2026-08-17 05:05:57.079035,IF-005,SAP_S4HANA,BTP_APP,OData,SUCCESS,74.2,5.71,0
LOG-0000568,2026-08-17 05:11:48.079035,IF-005,SAP_S4HANA,BTP_APP,OData,SUCCESS,69.0,10.13,0
LOG-0002878,2026-08-17 05:24:13.079035,IF-007,SAP_S4HANA,DATA_LAKE,CDC,SUCCESS,170.1,1.47,0
LOG-0001330,2026-08-17 05:27:13.079035,IF-003,SAP_S4HANA,ARIBA_NETWORK,ORDRSP,SUCCESS,59.7,25.67,0
LOG-0000206,2026-08-17 05:41:40.079035,IF-003,SAP_S4HANA,ARIBA_NETWORK,ORDRSP,SUCCESS,98.2,21.11,0
LOG-0003176,2026-08-17 06:19:28.079035,IF-006,LEGACY_MAINFRAME,SAP_ECC,MATMAS,FAILED,45.0,1.64,0
LOG-0004624,2026-08-17 06:23:11.079035,IF-001,SAP_ECC,SFDC_CRM,ORDERS,SUCCESS,12.0,24.84,0
LOG-0004239,2026-08-17 06:28:13.079035,IF-008,SAP_CPI,3PL_PROVIDER,DESADV,SUCCESS,53.0,5.79,0
LOG-0002233,2026-08-17 06:30:30.079035,IF-003,SAP_S4HANA,ARIBA_NETWORK,ORDRSP,SUCCESS,146.6,7.68,0
LOG-0002668,2026-08-17 06:32:47.079035,IF-002,SAP_S4HANA,WMS_MANHATTAN,DESADV,SUCCESS,63.1,9.12,0
LOG-0000921,2026-08-17 06:36:57.079035,IF-007,SAP_S4HANA,DATA_LAKE,CDC,SUCCESS,134.2,10.48,0
LOG-0002353,2026-08-17 06:46:12.079035,IF-005,SAP_S4HANA,BTP_APP,OData,SUCCESS,194.2,1.31,0
LOG-0003345,2026-08-17 06:52:41.079035,IF-008,SAP_CPI,3PL_PROVIDER,DESADV,SUCCESS,51.0,13.78,0
LOG-0002281,2026-08-17 07:07:28.079035,IF-003,SAP_S4HANA,ARIBA_NETWORK,ORDRSP,SUCCESS,45.6,12.83,0
LOG-0000218,2026-08-17 07:10:36.079035,IF-004,SAP_ECC,B2B_VAN_SPS,INVOIC,SUCCESS,126.4,23.71,0
LOG-0003523,2026-08-17 07:21:48.079035,IF-008,SAP_CPI,3PL_PROVIDER,DESADV,SUCCESS,80.3,30.4,0
LOG-0004150,2026-08-17 07:23:37.079035,IF-008,SAP_CPI,3PL_PROVIDER,DESADV,FAILED,422.1,7.6,2
LOG-0003216,2026-08-17 07:35:16.079035,IF-005,SAP_S4HANA,BTP_APP,OData,SUCCESS,37.8,3.0,0
LOG-0000143,2026-08-17 07:54:52.079035,IF-001,SAP_ECC,SFDC_CRM,ORDERS,SUCCESS,128.9,40.84,0
LOG-0000187,2026-08-17 08:00:19.079035,IF-001,SAP_ECC,SFDC_CRM,ORDERS,SUCCESS,1323.2,2.78,0
LOG-0002344,2026-08-17 08:02:35.079035,IF-005,SAP_S4HANA,BTP_APP,OData,SUCCESS,21.6,2.46,0
LOG-0003863,2026-08-17 08:11:37.079035,IF-007,SAP_S4HANA,DATA_LAKE,CDC,SUCCESS,44.2,6.17,0
LOG-0000785,2026-08-17 08:17:27.079035,IF-001,SAP_ECC,SFDC_CRM,ORDERS,SUCCESS,183.3,8.25,0
LOG-0004994,2026-08-17 08:29:01.079035,IF-008,SAP_CPI,3PL_PROVIDER,DESADV,SUCCESS,91.5,6.34,0
LOG-0004109,2026-08-17 08:32:46.079035,IF-006,LEGACY_MAINFRAME,SAP_ECC,MATMAS,RETRY,73.4,13.0,3
LOG-0002341,2026-08-17 08:39:53.079035,IF-003,SAP_S4HANA,ARIBA_NETWORK,ORDRSP,SUCCESS,132.0,4.32,0
LOG-0002786,2026-08-17 09:22:56.079035,IF-006,LEGACY_MAINFRAME,SAP_ECC,MATMAS,SUCCESS,86.0,3.34,0
LOG-0004006,2026-08-17 09:44:25.079035,IF-008,SAP_CPI,3PL_PROVIDER,DESADV,SUCCESS,65.9,7.1,0
LOG-0003833,2026-08-17 09:45:01.079035,IF-002,SAP_S4HANA,WMS_MANHATTAN,DESADV,SUCCESS,68.4,91.67,0
LOG-0002779,2026-08-17 09:45:19.079035,IF-008,SAP_CPI,3PL_PROVIDER,DESADV,SUCCESS,58.8,10.99,0
LOG-0000165,2026-08-17 09:45:48.079035,IF-007,SAP_S4HANA,DATA_LAKE,CDC,SUCCESS,58.3,2.89,0
LOG-0001034,2026-08-17 09:53:41.079035,IF-001,SAP_ECC,SFDC_CRM,ORDERS,SUCCESS,128.3,14.59,0
LOG-0003057,2026-08-17 09:57:27.079035,IF-004,SAP_ECC,B2B_VAN_SPS,INVOIC,SUCCESS,30.8,5.05,0
LOG-0002112,2026-08-17 10:14:07.079035,IF-008,SAP_CPI,3PL_PROVIDER,DESADV,SUCCESS,35.9,30.65,0
LOG-0001798,2026-08-17 10:21:59.079035,IF-003,SAP_S4HANA,ARIBA_NETWORK,ORDRSP,SUCCESS,66.8,6.48,0
LOG-0000383,2026-08-17 10:29:50.079035,IF-006,LEGACY_MAINFRAME,SAP_ECC,MATMAS,SUCCESS,89.8,1.26,0
LOG-0000315,2026-08-17 10:31:28.079035,IF-007,SAP_S4HANA,DATA_LAKE,CDC,SUCCESS,52.3,4.26,0
LOG-0002535,2026-08-17 10:32:03.079035,IF-004,SAP_ECC,B2B_VAN_SPS,INVOIC,SUCCESS,46.6,6.26,0
LOG-0004681,2026-08-17 10:36:39.079035,IF-005,SAP_S4HANA,BTP_APP,OData,SUCCESS,53.5,15.48,0
LOG-0002303,2026-08-17 10:37:13.079035,IF-001,SAP_ECC,SFDC_CRM,ORDERS,SUCCESS,36.4,6.33,0
LOG-0001224,2026-08-17 10:41:09.079035,IF-002,SAP_S4HANA,WMS_MANHATTAN,DESADV,SUCCESS,96.0,9.28,0
LOG-0001567,2026-08-17 10:52:26.079035,IF-004,SAP_ECC,B2B_VAN_SPS,INVOIC,SUCCESS,36.1,67.0,0
LOG-0003322,2026-08-17 11:01:31.079035,IF-007,SAP_S4HANA,DATA_LAKE,CDC,RETRY,51.4,8.06,0
LOG-0002624,2026-08-17 11:13:01.079035,IF-007,SAP_S4HANA,DATA_LAKE,CDC,FAILED,50.8,14.66,0
LOG-0001322,2026-08-17 11:17:21.079035,IF-004,SAP_ECC,B2B_VAN_SPS,INVOIC,SUCCESS,26.2,1.13,0
LOG-0001325,2026-08-17 11:26:17.079035,IF-006,LEGACY_MAINFRAME,SAP_ECC,MATMAS,SUCCESS,26.7,1.91,0
LOG-0003257,2026-08-17 11:27:47.079035,IF-004,SAP_ECC,B2B_VAN_SPS,INVOIC,SUCCESS,58.5,38.01,0
LOG-0003610,2026-08-17 11:34:46.079035,IF-004,SAP_ECC,B2B_VAN_SPS,INVOIC,SUCCESS,104.9,7.46,0
LOG-0004771,2026-08-17 11:46:42.079035,IF-006,LEGACY_MAINFRAME,SAP_ECC,MATMAS,RETRY,108.7,6.79,2
LOG-0003748,2026-08-17 11:48:46.079035,IF-004,SAP_ECC,B2B_VAN_SPS,INVOIC,SUCCESS,91.2,7.29,0
LOG-0003175,2026-08-17 12:12:24.079035,IF-002,SAP_S4HANA,WMS_MANHATTAN,DESADV,RETRY,48.2,2.36,2
LOG-0002750,2026-08-17 12:40:33.079035,IF-008,SAP_CPI,3PL_PROVIDER,DESADV,RETRY,40.6,5.82,3
LOG-0004241,2026-08-17 12:55:20.079035,IF-004,SAP_ECC,B2B_VAN_SPS,INVOIC,FAILED,122.1,12.11,1
LOG-0002942,2026-08-17 13:07:28.079035,IF-002,SAP_S4HANA,WMS_MANHATTAN,DESADV,SUCCESS,20.0,2.35,0
LOG-0001533,2026-08-17 13:07:47.079035,IF-004,SAP_ECC,B2B_VAN_SPS,INVOIC,SUCCESS,111.8,37.87,0
LOG-0001452,2026-08-17 13:22:20.079035,IF-007,SAP_S4HANA,DATA_LAKE,CDC,SUCCESS,41.7,3.5,0
LOG-0001160,2026-08-17 13:30:29.079035,IF-005,SAP_S4HANA,BTP_APP,OData,SUCCESS,55.7,8.45,0
LOG-0004244,2026-08-17 13:40:21.079035,IF-003,SAP_S4HANA,ARIBA_NETWORK,ORDRSP,SUCCESS,64.9,23.66,0
LOG-0002472,2026-08-17 13:48:47.079035,IF-007,SAP_S4HANA,DATA_LAKE,CDC,SUCCESS,210.2,20.92,0
LOG-0004704,2026-08-17 13:49:40.079035,IF-005,SAP_S4HANA,BTP_APP,OData,FAILED,52.7,6.16,0
LOG-0001450,2026-08-17 13:51:12.079035,IF-004,SAP_ECC,B2B_VAN_SPS,INVOIC,SUCCESS,78.6,26.03,0
LOG-0003594,2026-08-17 13:53:07.079035,IF-005,SAP_S4HANA,BTP_APP,OData,SUCCESS,59.8,13.15,0
LOG-0000840,2026-08-17 14:01:23.079035,IF-003,SAP_S4HANA,ARIBA_NETWORK,ORDRSP,SUCCESS,62.3,4.84,0
LOG-0002246,2026-08-17 14:10:38.079035,IF-003,SAP_S4HANA,ARIBA_NETWORK,ORDRSP,SUCCESS,83.0,12.07,0
LOG-0001868,2026-08-17 14:12:41.079035,IF-005,SAP_S4HANA,BTP_APP,OData,SUCCESS,43.6,10.23,0
LOG-0003132,2026-08-17 14:20:37.079035,IF-008,SAP_CPI,3PL_PROVIDER,DESADV,SUCCESS,57.1,8.41,0
LOG-0002751,2026-08-17 14:23:18.079035,IF-008,SAP_CPI,3PL_PROVIDER,DESADV,SUCCESS,36.8,1.32,0
LOG-0002576,2026-08-17 14:23:50.079035,IF-001,SAP_ECC,SFDC_CRM,ORDERS,TIMEOUT,242.4,27.43,2
LOG-0004993,2026-08-17 14:27:39.079035,IF-001,SAP_ECC,SFDC_CRM,ORDERS,SUCCESS,105.8,29.54,0
LOG-0003739,2026-08-17 14:35:07.079035,IF-003,SAP_S4HANA,ARIBA_NETWORK,ORDRSP,SUCCESS,138.7,23.18,0
LOG-0004368,2026-08-17 14:38:02.079035,IF-007,SAP_S4HANA,DATA_LAKE,CDC,SUCCESS,93.2,17.43,0
LOG-0003078,2026-08-17 14:47:59.079035,IF-002,SAP_S4HANA,WMS_MANHATTAN,DESADV,SUCCESS,106.5,9.0,0
LOG-0002934,2026-08-17 14:50:03.079035,IF-008,SAP_CPI,3PL_PROVIDER,DESADV,SUCCESS,93.5,2.59,0
LOG-0001689,2026-08-17 15:09:48.079035,IF-003,SAP_S4HANA,ARIBA_NETWORK,ORDRSP,SUCCESS,46.8,28.74,0
LOG-0004212,2026-08-17 15:30:19.079035,IF-006,LEGACY_MAINFRAME,SAP_ECC,MATMAS,SUCCESS,56.5,119.44,0
LOG-0000708,2026-08-17 15:30:57.079035,IF-007,SAP_S4HANA,DATA_LAKE,CDC,SUCCESS,15.8,13.71,0
LOG-0004503,2026-08-17 15:37:35.079035,IF-003,SAP_S4HANA,ARIBA_NETWORK,ORDRSP,SUCCESS,23.2,3.4,0
LOG-0002306,2026-08-17 15:54:14.079035,IF-003,SAP_S4HANA,ARIBA_NETWORK,ORDRSP,SUCCESS,102.3,2.46,0
LOG-0003569,2026-08-17 15:54:30.079035,IF-008,SAP_CPI,3PL_PROVIDER,DESADV,SUCCESS,67.3,8.46,0
LOG-0000836,2026-08-17 16:07:11.079035,IF-006,LEGACY_MAINFRAME,SAP_ECC,MATMAS,TIMEOUT,214.2,10.79,0
LOG-0004789,2026-08-17 16:09:07.079035,IF-007,SAP_S4HANA,DATA_LAKE,CDC,SUCCESS,23.5,8.63,0
LOG-0001439,2026-08-17 16:25:13.079035,IF-001,SAP_ECC,SFDC_CRM,ORDERS,SUCCESS,81.2,8.37,0
LOG-0001634,2026-08-17 16:39:20.079035,IF-008,SAP_CPI,3PL_PROVIDER,DESADV,SUCCESS,36.9,2.02,0
LOG-0004605,2026-08-17 16:45:23.079035,IF-004,SAP_ECC,B2B_VAN_SPS,INVOIC,SUCCESS,66.7,41.14,0
LOG-0000290,2026-08-17 16:51:11.079035,IF-001,SAP_ECC,SFDC_CRM,ORDERS,SUCCESS,13.8,8.17,0
LOG-0000753,2026-08-17 17:07:18.079035,IF-007,SAP_S4HANA,DATA_LAKE,CDC,SUCCESS,71.1,5.81,0
LOG-0003419,2026-08-17 17:09:42.079035,IF-002,SAP_S4HANA,WMS_MANHATTAN,DESADV,SUCCESS,28.0,15.49,0
LOG-0000094,2026-08-17 17:19:58.079035,IF-008,SAP_CPI,3PL_PROVIDER,DESADV,FAILED,42.4,1.13,3
LOG-0003760,2026-08-17 17:36:18.079035,IF-001,SAP_ECC,SFDC_CRM,ORDERS,SUCCESS,85.2,1.71,0
LOG-0004562,2026-08-17 17:36:33.079035,IF-008,SAP_CPI,3PL_PROVIDER,DESADV,SUCCESS,36.8,7.76,0
LOG-0003456,2026-08-17 17:43:09.079035,IF-001,SAP_ECC,SFDC_CRM,ORDERS,SUCCESS,950.7,5.68,0
LOG-0003157,2026-08-17 17:50:39.079035,IF-005,SAP_S4HANA,BTP_APP,OData,SUCCESS,70.0,13.23,0
LOG-0002163,2026-08-17 17:52:02.079035,IF-003,SAP_S4HANA,ARIBA_NETWORK,ORDRSP,SUCCESS,95.8,13.64,0
LOG-0003444,2026-08-17 17:55:48.079035,IF-007,SAP_S4HANA,DATA_LAKE,CDC,SUCCESS,22.8,5.45,0
LOG-0001528,2026-08-17 18:02:09.079035,IF-004,SAP_ECC,B2B_VAN_SPS,INVOIC,SUCCESS,130.9,22.9,0
LOG-0001436,2026-08-17 18:07:57.079035,IF-001,SAP_ECC,SFDC_CRM,ORDERS,SUCCESS,94.9,13.05,0
LOG-0003515,2026-08-17 18:09:32.079035,IF-007,SAP_S4HANA,DATA_LAKE,CDC,RETRY,65.9,8.75,1
LOG-0003675,2026-08-17 18:09:41.079035,IF-002,SAP_S4HANA,WMS_MANHATTAN,DESADV,SUCCESS,82.5,12.2,0
LOG-0000892,2026-08-17 18:13:13.079035,IF-004,SAP_ECC,B2B_VAN_SPS,INVOIC,SUCCESS,45.4,2.6,0
LOG-0003754,2026-08-17 18:14:05.079035,IF-002,SAP_S4HANA,WMS_MANHATTAN,DESADV,SUCCESS,80.1,1.34,0
LOG-0004536,2026-08-17 18:15:34.079035,IF-001,SAP_ECC,SFDC_CRM,ORDERS,SUCCESS,57.3,1.97,0
LOG-0002455,2026-08-17 18:19:36.079035,IF-004,SAP_ECC,B2B_VAN_SPS,INVOIC,SUCCESS,52.4,16.63,0
LOG-0004469,2026-08-17 18:23:06.079035,IF-008,SAP_CPI,3PL_PROVIDER,DESADV,FAILED,1098.6,6.04,0
LOG-0003970,2026-08-17 18:28:47.079035,IF-005,SAP_S4HANA,BTP_APP,OData,SUCCESS,52.5,38.32,0
LOG-0002457,2026-08-17 18:37:11.079035,IF-006,LEGACY_MAINFRAME,SAP_ECC,MATMAS,SUCCESS,33.7,20.51,0
LOG-0000709,2026-08-17 18:39:40.079035,IF-005,SAP_S4HANA,BTP_APP,OData,SUCCESS,173.2,12.21,0
LOG-0001576,2026-08-17 19:12:36.079035,IF-001,SAP_ECC,SFDC_CRM,ORDERS,SUCCESS,134.4,29.03,0
LOG-0000329,2026-08-17 19:12:51.079035,IF-004,SAP_ECC,B2B_VAN_SPS,INVOIC,SUCCESS,24.3,5.28,0
LOG-0001333,2026-08-17 19:20:16.079035,IF-007,SAP_S4HANA,DATA_LAKE,CDC,SUCCESS,84.9,4.72,0
LOG-0002922,2026-08-17 19:21:42.079035,IF-002,SAP_S4HANA,WMS_MANHATTAN,DESADV,SUCCESS,78.0,3.45,0
LOG-0001491,2026-08-17 19:25:50.079035,IF-001,SAP_ECC,SFDC_CRM,ORDERS,FAILED,65.3,19.26,2
LOG-0004366,2026-08-17 19:31:32.079035,IF-006,LEGACY_MAINFRAME,SAP_ECC,MATMAS,SUCCESS,70.5,5.33,0
LOG-0004373,2026-08-17 19:42:54.079035,IF-001,SAP_ECC,SFDC_CRM,ORDERS,SUCCESS,56.6,2.23,0
LOG-0002305,2026-08-17 19:46:40.079035,IF-002,SAP_S4HANA,WMS_MANHATTAN,DESADV,SUCCESS,79.2,10.81,0
LOG-0000901,2026-08-17 19:48:16.079035,IF-008,SAP_CPI,3PL_PROVIDER,DESADV,SUCCESS,79.7,3.42,0
LOG-0004057,2026-08-17 19:49:40.079035,IF-005,SAP_S4HANA,BTP_APP,OData,SUCCESS,50.4,2.82,0
LOG-0002723,2026-08-17 19:50:15.079035,IF-003,SAP_S4HANA,ARIBA_NETWORK,ORDRSP,SUCCESS,108.0,1.83,0
LOG-0004693,2026-08-17 20:00:07.079035,IF-004,SAP_ECC,B2B_VAN_SPS,INVOIC,RETRY,45.3,1.98,3
LOG-0003483,2026-08-17 20:12:49.079035,IF-001,SAP_ECC,SFDC_CRM,ORDERS,SUCCESS,30.3,4.94,0
LOG-0001568,2026-08-17 20:15:57.079035,IF-006,LEGACY_MAINFRAME,SAP_ECC,MATMAS,SUCCESS,64.5,17.6,0
LOG-0001424,2026-08-17 20:23:36.079035,IF-006,LEGACY_MAINFRAME,SAP_ECC,MATMAS,SUCCESS,164.9,8.8,0
LOG-0002037,2026-08-17 20:25:56.079035,IF-004,SAP_ECC,B2B_VAN_SPS,INVOIC,SUCCESS,22.5,41.9,0
LOG-0001695,2026-08-17 20:31:21.079035,IF-004,SAP_ECC,B2B_VAN_SPS,INVOIC,SUCCESS,57.3,3.17,0
LOG-0001584,2026-08-17 20:41:30.079035,IF-004,SAP_ECC,B2B_VAN_SPS,INVOIC,SUCCESS,57.1,3.01,0
LOG-0003567,2026-08-17 21:17:16.079035,IF-005,SAP_S4HANA,BTP_APP,OData,SUCCESS,52.1,20.83,0
LOG-0002848,2026-08-17 21:25:33.079035,IF-006,LEGACY_MAINFRAME,SAP_ECC,MATMAS,SUCCESS,73.3,16.19,0
LOG-0000337,2026-08-17 21:26:37.079035,IF-006,LEGACY_MAINFRAME,SAP_ECC,MATMAS,SUCCESS,50.4,3.26,0
LOG-0000808,2026-08-17 21:35:18.079035,IF-008,SAP_CPI,3PL_PROVIDER,DESADV,SUCCESS,46.8,2.35,0
LOG-0004820,2026-08-17 22:07:16.079035,IF-003,SAP_S4HANA,ARIBA_NETWORK,ORDRSP,SUCCESS,59.7,9.32,0
LOG-0001819,2026-08-17 22:11:19.079035,IF-004,SAP_ECC,B2B_VAN_SPS,INVOIC,SUCCESS,47.4,4.54,0
LOG-0004000,2026-08-17 22:12:09.079035,IF-005,SAP_S4HANA,BTP_APP,OData,SUCCESS,60.1,11.57,0
LOG-0004455,2026-08-17 22:25:02.079035,IF-006,LEGACY_MAINFRAME,SAP_ECC,MATMAS,TIMEOUT,54.8,9.05,1
LOG-0003210,2026-08-17 22:34:46.079035,IF-001,SAP_ECC,SFDC_CRM,ORDERS,SUCCESS,36.8,6.46,0
LOG-0002410,2026-08-17 22:34:46.079035,IF-008,SAP_CPI,3PL_PROVIDER,DESADV,SUCCESS,29.7,17.5,0
LOG-0002187,2026-08-17 22:50:54.079035,IF-004,SAP_ECC,B2B_VAN_SPS,INVOIC,SUCCESS,391.7,2.57,0
LOG-0000232,2026-08-17 23:05:35.079035,IF-004,SAP_ECC,B2B_VAN_SPS,INVOIC,SUCCESS,94.2,8.17,0
LOG-0003485,2026-08-17 23:09:31.079035,IF-002,SAP_S4HANA,WMS_MANHATTAN,DESADV,SUCCESS,160.1,11.11,0
LOG-0002413,2026-08-17 23:22:54.079035,IF-001,SAP_ECC,SFDC_CRM,ORDERS,TIMEOUT,40.2,7.26,1
LOG-0000179,2026-08-17 23:32:16.079035,IF-004,SAP_ECC,B2B_VAN_SPS,INVOIC,SUCCESS,88.5,3.86,0
LOG-0002835,2026-08-17 23:39:46.079035,IF-001,SAP_ECC,SFDC_CRM,ORDERS,SUCCESS,35.5,27.87,0
LOG-0004823,2026-08-18 00:00:57.079035,IF-005,SAP_S4HANA,BTP_APP,OData,SUCCESS,49.6,5.63,0
LOG-0000590,2026-08-18 00:02:15.079035,IF-006,LEGACY_MAINFRAME,SAP_ECC,MATMAS,SUCCESS,30.0,14.42,0
LOG-0002769,2026-08-18 00:12:31.079035,IF-001,SAP_ECC,SFDC_CRM,ORDERS,SUCCESS,136.8,1.09,0
LOG-0000914,2026-08-18 00:13:20.079035,IF-007,SAP_S4HANA,DATA_LAKE,CDC,SUCCESS,162.4,18.18,0
LOG-0003160,2026-08-18 00:21:02.079035,IF-003,SAP_S4HANA,ARIBA_NETWORK,ORDRSP,FAILED,18.4,26.86,2
LOG-0001592,2026-08-18 00:46:35.079035,IF-005,SAP_S4HANA,BTP_APP,OData,SUCCESS,115.4,8.96,0
LOG-0003201,2026-08-18 01:06:22.079035,IF-005,SAP_S4HANA,BTP_APP,OData,SUCCESS,240.7,57.13,0
LOG-0000473,2026-08-18 01:12:03.079035,IF-003,SAP_S4HANA,ARIBA_NETWORK,ORDRSP,SUCCESS,849.6,7.21,0
LOG-0001507,2026-08-18 01:35:02.079035,IF-004,SAP_ECC,B2B_VAN_SPS,INVOIC,SUCCESS,46.5,3.32,0
LOG-0002777,2026-08-18 01:43:48.079035,IF-005,SAP_S4HANA,BTP_APP,OData,SUCCESS,122.7,20.52,0
LOG-0002713,2026-08-18 01:46:24.079035,IF-005,SAP_S4HANA,BTP_APP,OData,SUCCESS,82.1,6.71,0
LOG-0004407,2026-08-18 02:05:07.079035,IF-006,LEGACY_MAINFRAME,SAP_ECC,MATMAS,SUCCESS,78.6,8.55,0
LOG-0002800,2026-08-18 02:16:14.079035,IF-001,SAP_ECC,SFDC_CRM,ORDERS,SUCCESS,171.5,2.38,0
LOG-0001993,2026-08-18 02:25:47.079035,IF-008,SAP_CPI,3PL_PROVIDER,DESADV,SUCCESS,86.2,14.24,0
LOG-0000852,2026-08-18 02:31:00.079035,IF-008,SAP_CPI,3PL_PROVIDER,DESADV,SUCCESS,26.2,7.16,0
LOG-0004187,2026-08-18 02:36:43.079035,IF-002,SAP_S4HANA,WMS_MANHATTAN,DESADV,SUCCESS,59.6,2.31,0
LOG-0004062,2026-08-18 02:48:02.079035,IF-004,SAP_ECC,B2B_VAN_SPS,INVOIC,SUCCESS,136.8,8.08,0
LOG-0004075,2026-08-18 02:49:20.079035,IF-006,LEGACY_MAINFRAME,SAP_ECC,MATMAS,SUCCESS,114.8,29.73,0
LOG-0002857,2026-08-18 02:51:10.079035,IF-003,SAP_S4HANA,ARIBA_NETWORK,ORDRSP,TIMEOUT,72.4,2.86,2
LOG-0000650,2026-08-18 02:54:26.079035,IF-003,SAP_S4HANA,ARIBA_NETWORK,ORDRSP,SUCCESS,45.5,4.59,0
LOG-0000829,2026-08-18 03:05:16.079035,IF-007,SAP_S4HANA,DATA_LAKE,CDC,SUCCESS,76.6,36.18,0
LOG-0002550,2026-08-18 03:14:25.079035,IF-003,SAP_S4HANA,ARIBA_NETWORK,ORDRSP,SUCCESS,218.0,3.41,0
LOG-0002290,2026-08-18 03:19:48.079035,IF-004,SAP_ECC,B2B_VAN_SPS,INVOIC,SUCCESS,24.4,3.71,0
LOG-0003273,2026-08-18 03:47:15.079035,IF-006,LEGACY_MAINFRAME,SAP_ECC,MATMAS,TIMEOUT,38.4,11.92,3
LOG-0001685,2026-08-18 04:03:25.079035,IF-003,SAP_S4HANA,ARIBA_NETWORK,ORDRSP,SUCCESS,102.4,8.04,0
LOG-0003996,2026-08-18 04:07:23.079035,IF-004,SAP_ECC,B2B_VAN_SPS,INVOIC,SUCCESS,128.0,3.57,0
LOG-0003582,2026-08-18 04:17:55.079035,IF-003,SAP_S4HANA,ARIBA_NETWORK,ORDRSP,SUCCESS,49.9,3.82,0
LOG-0001932,2026-08-18 04:22:56.079035,IF-004,SAP_ECC,B2B_VAN_SPS,INVOIC,SUCCESS,81.2,12.97,0
LOG-0000582,2026-08-18 04:24:59.079035,IF-003,SAP_S4HANA,ARIBA_NETWORK,ORDRSP,FAILED,67.1,1.98,0
LOG-0004642,2026-08-18 04:25:48.079035,IF-001,SAP_ECC,SFDC_CRM,ORDERS,SUCCESS,25.8,3.68,0
LOG-0000911,2026-08-18 04:36:20.079035,IF-004,SAP_ECC,B2B_VAN_SPS,INVOIC,SUCCESS,76.5,4.21,0
LOG-0003032,2026-08-18 04:36:38.079035,IF-003,SAP_S4HANA,ARIBA_NETWORK,ORDRSP,SUCCESS,58.7,0.74,0
LOG-0003007,2026-08-18 04:57:09.079035,IF-002,SAP_S4HANA,WMS_MANHATTAN,DESADV,SUCCESS,37.4,3.13,0
LOG-0004015,2026-08-18 05:09:12.079035,IF-008,SAP_CPI,3PL_PROVIDER,DESADV,SUCCESS,35.7,4.46,0
LOG-0001903,2026-08-18 05:24:11.079035,IF-001,SAP_ECC,SFDC_CRM,ORDERS,SUCCESS,63.0,16.79,0
LOG-0003519,2026-08-18 05:24:57.079035,IF-006,LEGACY_MAINFRAME,SAP_ECC,MATMAS,SUCCESS,34.8,17.72,0
LOG-0004915,2026-08-18 05:25:30.079035,IF-001,SAP_ECC,SFDC_CRM,ORDERS,SUCCESS,68.3,4.64,0
LOG-0001178,2026-08-18 05:36:36.079035,IF-001,SAP_ECC,SFDC_CRM,ORDERS,SUCCESS,158.7,14.22,0
LOG-0002354,2026-08-18 05:38:14.079035,IF-002,SAP_S4HANA,WMS_MANHATTAN,DESADV,SUCCESS,15.2,3.72,0
LOG-0000978,2026-08-18 05:38:55.079035,IF-003,SAP_S4HANA,ARIBA_NETWORK,ORDRSP,SUCCESS,64.0,3.77,0
LOG-0003295,2026-08-18 05:43:54.079035,IF-004,SAP_ECC,B2B_VAN_SPS,INVOIC,SUCCESS,238.3,18.39,0
LOG-0001056,2026-08-18 05:52:12.079035,IF-001,SAP_ECC,SFDC_CRM,ORDERS,SUCCESS,95.9,5.51,0
LOG-0003087,2026-08-18 05:53:47.079035,IF-003,SAP_S4HANA,ARIBA_NETWORK,ORDRSP,SUCCESS,45.8,6.98,0
LOG-0004198,2026-08-18 05:57:07.079035,IF-003,SAP_S4HANA,ARIBA_NETWORK,ORDRSP,SUCCESS,134.0,4.55,0
LOG-0002820,2026-08-18 06:07:21.079035,IF-006,LEGACY_MAINFRAME,SAP_ECC,MATMAS,RETRY,72.6,12.03,1
LOG-0001410,2026-08-18 06:09:01.079035,IF-005,SAP_S4HANA,BTP_APP,OData,SUCCESS,199.3,0.96,0
LOG-0002918,2026-08-18 06:32:43.079035,IF-006,LEGACY_MAINFRAME,SAP_ECC,MATMAS,SUCCESS,133.8,7.17,0
LOG-0004609,2026-08-18 06:36:55.079035,IF-008,SAP_CPI,3PL_PROVIDER,DESADV,SUCCESS,55.1,30.29,0
LOG-0004012,2026-08-18 06:57:35.079035,IF-006,LEGACY_MAINFRAME,SAP_ECC,MATMAS,SUCCESS,76.8,4.03,0
LOG-0000466,2026-08-18 07:01:01.079035,IF-002,SAP_S4HANA,WMS_MANHATTAN,DESADV,SUCCESS,39.4,19.12,0
LOG-0004386,2026-08-18 07:34:28.079035,IF-003,SAP_S4HANA,ARIBA_NETWORK,ORDRSP,SUCCESS,48.0,10.73,0
LOG-0001014,2026-08-18 07:36:29.079035,IF-001,SAP_ECC,SFDC_CRM,ORDERS,SUCCESS,51.8,5.7,0
LOG-0000730,2026-08-18 07:51:09.079035,IF-008,SAP_CPI,3PL_PROVIDER,DESADV,SUCCESS,250.3,10.03,0
LOG-0004081,2026-08-18 07:56:45.079035,IF-005,SAP_S4HANA,BTP_APP,OData,TIMEOUT,570.1,8.89,2
LOG-0003112,2026-08-18 07:59:24.079035,IF-002,SAP_S4HANA,WMS_MANHATTAN,DESADV,SUCCESS,80.4,5.57,0
LOG-0004809,2026-08-18 07:59:53.079035,IF-002,SAP_S4HANA,WMS_MANHATTAN,DESADV,SUCCESS,50.5,41.69,0
LOG-0001247,2026-08-18 08:06:30.079035,IF-006,LEGACY_MAINFRAME,SAP_ECC,MATMAS,SUCCESS,184.6,6.42,0
LOG-0000670,2026-08-18 08:25:06.079035,IF-002,SAP_S4HANA,WMS_MANHATTAN,DESADV,SUCCESS,156.4,9.29,0
LOG-0000477,2026-08-18 08:28:24.079035,IF-003,SAP_S4HANA,ARIBA_NETWORK,ORDRSP,SUCCESS,50.5,1.36,0
LOG-0003525,2026-08-18 08:40:34.079035,IF-006,LEGACY_MAINFRAME,SAP_ECC,MATMAS,SUCCESS,176.3,0.85,0
LOG-0004440,2026-08-18 08:44:12.079035,IF-001,SAP_ECC,SFDC_CRM,ORDERS,SUCCESS,71.0,6.98,0
LOG-0004175,2026-08-18 08:56:32.079035,IF-006,LEGACY_MAINFRAME,SAP_ECC,MATMAS,SUCCESS,75.0,20.63,0
LOG-0001016,2026-08-18 09:03:39.079035,IF-003,SAP_S4HANA,ARIBA_NETWORK,ORDRSP,FAILED,384.4,3.76,1
LOG-0003892,2026-08-18 09:03:46.079035,IF-006,LEGACY_MAINFRAME,SAP_ECC,MATMAS,RETRY,410.0,3.33,3
LOG-0002649,2026-08-18 09:08:23.079035,IF-002,SAP_S4HANA,WMS_MANHATTAN,DESADV,SUCCESS,81.7,22.75,0
LOG-0004112,2026-08-18 09:09:49.079035,IF-006,LEGACY_MAINFRAME,SAP_ECC,MATMAS,SUCCESS,22.4,1.67,0
LOG-0001001,2026-08-18 09:12:49.079035,IF-005,SAP_S4HANA,BTP_APP,OData,SUCCESS,101.2,2.15,0
LOG-0003033,2026-08-18 09:19:35.079035,IF-003,SAP_S4HANA,ARIBA_NETWORK,ORDRSP,SUCCESS,71.4,3.98,0
LOG-0004970,2026-08-18 09:24:09.079035,IF-003,SAP_S4HANA,ARIBA_NETWORK,ORDRSP,SUCCESS,101.2,7.25,0
LOG-0004330,2026-08-18 09:26:52.079035,IF-007,SAP_S4HANA,DATA_LAKE,CDC,SUCCESS,178.0,3.15,0
LOG-0004866,2026-08-18 09:31:57.079035,IF-005,SAP_S4HANA,BTP_APP,OData,SUCCESS,97.2,6.06,0
LOG-0000560,2026-08-18 09:41:15.079035,IF-003,SAP_S4HANA,ARIBA_NETWORK,ORDRSP,SUCCESS,42.6,3.87,0
LOG-0004852,2026-08-18 09:51:16.079035,IF-003,SAP_S4HANA,ARIBA_NETWORK,ORDRSP,SUCCESS,44.2,6.42,0
LOG-0003820,2026-08-18 09:59:48.079035,IF-005,SAP_S4HANA,BTP_APP,OData,SUCCESS,59.7,5.74,0
LOG-0003547,2026-08-18 10:18:08.079035,IF-003,SAP_S4HANA,ARIBA_NETWORK,ORDRSP,SUCCESS,93.5,8.38,0
LOG-0001860,2026-08-18 10:29:37.079035,IF-006,LEGACY_MAINFRAME,SAP_ECC,MATMAS,SUCCESS,62.6,9.87,0
LOG-0000502,2026-08-18 10:46:56.079035,IF-001,SAP_ECC,SFDC_CRM,ORDERS,RETRY,66.4,9.03,0
LOG-0003982,2026-08-18 10:48:08.079035,IF-008,SAP_CPI,3PL_PROVIDER,DESADV,SUCCESS,28.5,6.68,0
LOG-0002594,2026-08-18 11:04:25.079035,IF-007,SAP_S4HANA,DATA_LAKE,CDC,SUCCESS,65.7,3.61,0
LOG-0002067,2026-08-18 11:08:35.079035,IF-001,SAP_ECC,SFDC_CRM,ORDERS,FAILED,90.5,8.81,3
LOG-0000562,2026-08-18 11:12:40.079035,IF-003,SAP_S4HANA,ARIBA_NETWORK,ORDRSP,SUCCESS,185.2,33.51,0
LOG-0004460,2026-08-18 11:33:45.079035,IF-004,SAP_ECC,B2B_VAN_SPS,INVOIC,SUCCESS,60.2,2.45,0
LOG-0002534,2026-08-18 11:36:11.079035,IF-006,LEGACY_MAINFRAME,SAP_ECC,MATMAS,FAILED,296.5,29.14,1
LOG-0002948,2026-08-18 11:49:19.079035,IF-006,LEGACY_MAINFRAME,SAP_ECC,MATMAS,SUCCESS,87.9,15.66,0
LOG-0002257,2026-08-18 11:53:32.079035,IF-004,SAP_ECC,B2B_VAN_SPS,INVOIC,SUCCESS,65.9,10.42,0
LOG-0004299,2026-08-18 11:59:44.079035,IF-007,SAP_S4HANA,DATA_LAKE,CDC,SUCCESS,52.4,3.63,0
LOG-0001194,2026-08-18 12:04:37.079035,IF-002,SAP_S4HANA,WMS_MANHATTAN,DESADV,SUCCESS,36.5,9.98,0
LOG-0000293,2026-08-18 12:12:34.079035,IF-006,LEGACY_MAINFRAME,SAP_ECC,MATMAS,SUCCESS,49.0,7.69,0
LOG-0002991,2026-08-18 12:28:24.079035,IF-005,SAP_S4HANA,BTP_APP,OData,SUCCESS,82.4,4.88,0
LOG-0004167,2026-08-18 12:35:07.079035,IF-001,SAP_ECC,SFDC_CRM,ORDERS,SUCCESS,108.8,8.45,0
LOG-0000349,2026-08-18 12:47:06.079035,IF-005,SAP_S4HANA,BTP_APP,OData,RETRY,23.9,3.3,2
LOG-0000975,2026-08-18 12:49:11.079035,IF-002,SAP_S4HANA,WMS_MANHATTAN,DESADV,RETRY,136.2,46.77,1
LOG-0001416,2026-08-18 12:55:14.079035,IF-005,SAP_S4HANA,BTP_APP,OData,SUCCESS,117.5,13.37,0
LOG-0003373,2026-08-18 13:03:34.079035,IF-001,SAP_ECC,SFDC_CRM,ORDERS,SUCCESS,94.2,18.31,0
LOG-0003659,2026-08-18 13:15:08.079035,IF-006,LEGACY_MAINFRAME,SAP_ECC,MATMAS,SUCCESS,127.6,5.48,0
LOG-0004753,2026-08-18 13:25:52.079035,IF-005,SAP_S4HANA,BTP_APP,OData,SUCCESS,65.5,32.54,0
LOG-0003363,2026-08-18 13:58:20.079035,IF-007,SAP_S4HANA,DATA_LAKE,CDC,SUCCESS,219.9,2.75,0
LOG-0001267,2026-08-18 13:58:27.079035,IF-007,SAP_S4HANA,DATA_LAKE,CDC,SUCCESS,46.4,4.65,0
LOG-0001864,2026-08-18 14:15:38.079035,IF-005,SAP_S4HANA,BTP_APP,OData,FAILED,58.9,16.11,0
LOG-0002829,2026-08-18 14:18:11.079035,IF-006,LEGACY_MAINFRAME,SAP_ECC,MATMAS,TIMEOUT,37.6,3.37,2
LOG-0004961,2026-08-18 14:24:44.079035,IF-006,LEGACY_MAINFRAME,SAP_ECC,MATMAS,SUCCESS,56.8,5.95,0
LOG-0002337,2026-08-18 14:33:52.079035,IF-005,SAP_S4HANA,BTP_APP,OData,SUCCESS,76.2,45.08,0
LOG-0000116,2026-08-18 14:41:20.079035,IF-005,SAP_S4HANA,BTP_APP,OData,SUCCESS,25.4,4.18,0
LOG-0004257,2026-08-18 14:48:34.079035,IF-001,SAP_ECC,SFDC_CRM,ORDERS,SUCCESS,62.0,4.07,0
LOG-0000965,2026-08-18 14:55:56.079035,IF-005,SAP_S4HANA,BTP_APP,OData,SUCCESS,44.7,9.13,0
LOG-0004489,2026-08-18 14:56:42.079035,IF-001,SAP_ECC,SFDC_CRM,ORDERS,SUCCESS,56.8,9.84,0
LOG-0003737,2026-08-18 15:03:50.079035,IF-002,SAP_S4HANA,WMS_MANHATTAN,DESADV,SUCCESS,159.8,9.36,0
LOG-0000067,2026-08-18 15:18:29.079035,IF-008,SAP_CPI,3PL_PROVIDER,DESADV,SUCCESS,40.0,3.35,0
LOG-0004091,2026-08-18 15:21:13.079035,IF-003,SAP_S4HANA,ARIBA_NETWORK,ORDRSP,SUCCESS,41.4,2.59,0
LOG-0004632,2026-08-18 15:23:04.079035,IF-007,SAP_S4HANA,DATA_LAKE,CDC,SUCCESS,132.8,31.6,0
LOG-0003910,2026-08-18 15:54:00.079035,IF-006,LEGACY_MAINFRAME,SAP_ECC,MATMAS,SUCCESS,15.2,2.3,0
LOG-0001074,2026-08-18 16:01:58.079035,IF-001,SAP_ECC,SFDC_CRM,ORDERS,SUCCESS,61.1,42.51,0
LOG-0003756,2026-08-18 16:16:10.079035,IF-002,SAP_S4HANA,WMS_MANHATTAN,DESADV,SUCCESS,100.8,10.58,0
LOG-0001124,2026-08-18 16:26:32.079035,IF-005,SAP_S4HANA,BTP_APP,OData,SUCCESS,49.5,48.63,0
LOG-0001666,2026-08-18 17:29:49.079035,IF-005,SAP_S4HANA,BTP_APP,OData,SUCCESS,71.7,13.85,0
LOG-0001448,2026-08-18 17:35:13.079035,IF-004,SAP_ECC,B2B_VAN_SPS,INVOIC,SUCCESS,72.1,8.57,0
LOG-0002261,2026-08-18 17:42:53.079035,IF-005,SAP_S4HANA,BTP_APP,OData,FAILED,171.9,13.74,3
LOG-0003857,2026-08-18 17:53:16.079035,IF-001,SAP_ECC,SFDC_CRM,ORDERS,SUCCESS,89.9,3.38,0
LOG-0000691,2026-08-18 18:12:51.079035,IF-007,SAP_S4HANA,DATA_LAKE,CDC,SUCCESS,37.8,6.92,0
LOG-0000334,2026-08-18 18:24:33.079035,IF-008,SAP_CPI,3PL_PROVIDER,DESADV,SUCCESS,192.9,5.33,0
LOG-0003297,2026-08-18 18:32:16.079035,IF-007,SAP_S4HANA,DATA_LAKE,CDC,SUCCESS,70.5,17.95,0
LOG-0000214,2026-08-18 18:35:57.079035,IF-003,SAP_S4HANA,ARIBA_NETWORK,ORDRSP,FAILED,121.9,3.24,1
LOG-0003538,2026-08-18 18:36:30.079035,IF-005,SAP_S4HANA,BTP_APP,OData,SUCCESS,144.1,1.93,0
LOG-0004177,2026-08-18 18:42:51.079035,IF-001,SAP_ECC,SFDC_CRM,ORDERS,SUCCESS,145.1,10.16,0
LOG-0003657,2026-08-18 19:09:26.079035,IF-003,SAP_S4HANA,ARIBA_NETWORK,ORDRSP,SUCCESS,32.8,26.79,0
LOG-0001508,2026-08-18 19:14:05.079035,IF-004,SAP_ECC,B2B_VAN_SPS,INVOIC,FAILED,112.1,2.51,2
LOG-0001271,2026-08-18 19:23:23.079035,IF-001,SAP_ECC,SFDC_CRM,ORDERS,SUCCESS,132.4,4.36,0
LOG-0002959,2026-08-18 19:32:30.079035,IF-003,SAP_S4HANA,ARIBA_NETWORK,ORDRSP,SUCCESS,36.7,3.47,0
LOG-0000282,2026-08-18 19:57:20.079035,IF-005,SAP_S4HANA,BTP_APP,OData,TIMEOUT,59.1,6.45,1
LOG-0004637,2026-08-18 20:02:31.079035,IF-003,SAP_S4HANA,ARIBA_NETWORK,ORDRSP,SUCCESS,62.2,3.06,0
LOG-0000525,2026-08-18 20:19:32.079035,IF-007,SAP_S4HANA,DATA_LAKE,CDC,SUCCESS,44.2,55.5,0
LOG-0000599,2026-08-18 21:02:35.079035,IF-001,SAP_ECC,SFDC_CRM,ORDERS,SUCCESS,79.5,1.33,0
LOG-0004037,2026-08-18 21:19:36.079035,IF-003,SAP_S4HANA,ARIBA_NETWORK,ORDRSP,SUCCESS,55.3,37.16,0
LOG-0003939,2026-08-18 21:22:20.079035,IF-002,SAP_S4HANA,WMS_MANHATTAN,DESADV,SUCCESS,23.8,15.53,0
LOG-0002560,2026-08-18 21:33:30.079035,IF-008,SAP_CPI,3PL_PROVIDER,DESADV,SUCCESS,37.0,24.24,0
LOG-0002805,2026-08-18 21:37:03.079035,IF-003,SAP_S4HANA,ARIBA_NETWORK,ORDRSP,SUCCESS,43.4,2.97,0
LOG-0004324,2026-08-18 21:45:26.079035,IF-008,SAP_CPI,3PL_PROVIDER,DESADV,FAILED,886.1,8.22,2
LOG-0004444,2026-08-18 21:51:28.079035,IF-005,SAP_S4HANA,BTP_APP,OData,FAILED,107.8,4.39,0
LOG-0002943,2026-08-18 22:09:35.079035,IF-001,SAP_ECC,SFDC_CRM,ORDERS,SUCCESS,182.5,25.78,0
LOG-0003780,2026-08-18 22:15:37.079035,IF-007,SAP_S4HANA,DATA_LAKE,CDC,SUCCESS,32.9,27.18,0
LOG-0003079,2026-08-18 22:21:30.079035,IF-008,SAP_CPI,3PL_PROVIDER,DESADV,SUCCESS,74.6,147.29,0
LOG-0001225,2026-08-18 22:21:39.079035,IF-008,SAP_CPI,3PL_PROVIDER,DESADV,SUCCESS,58.3,8.54,0
LOG-0004835,2026-08-18 22:32:43.079035,IF-004,SAP_ECC,B2B_VAN_SPS,INVOIC,SUCCESS,17.9,7.94,0
LOG-0000508,2026-08-18 22:40:34.079035,IF-002,SAP_S4HANA,WMS_MANHATTAN,DESADV,SUCCESS,41.2,17.2,0
LOG-0004521,2026-08-18 22:41:17.079035,IF-001,SAP_ECC,SFDC_CRM,ORDERS,SUCCESS,48.4,14.2,0
LOG-0000935,2026-08-18 22:48:32.079035,IF-004,SAP_ECC,B2B_VAN_SPS,INVOIC,SUCCESS,36.0,11.25,0
LOG-0000881,2026-08-18 22:51:10.079035,IF-008,SAP_CPI,3PL_PROVIDER,DESADV,SUCCESS,36.5,2.46,0
LOG-0002492,2026-08-18 23:01:30.079035,IF-007,SAP_S4HANA,DATA_LAKE,CDC,SUCCESS,52.9,50.24,0
LOG-0002683,2026-08-18 23:06:20.079035,IF-007,SAP_S4HANA,DATA_LAKE,CDC,SUCCESS,75.4,8.91,0
LOG-0002641,2026-08-18 23:08:45.079035,IF-006,LEGACY_MAINFRAME,SAP_ECC,MATMAS,SUCCESS,40.5,4.67,0
LOG-0000505,2026-08-18 23:11:51.079035,IF-006,LEGACY_MAINFRAME,SAP_ECC,MATMAS,SUCCESS,33.2,7.89,0
LOG-0003457,2026-08-18 23:25:49.079035,IF-003,SAP_S4HANA,ARIBA_NETWORK,ORDRSP,SUCCESS,172.8,5.28,0
LOG-0001711,2026-08-18 23:25:57.079035,IF-005,SAP_S4HANA,BTP_APP,OData,SUCCESS,147.0,1.7,0
LOG-0002150,2026-08-18 23:31:19.079035,IF-008,SAP_CPI,3PL_PROVIDER,DESADV,SUCCESS,27.2,6.16,0
LOG-0000040,2026-08-18 23:42:22.079035,IF-005,SAP_S4HANA,BTP_APP,OData,SUCCESS,170.8,41.5,0
LOG-0001655,2026-08-18 23:45:00.079035,IF-001,SAP_ECC,SFDC_CRM,ORDERS,SUCCESS,89.9,12.96,0
LOG-0000795,2026-08-18 23:49:04.079035,IF-003,SAP_S4HANA,ARIBA_NETWORK,ORDRSP,SUCCESS,75.1,1.86,0
LOG-0003362,2026-08-19 00:03:00.079035,IF-004,SAP_ECC,B2B_VAN_SPS,INVOIC,SUCCESS,62.7,87.07,0
LOG-0004500,2026-08-19 00:26:03.079035,IF-006,LEGACY_MAINFRAME,SAP_ECC,MATMAS,TIMEOUT,123.7,22.68,0
LOG-0000267,2026-08-19 00:31:24.079035,IF-008,SAP_CPI,3PL_PROVIDER,DESADV,SUCCESS,45.5,2.53,0
LOG-0001877,2026-08-19 00:32:41.079035,IF-006,LEGACY_MAINFRAME,SAP_ECC,MATMAS,TIMEOUT,36.8,8.82,3
LOG-0004258,2026-08-19 00:33:40.079035,IF-002,SAP_S4HANA,WMS_MANHATTAN,DESADV,SUCCESS,95.4,5.79,0
LOG-0002047,2026-08-19 00:48:56.079035,IF-001,SAP_ECC,SFDC_CRM,ORDERS,SUCCESS,62.6,12.86,0
LOG-0003159,2026-08-19 00:56:19.079035,IF-006,LEGACY_MAINFRAME,SAP_ECC,MATMAS,SUCCESS,73.4,11.55,0
LOG-0004855,2026-08-19 00:59:18.079035,IF-007,SAP_S4HANA,DATA_LAKE,CDC,SUCCESS,53.2,16.41,0
LOG-0003410,2026-08-19 01:08:18.079035,IF-003,SAP_S4HANA,ARIBA_NETWORK,ORDRSP,SUCCESS,40.4,1.38,0
LOG-0004713,2026-08-19 01:51:44.079035,IF-007,SAP_S4HANA,DATA_LAKE,CDC,SUCCESS,12.7,4.44,0
LOG-0004639,2026-08-19 01:51:52.079035,IF-005,SAP_S4HANA,BTP_APP,OData,RETRY,61.4,60.29,1
LOG-0004687,2026-08-19 02:07:35.079035,IF-005,SAP_S4HANA,BTP_APP,OData,SUCCESS,119.9,32.74,0
LOG-0001625,2026-08-19 02:09:25.079035,IF-008,SAP_CPI,3PL_PROVIDER,DESADV,SUCCESS,98.1,15.6,0
LOG-0000950,2026-08-19 02:10:30.079035,IF-003,SAP_S4HANA,ARIBA_NETWORK,ORDRSP,SUCCESS,75.6,3.08,0
LOG-0001434,2026-08-19 02:23:00.079035,IF-006,LEGACY_MAINFRAME,SAP_ECC,MATMAS,SUCCESS,28.0,44.51,0
LOG-0000634,2026-08-19 02:24:26.079035,IF-007,SAP_S4HANA,DATA_LAKE,CDC,SUCCESS,482.4,23.47,0
LOG-0002853,2026-08-19 02:24:37.079035,IF-008,SAP_CPI,3PL_PROVIDER,DESADV,SUCCESS,86.5,34.09,0
LOG-0000626,2026-08-19 02:32:45.079035,IF-002,SAP_S4HANA,WMS_MANHATTAN,DESADV,SUCCESS,84.5,16.9,0
LOG-0002949,2026-08-19 02:35:51.079035,IF-002,SAP_S4HANA,WMS_MANHATTAN,DESADV,SUCCESS,35.6,10.72,0
LOG-0002543,2026-08-19 02:36:03.079035,IF-006,LEGACY_MAINFRAME,SAP_ECC,MATMAS,SUCCESS,54.7,0.36,0
LOG-0000298,2026-08-19 02:45:16.079035,IF-006,LEGACY_MAINFRAME,SAP_ECC,MATMAS,SUCCESS,55.2,27.51,0
LOG-0000662,2026-08-19 03:10:36.079035,IF-008,SAP_CPI,3PL_PROVIDER,DESADV,SUCCESS,106.6,5.36,0
LOG-0004418,2026-08-19 03:11:04.079035,IF-001,SAP_ECC,SFDC_CRM,ORDERS,SUCCESS,105.5,2.42,0
LOG-0004764,2026-08-19 03:11:52.079035,IF-007,SAP_S4HANA,DATA_LAKE,CDC,SUCCESS,68.8,6.71,0
LOG-0000976,2026-08-19 03:13:57.079035,IF-002,SAP_S4HANA,WMS_MANHATTAN,DESADV,SUCCESS,164.7,5.93,0
LOG-0000713,2026-08-19 03:23:05.079035,IF-006,LEGACY_MAINFRAME,SAP_ECC,MATMAS,SUCCESS,372.8,17.09,0
LOG-0004638,2026-08-19 03:43:31.079035,IF-006,LEGACY_MAINFRAME,SAP_ECC,MATMAS,SUCCESS,56.1,1.8,0
LOG-0003367,2026-08-19 03:45:49.079035,IF-005,SAP_S4HANA,BTP_APP,OData,SUCCESS,81.5,27.28,0
LOG-0002610,2026-08-19 03:52:27.079035,IF-007,SAP_S4HANA,DATA_LAKE,CDC,SUCCESS,73.0,2.4,0
LOG-0002819,2026-08-19 03:55:50.079035,IF-001,SAP_ECC,SFDC_CRM,ORDERS,RETRY,35.2,15.72,1
LOG-0001114,2026-08-19 04:03:05.079035,IF-003,SAP_S4HANA,ARIBA_NETWORK,ORDRSP,SUCCESS,41.4,16.94,0
LOG-0000215,2026-08-19 04:08:03.079035,IF-003,SAP_S4HANA,ARIBA_NETWORK,ORDRSP,SUCCESS,98.7,9.46,0
LOG-0001588,2026-08-19 04:12:57.079035,IF-003,SAP_S4HANA,ARIBA_NETWORK,ORDRSP,SUCCESS,91.9,6.5,0
LOG-0000439,2026-08-19 04:20:37.079035,IF-008,SAP_CPI,3PL_PROVIDER,DESADV,SUCCESS,15.1,6.63,0
LOG-0000859,2026-08-19 04:30:00.079035,IF-001,SAP_ECC,SFDC_CRM,ORDERS,SUCCESS,138.8,0.76,0
LOG-0004195,2026-08-19 04:32:20.079035,IF-005,SAP_S4HANA,BTP_APP,OData,SUCCESS,9.7,3.19,0
LOG-0001705,2026-08-19 04:36:29.079035,IF-001,SAP_ECC,SFDC_CRM,ORDERS,SUCCESS,57.9,8.45,0
LOG-0002697,2026-08-19 04:40:21.079035,IF-004,SAP_ECC,B2B_VAN_SPS,INVOIC,SUCCESS,130.2,36.43,0
LOG-0004674,2026-08-19 04:48:08.079035,IF-001,SAP_ECC,SFDC_CRM,ORDERS,SUCCESS,179.7,6.84,0
LOG-0002030,2026-08-19 04:48:27.079035,IF-007,SAP_S4HANA,DATA_LAKE,CDC,SUCCESS,21.8,1.4,0
LOG-0004234,2026-08-19 04:55:18.079035,IF-001,SAP_ECC,SFDC_CRM,ORDERS,RETRY,54.2,7.84,2
LOG-0001468,2026-08-19 05:01:59.079035,IF-001,SAP_ECC,SFDC_CRM,ORDERS,SUCCESS,79.9,0.45,0
LOG-0001778,2026-08-19 05:06:19.079035,IF-001,SAP_ECC,SFDC_CRM,ORDERS,SUCCESS,70.5,6.72,0
LOG-0001162,2026-08-19 05:25:27.079035,IF-001,SAP_ECC,SFDC_CRM,ORDERS,FAILED,41.5,13.12,3
LOG-0000548,2026-08-19 05:25:57.079035,IF-005,SAP_S4HANA,BTP_APP,OData,SUCCESS,22.4,9.97,0
LOG-0003917,2026-08-19 05:29:47.079035,IF-002,SAP_S4HANA,WMS_MANHATTAN,DESADV,RETRY,165.3,15.66,0
LOG-0001376,2026-08-19 05:47:32.079035,IF-001,SAP_ECC,SFDC_CRM,ORDERS,SUCCESS,114.8,15.83,0
LOG-0003805,2026-08-19 05:54:43.079035,IF-005,SAP_S4HANA,BTP_APP,OData,SUCCESS,10.9,3.4,0
LOG-0001960,2026-08-19 06:03:11.079035,IF-006,LEGACY_MAINFRAME,SAP_ECC,MATMAS,SUCCESS,31.1,5.45,0
LOG-0002238,2026-08-19 06:26:30.079035,IF-007,SAP_S4HANA,DATA_LAKE,CDC,SUCCESS,77.1,1.26,0
LOG-0001750,2026-08-19 06:44:41.079035,IF-008,SAP_CPI,3PL_PROVIDER,DESADV,RETRY,74.4,14.03,2
LOG-0004482,2026-08-19 06:53:29.079035,IF-008,SAP_CPI,3PL_PROVIDER,DESADV,SUCCESS,73.9,7.76,0
LOG-0003623,2026-08-19 06:56:10.079035,IF-006,LEGACY_MAINFRAME,SAP_ECC,MATMAS,SUCCESS,24.3,9.52,0
LOG-0002905,2026-08-19 06:58:59.079035,IF-007,SAP_S4HANA,DATA_LAKE,CDC,FAILED,89.0,5.51,3
LOG-0003530,2026-08-19 06:59:40.079035,IF-002,SAP_S4HANA,WMS_MANHATTAN,DESADV,SUCCESS,18.4,14.01,0
LOG-0002255,2026-08-19 07:02:08.079035,IF-003,SAP_S4HANA,ARIBA_NETWORK,ORDRSP,SUCCESS,77.7,3.91,0
LOG-0004877,2026-08-19 07:11:01.079035,IF-006,LEGACY_MAINFRAME,SAP_ECC,MATMAS,SUCCESS,47.4,10.38,0
LOG-0002731,2026-08-19 07:40:43.079035,IF-002,SAP_S4HANA,WMS_MANHATTAN,DESADV,FAILED,106.7,2.07,0
LOG-0000234,2026-08-19 07:57:38.079035,IF-003,SAP_S4HANA,ARIBA_NETWORK,ORDRSP,SUCCESS,66.4,5.76,0
LOG-0004139,2026-08-19 08:32:38.079035,IF-003,SAP_S4HANA,ARIBA_NETWORK,ORDRSP,SUCCESS,61.5,6.67,0
LOG-0004811,2026-08-19 08:38:56.079035,IF-006,LEGACY_MAINFRAME,SAP_ECC,MATMAS,SUCCESS,58.2,15.51,0
LOG-0003044,2026-08-19 08:41:07.079035,IF-003,SAP_S4HANA,ARIBA_NETWORK,ORDRSP,SUCCESS,63.2,6.26,0
LOG-0004797,2026-08-19 08:41:09.079035,IF-008,SAP_CPI,3PL_PROVIDER,DESADV,SUCCESS,136.3,15.83,0
LOG-0002709,2026-08-19 08:49:48.079035,IF-005,SAP_S4HANA,BTP_APP,OData,SUCCESS,114.1,57.82,0
LOG-0003920,2026-08-19 08:55:30.079035,IF-004,SAP_ECC,B2B_VAN_SPS,INVOIC,SUCCESS,50.8,3.51,0
LOG-0002366,2026-08-19 08:59:10.079035,IF-004,SAP_ECC,B2B_VAN_SPS,INVOIC,SUCCESS,77.1,40.33,0
LOG-0001067,2026-08-19 09:11:25.079035,IF-007,SAP_S4HANA,DATA_LAKE,CDC,SUCCESS,121.3,10.37,0
LOG-0004119,2026-08-19 09:32:33.079035,IF-007,SAP_S4HANA,DATA_LAKE,CDC,SUCCESS,102.3,10.11,0
LOG-0003385,2026-08-19 09:39:27.079035,IF-003,SAP_S4HANA,ARIBA_NETWORK,ORDRSP,SUCCESS,93.9,7.99,0
LOG-0002098,2026-08-19 09:41:35.079035,IF-005,SAP_S4HANA,BTP_APP,OData,RETRY,29.4,13.75,3
LOG-0004717,2026-08-19 09:46:56.079035,IF-004,SAP_ECC,B2B_VAN_SPS,INVOIC,SUCCESS,48.7,4.44,0
LOG-0003100,2026-08-19 09:54:02.079035,IF-006,LEGACY_MAINFRAME,SAP_ECC,MATMAS,SUCCESS,65.6,35.62,0
LOG-0003284,2026-08-19 10:01:07.079035,IF-005,SAP_S4HANA,BTP_APP,OData,SUCCESS,41.7,12.82,0
LOG-0002148,2026-08-19 10:28:11.079035,IF-002,SAP_S4HANA,WMS_MANHATTAN,DESADV,SUCCESS,30.8,4.9,0
LOG-0000563,2026-08-19 10:34:45.079035,IF-004,SAP_ECC,B2B_VAN_SPS,INVOIC,SUCCESS,34.8,14.2,0
LOG-0004396,2026-08-19 10:35:55.079035,IF-002,SAP_S4HANA,WMS_MANHATTAN,DESADV,SUCCESS,223.8,6.06,0
LOG-0004880,2026-08-19 10:36:34.079035,IF-007,SAP_S4HANA,DATA_LAKE,CDC,SUCCESS,19.6,8.03,0
LOG-0000026,2026-08-19 10:36:54.079035,IF-004,SAP_ECC,B2B_VAN_SPS,INVOIC,SUCCESS,29.1,9.74,0
LOG-0002551,2026-08-19 10:49:34.079035,IF-004,SAP_ECC,B2B_VAN_SPS,INVOIC,SUCCESS,115.7,5.6,0
LOG-0004442,2026-08-19 10:50:28.079035,IF-008,SAP_CPI,3PL_PROVIDER,DESADV,SUCCESS,124.9,11.57,0
LOG-0000718,2026-08-19 10:52:53.079035,IF-006,LEGACY_MAINFRAME,SAP_ECC,MATMAS,FAILED,70.2,8.55,0
LOG-0003745,2026-08-19 11:02:18.079035,IF-007,SAP_S4HANA,DATA_LAKE,CDC,SUCCESS,12.8,12.33,0
LOG-0004473,2026-08-19 11:03:51.079035,IF-004,SAP_ECC,B2B_VAN_SPS,INVOIC,SUCCESS,43.4,4.66,0
LOG-0000675,2026-08-19 11:05:10.079035,IF-005,SAP_S4HANA,BTP_APP,OData,SUCCESS,61.2,1.13,0
LOG-0003830,2026-08-19 11:11:01.079035,IF-007,SAP_S4HANA,DATA_LAKE,CDC,SUCCESS,105.2,1.66,0
LOG-0001788,2026-08-19 11:11:13.079035,IF-008,SAP_CPI,3PL_PROVIDER,DESADV,SUCCESS,73.5,2.73,0
LOG-0002441,2026-08-19 11:25:25.079035,IF-006,LEGACY_MAINFRAME,SAP_ECC,MATMAS,SUCCESS,48.3,14.34,0
LOG-0000239,2026-08-19 11:29:05.079035,IF-003,SAP_S4HANA,ARIBA_NETWORK,ORDRSP,FAILED,73.8,4.02,2
LOG-0001550,2026-08-19 11:36:00.079035,IF-003,SAP_S4HANA,ARIBA_NETWORK,ORDRSP,TIMEOUT,738.7,4.79,2
LOG-0001996,2026-08-19 11:43:39.079035,IF-004,SAP_ECC,B2B_VAN_SPS,INVOIC,SUCCESS,80.4,1.06,0
LOG-0003356,2026-08-19 11:45:28.079035,IF-006,LEGACY_MAINFRAME,SAP_ECC,MATMAS,SUCCESS,59.0,8.23,0
LOG-0004176,2026-08-19 11:45:39.079035,IF-001,SAP_ECC,SFDC_CRM,ORDERS,SUCCESS,48.5,1.61,0
LOG-0002361,2026-08-19 11:51:02.079035,IF-002,SAP_S4HANA,WMS_MANHATTAN,DESADV,SUCCESS,132.5,6.25,0
LOG-0000380,2026-08-19 11:52:35.079035,IF-003,SAP_S4HANA,ARIBA_NETWORK,ORDRSP,SUCCESS,32.5,45.35,0
LOG-0000441,2026-08-19 12:13:03.079035,IF-005,SAP_S4HANA,BTP_APP,OData,SUCCESS,63.0,2.23,0
LOG-0004190,2026-08-19 12:20:03.079035,IF-001,SAP_ECC,SFDC_CRM,ORDERS,SUCCESS,208.3,6.83,0
LOG-0002012,2026-08-19 12:21:59.079035,IF-003,SAP_S4HANA,ARIBA_NETWORK,ORDRSP,SUCCESS,68.9,10.47,0
LOG-0003574,2026-08-19 12:35:02.079035,IF-004,SAP_ECC,B2B_VAN_SPS,INVOIC,SUCCESS,69.3,3.19,0
LOG-0003196,2026-08-19 12:43:30.079035,IF-008,SAP_CPI,3PL_PROVIDER,DESADV,SUCCESS,99.3,4.52,0
LOG-0002215,2026-08-19 12:50:28.079035,IF-003,SAP_S4HANA,ARIBA_NETWORK,ORDRSP,SUCCESS,142.7,9.13,0
LOG-0000546,2026-08-19 12:56:58.079035,IF-002,SAP_S4HANA,WMS_MANHATTAN,DESADV,RETRY,44.6,4.84,3
LOG-0003654,2026-08-19 13:11:12.079035,IF-005,SAP_S4HANA,BTP_APP,OData,SUCCESS,46.1,5.72,0
LOG-0003590,2026-08-19 13:13:33.079035,IF-006,LEGACY_MAINFRAME,SAP_ECC,MATMAS,RETRY,24.7,13.25,2
LOG-0001997,2026-08-19 13:21:23.079035,IF-001,SAP_ECC,SFDC_CRM,ORDERS,SUCCESS,106.5,3.49,0
LOG-0000658,2026-08-19 13:23:01.079035,IF-004,SAP_ECC,B2B_VAN_SPS,INVOIC,SUCCESS,43.2,1.97,0
LOG-0000977,2026-08-19 13:50:05.079035,IF-007,SAP_S4HANA,DATA_LAKE,CDC,SUCCESS,80.3,23.83,0
LOG-0003599,2026-08-19 13:52:28.079035,IF-005,SAP_S4HANA,BTP_APP,OData,SUCCESS,49.6,22.29,0
LOG-0004248,2026-08-19 14:08:06.079035,IF-007,SAP_S4HANA,DATA_LAKE,CDC,SUCCESS,112.0,3.4,0
LOG-0003107,2026-08-19 14:15:34.079035,IF-001,SAP_ECC,SFDC_CRM,ORDERS,SUCCESS,60.5,14.27,0
LOG-0001652,2026-08-19 14:22:10.079035,IF-001,SAP_ECC,SFDC_CRM,ORDERS,SUCCESS,314.0,7.95,0
LOG-0002692,2026-08-19 14:24:42.079035,IF-005,SAP_S4HANA,BTP_APP,OData,SUCCESS,50.2,0.54,0
LOG-0001258,2026-08-19 14:28:59.079035,IF-007,SAP_S4HANA,DATA_LAKE,CDC,SUCCESS,63.5,0.81,0
LOG-0000983,2026-08-19 14:46:24.079035,IF-007,SAP_S4HANA,DATA_LAKE,CDC,SUCCESS,34.4,7.11,0
LOG-0001233,2026-08-19 14:58:57.079035,IF-004,SAP_ECC,B2B_VAN_SPS,INVOIC,SUCCESS,134.7,8.04,0
LOG-0004684,2026-08-19 15:11:23.079035,IF-005,SAP_S4HANA,BTP_APP,OData,SUCCESS,151.3,3.51,0
LOG-0004625,2026-08-19 15:11:44.079035,IF-004,SAP_ECC,B2B_VAN_SPS,INVOIC,SUCCESS,228.5,3.58,0
LOG-0000490,2026-08-19 15:16:09.079035,IF-006,LEGACY_MAINFRAME,SAP_ECC,MATMAS,SUCCESS,67.5,8.04,0
LOG-0001172,2026-08-19 15:32:41.079035,IF-007,SAP_S4HANA,DATA_LAKE,CDC,SUCCESS,97.0,30.41,0
LOG-0002675,2026-08-19 15:47:00.079035,IF-004,SAP_ECC,B2B_VAN_SPS,INVOIC,SUCCESS,81.4,4.73,0
LOG-0004147,2026-08-19 15:47:08.079035,IF-004,SAP_ECC,B2B_VAN_SPS,INVOIC,SUCCESS,136.5,7.63,0
LOG-0001075,2026-08-19 15:53:26.079035,IF-008,SAP_CPI,3PL_PROVIDER,DESADV,SUCCESS,58.6,6.46,0
LOG-0002975,2026-08-19 16:16:59.079035,IF-004,SAP_ECC,B2B_VAN_SPS,INVOIC,SUCCESS,41.7,4.64,0
LOG-0000347,2026-08-19 16:17:24.079035,IF-007,SAP_S4HANA,DATA_LAKE,CDC,SUCCESS,96.4,87.04,0
LOG-0004891,2026-08-19 16:18:30.079035,IF-005,SAP_S4HANA,BTP_APP,OData,SUCCESS,59.6,15.86,0
LOG-0004381,2026-08-19 16:23:19.079035,IF-007,SAP_S4HANA,DATA_LAKE,CDC,SUCCESS,57.9,2.35,0
LOG-0004085,2026-08-19 16:30:53.079035,IF-003,SAP_S4HANA,ARIBA_NETWORK,ORDRSP,SUCCESS,52.6,9.62,0
LOG-0003324,2026-08-19 16:53:42.079035,IF-007,SAP_S4HANA,DATA_LAKE,CDC,TIMEOUT,84.4,5.88,3
LOG-0001069,2026-08-19 16:57:06.079035,IF-003,SAP_S4HANA,ARIBA_NETWORK,ORDRSP,SUCCESS,208.1,11.38,0
LOG-0000465,2026-08-19 17:04:25.079035,IF-004,SAP_ECC,B2B_VAN_SPS,INVOIC,SUCCESS,98.0,10.6,0
LOG-0000507,2026-08-19 17:06:22.079035,IF-007,SAP_S4HANA,DATA_LAKE,CDC,TIMEOUT,45.8,18.2,1
LOG-0000103,2026-08-19 17:24:26.079035,IF-002,SAP_S4HANA,WMS_MANHATTAN,DESADV,RETRY,718.0,75.22,0
LOG-0001355,2026-08-19 17:53:46.079035,IF-006,LEGACY_MAINFRAME,SAP_ECC,MATMAS,SUCCESS,83.2,4.72,0
LOG-0000012,2026-08-19 17:59:07.079035,IF-008,SAP_CPI,3PL_PROVIDER,DESADV,SUCCESS,72.4,9.65,0
LOG-0003302,2026-08-19 18:00:59.079035,IF-003,SAP_S4HANA,ARIBA_NETWORK,ORDRSP,SUCCESS,31.7,16.61,0
LOG-0002840,2026-08-19 18:06:45.079035,IF-006,LEGACY_MAINFRAME,SAP_ECC,MATMAS,FAILED,295.2,1.49,1
LOG-0000425,2026-08-19 18:16:30.079035,IF-004,SAP_ECC,B2B_VAN_SPS,INVOIC,SUCCESS,52.0,17.35,0
LOG-0004441,2026-08-19 18:22:57.079035,IF-002,SAP_S4HANA,WMS_MANHATTAN,DESADV,SUCCESS,125.0,5.94,0
LOG-0000689,2026-08-19 18:30:17.079035,IF-006,LEGACY_MAINFRAME,SAP_ECC,MATMAS,SUCCESS,132.3,4.1,0
LOG-0000088,2026-08-19 18:53:34.079035,IF-004,SAP_ECC,B2B_VAN_SPS,INVOIC,SUCCESS,47.5,8.21,0
LOG-0000949,2026-08-19 18:58:11.079035,IF-004,SAP_ECC,B2B_VAN_SPS,INVOIC,SUCCESS,83.1,20.29,0
LOG-0000860,2026-08-19 18:59:14.079035,IF-002,SAP_S4HANA,WMS_MANHATTAN,DESADV,SUCCESS,167.8,1.99,0
LOG-0004406,2026-08-19 19:01:43.079035,IF-008,SAP_CPI,3PL_PROVIDER,DESADV,SUCCESS,102.1,11.28,0
LOG-0002896,2026-08-19 19:01:54.079035,IF-006,LEGACY_MAINFRAME,SAP_ECC,MATMAS,SUCCESS,42.0,14.26,0
LOG-0004114,2026-08-19 19:06:45.079035,IF-005,SAP_S4HANA,BTP_APP,OData,SUCCESS,63.0,2.98,0
LOG-0002603,2026-08-19 19:17:57.079035,IF-001,SAP_ECC,SFDC_CRM,ORDERS,FAILED,59.7,8.22,1
LOG-0004134,2026-08-19 19:39:00.079035,IF-006,LEGACY_MAINFRAME,SAP_ECC,MATMAS,SUCCESS,53.6,8.56,0
LOG-0000644,2026-08-19 19:49:26.079035,IF-005,SAP_S4HANA,BTP_APP,OData,SUCCESS,59.4,5.07,0
LOG-0004736,2026-08-19 20:07:12.079035,IF-002,SAP_S4HANA,WMS_MANHATTAN,DESADV,RETRY,68.3,10.21,2
LOG-0002525,2026-08-19 20:11:40.079035,IF-002,SAP_S4HANA,WMS_MANHATTAN,DESADV,SUCCESS,35.7,13.57,0
LOG-0003998,2026-08-19 20:22:37.079035,IF-007,SAP_S4HANA,DATA_LAKE,CDC,SUCCESS,46.1,35.4,0
LOG-0004672,2026-08-19 20:27:55.079035,IF-003,SAP_S4HANA,ARIBA_NETWORK,ORDRSP,SUCCESS,70.2,157.21,0
LOG-0003973,2026-08-19 20:43:10.079035,IF-006,LEGACY_MAINFRAME,SAP_ECC,MATMAS,SUCCESS,63.6,5.4,0
LOG-0004308,2026-08-19 20:43:45.079035,IF-005,SAP_S4HANA,BTP_APP,OData,SUCCESS,59.0,13.34,0
LOG-0001914,2026-08-19 20:43:56.079035,IF-006,LEGACY_MAINFRAME,SAP_ECC,MATMAS,SUCCESS,71.5,10.26,0
LOG-0003021,2026-08-19 20:45:28.079035,IF-008,SAP_CPI,3PL_PROVIDER,DESADV,SUCCESS,55.8,6.04,0
LOG-0001086,2026-08-19 20:46:24.079035,IF-006,LEGACY_MAINFRAME,SAP_ECC,MATMAS,SUCCESS,28.1,24.28,0
LOG-0004819,2026-08-19 21:03:48.079035,IF-001,SAP_ECC,SFDC_CRM,ORDERS,RETRY,224.6,19.01,1
LOG-0003588,2026-08-19 21:17:46.079035,IF-004,SAP_ECC,B2B_VAN_SPS,INVOIC,SUCCESS,126.3,4.18,0
LOG-0002792,2026-08-19 21:21:47.079035,IF-006,LEGACY_MAINFRAME,SAP_ECC,MATMAS,SUCCESS,37.9,6.41,0
LOG-0002746,2026-08-19 21:23:19.079035,IF-007,SAP_S4HANA,DATA_LAKE,CDC,SUCCESS,138.3,0.6,0
LOG-0000544,2026-08-19 21:42:09.079035,IF-004,SAP_ECC,B2B_VAN_SPS,INVOIC,SUCCESS,138.5,22.06,0
LOG-0001935,2026-08-19 22:47:17.079035,IF-005,SAP_S4HANA,BTP_APP,OData,SUCCESS,115.6,22.31,0
LOG-0003557,2026-08-19 22:47:59.079035,IF-007,SAP_S4HANA,DATA_LAKE,CDC,SUCCESS,229.9,3.35,0
LOG-0002690,2026-08-19 22:53:05.079035,IF-001,SAP_ECC,SFDC_CRM,ORDERS,SUCCESS,128.2,3.94,0
LOG-0004276,2026-08-19 23:01:37.079035,IF-008,SAP_CPI,3PL_PROVIDER,DESADV,RETRY,241.1,2.46,1
LOG-0003839,2026-08-19 23:02:21.079035,IF-005,SAP_S4HANA,BTP_APP,OData,SUCCESS,74.7,3.03,0
LOG-0000344,2026-08-19 23:05:41.079035,IF-006,LEGACY_MAINFRAME,SAP_ECC,MATMAS,FAILED,49.9,3.35,1
LOG-0004272,2026-08-19 23:06:21.079035,IF-002,SAP_S4HANA,WMS_MANHATTAN,DESADV,SUCCESS,28.5,13.86,0
LOG-0000184,2026-08-19 23:23:15.079035,IF-008,SAP_CPI,3PL_PROVIDER,DESADV,SUCCESS,107.7,42.05,0
LOG-0001747,2026-08-19 23:35:36.079035,IF-005,SAP_S4HANA,BTP_APP,OData,SUCCESS,182.1,0.84,0
LOG-0002921,2026-08-19 23:43:08.079035,IF-004,SAP_ECC,B2B_VAN_SPS,INVOIC,SUCCESS,35.0,2.64,0
LOG-0002365,2026-08-20 00:04:14.079035,IF-006,LEGACY_MAINFRAME,SAP_ECC,MATMAS,SUCCESS,29.0,2.79,0
LOG-0001110,2026-08-20 00:11:41.079035,IF-003,SAP_S4HANA,ARIBA_NETWORK,ORDRSP,SUCCESS,44.3,29.52,0
LOG-0000845,2026-08-20 00:14:25.079035,IF-008,SAP_CPI,3PL_PROVIDER,DESADV,SUCCESS,57.1,4.91,0
LOG-0000370,2026-08-20 00:16:53.079035,IF-005,SAP_S4HANA,BTP_APP,OData,SUCCESS,37.8,9.12,0
LOG-0002166,2026-08-20 00:18:43.079035,IF-003,SAP_S4HANA,ARIBA_NETWORK,ORDRSP,SUCCESS,35.9,3.84,0
LOG-0003814,2026-08-20 00:21:10.079035,IF-003,SAP_S4HANA,ARIBA_NETWORK,ORDRSP,SUCCESS,30.7,1.33,0
LOG-0000605,2026-08-20 00:32:51.079035,IF-005,SAP_S4HANA,BTP_APP,OData,FAILED,100.9,1.95,3
LOG-0002688,2026-08-20 00:33:06.079035,IF-006,LEGACY_MAINFRAME,SAP_ECC,MATMAS,SUCCESS,137.4,2.04,0
LOG-0003428,2026-08-20 00:44:08.079035,IF-003,SAP_S4HANA,ARIBA_NETWORK,ORDRSP,SUCCESS,241.1,2.3,0
LOG-0003442,2026-08-20 00:48:53.079035,IF-008,SAP_CPI,3PL_PROVIDER,DESADV,SUCCESS,184.6,0.88,0
LOG-0000577,2026-08-20 01:00:28.079035,IF-003,SAP_S4HANA,ARIBA_NETWORK,ORDRSP,SUCCESS,115.7,3.35,0
LOG-0001628,2026-08-20 01:23:26.079035,IF-003,SAP_S4HANA,ARIBA_NETWORK,ORDRSP,SUCCESS,121.9,11.84,0
LOG-0000684,2026-08-20 02:04:22.079035,IF-003,SAP_S4HANA,ARIBA_NETWORK,ORDRSP,SUCCESS,150.8,15.38,0
LOG-0002704,2026-08-20 02:09:55.079035,IF-002,SAP_S4HANA,WMS_MANHATTAN,DESADV,SUCCESS,34.4,12.69,0
LOG-0002213,2026-08-20 02:30:36.079035,IF-002,SAP_S4HANA,WMS_MANHATTAN,DESADV,SUCCESS,50.9,4.1,0
LOG-0001187,2026-08-20 02:47:25.079035,IF-001,SAP_ECC,SFDC_CRM,ORDERS,SUCCESS,38.2,7.26,0
LOG-0002721,2026-08-20 02:47:55.079035,IF-003,SAP_S4HANA,ARIBA_NETWORK,ORDRSP,SUCCESS,134.3,13.35,0
LOG-0004714,2026-08-20 02:52:09.079035,IF-007,SAP_S4HANA,DATA_LAKE,CDC,SUCCESS,29.2,9.36,0
LOG-0004538,2026-08-20 02:59:06.079035,IF-002,SAP_S4HANA,WMS_MANHATTAN,DESADV,SUCCESS,76.7,11.73,0
LOG-0001149,2026-08-20 02:59:45.079035,IF-002,SAP_S4HANA,WMS_MANHATTAN,DESADV,RETRY,209.6,2.38,3
LOG-0002759,2026-08-20 03:12:48.079035,IF-002,SAP_S4HANA,WMS_MANHATTAN,DESADV,SUCCESS,122.6,3.95,0
LOG-0004566,2026-08-20 03:13:14.079035,IF-004,SAP_ECC,B2B_VAN_SPS,INVOIC,FAILED,301.9,3.57,1
LOG-0002073,2026-08-20 03:16:49.079035,IF-001,SAP_ECC,SFDC_CRM,ORDERS,SUCCESS,93.2,6.74,0
LOG-0004192,2026-08-20 03:37:59.079035,IF-008,SAP_CPI,3PL_PROVIDER,DESADV,SUCCESS,95.1,2.16,0
LOG-0004245,2026-08-20 03:51:20.079035,IF-007,SAP_S4HANA,DATA_LAKE,CDC,SUCCESS,90.4,5.1,0
LOG-0003837,2026-08-20 03:52:55.079035,IF-005,SAP_S4HANA,BTP_APP,OData,RETRY,17.5,21.82,3
LOG-0001482,2026-08-20 03:55:47.079035,IF-008,SAP_CPI,3PL_PROVIDER,DESADV,SUCCESS,136.3,5.72,0
LOG-0000561,2026-08-20 04:02:12.079035,IF-006,LEGACY_MAINFRAME,SAP_ECC,MATMAS,SUCCESS,80.3,3.71,0
LOG-0002507,2026-08-20 04:02:51.079035,IF-003,SAP_S4HANA,ARIBA_NETWORK,ORDRSP,SUCCESS,38.0,14.43,0
LOG-0004885,2026-08-20 04:21:44.079035,IF-005,SAP_S4HANA,BTP_APP,OData,SUCCESS,35.9,1.39,0
LOG-0000065,2026-08-20 04:26:16.079035,IF-004,SAP_ECC,B2B_VAN_SPS,INVOIC,SUCCESS,126.2,10.72,0
LOG-0003019,2026-08-20 04:33:26.079035,IF-001,SAP_ECC,SFDC_CRM,ORDERS,SUCCESS,46.9,12.33,0
LOG-0004416,2026-08-20 04:36:58.079035,IF-005,SAP_S4HANA,BTP_APP,OData,SUCCESS,14.2,38.47,0
LOG-0003889,2026-08-20 04:49:51.079035,IF-002,SAP_S4HANA,WMS_MANHATTAN,DESADV,SUCCESS,111.2,33.59,0
LOG-0004382,2026-08-20 04:50:03.079035,IF-001,SAP_ECC,SFDC_CRM,ORDERS,TIMEOUT,53.9,14.29,0
LOG-0001777,2026-08-20 05:07:10.079035,IF-001,SAP_ECC,SFDC_CRM,ORDERS,SUCCESS,46.6,16.09,0
LOG-0002693,2026-08-20 05:17:24.079035,IF-007,SAP_S4HANA,DATA_LAKE,CDC,SUCCESS,61.0,26.91,0
LOG-0001203,2026-08-20 05:22:23.079035,IF-001,SAP_ECC,SFDC_CRM,ORDERS,SUCCESS,151.8,2.66,0
LOG-0003368,2026-08-20 05:34:36.079035,IF-003,SAP_S4HANA,ARIBA_NETWORK,ORDRSP,SUCCESS,25.3,5.06,0
LOG-0000940,2026-08-20 05:51:53.079035,IF-003,SAP_S4HANA,ARIBA_NETWORK,ORDRSP,SUCCESS,43.6,16.07,0
LOG-0004207,2026-08-20 06:06:45.079035,IF-002,SAP_S4HANA,WMS_MANHATTAN,DESADV,SUCCESS,62.6,4.09,0
LOG-0000800,2026-08-20 06:09:31.079035,IF-001,SAP_ECC,SFDC_CRM,ORDERS,SUCCESS,66.5,19.83,0
LOG-0003854,2026-08-20 06:09:36.079035,IF-008,SAP_CPI,3PL_PROVIDER,DESADV,SUCCESS,27.3,4.57,0
LOG-0001959,2026-08-20 06:18:52.079035,IF-006,LEGACY_MAINFRAME,SAP_ECC,MATMAS,SUCCESS,15.8,2.07,0
LOG-0003296,2026-08-20 06:24:33.079035,IF-001,SAP_ECC,SFDC_CRM,ORDERS,TIMEOUT,206.5,19.01,1
LOG-0001158,2026-08-20 06:30:23.079035,IF-004,SAP_ECC,B2B_VAN_SPS,INVOIC,SUCCESS,122.9,20.75,0
LOG-0002185,2026-08-20 06:36:40.079035,IF-005,SAP_S4HANA,BTP_APP,OData,SUCCESS,62.4,0.81,0
LOG-0002330,2026-08-20 06:43:59.079035,IF-002,SAP_S4HANA,WMS_MANHATTAN,DESADV,SUCCESS,132.4,5.36,0
LOG-0001008,2026-08-20 06:46:19.079035,IF-008,SAP_CPI,3PL_PROVIDER,DESADV,SUCCESS,68.8,22.95,0
LOG-0002050,2026-08-20 06:58:54.079035,IF-002,SAP_S4HANA,WMS_MANHATTAN,DESADV,SUCCESS,69.0,0.26,0
LOG-0003620,2026-08-20 07:07:21.079035,IF-003,SAP_S4HANA,ARIBA_NETWORK,ORDRSP,FAILED,87.9,21.76,1
LOG-0000926,2026-08-20 07:09:27.079035,IF-002,SAP_S4HANA,WMS_MANHATTAN,DESADV,SUCCESS,121.7,27.45,0
LOG-0000579,2026-08-20 07:09:29.079035,IF-001,SAP_ECC,SFDC_CRM,ORDERS,SUCCESS,65.6,35.36,0
LOG-0000871,2026-08-20 07:25:48.079035,IF-003,SAP_S4HANA,ARIBA_NETWORK,ORDRSP,SUCCESS,54.5,5.63,0
LOG-0003466,2026-08-20 07:27:07.079035,IF-002,SAP_S4HANA,WMS_MANHATTAN,DESADV,FAILED,37.9,7.53,0
LOG-0001674,2026-08-20 07:39:13.079035,IF-003,SAP_S4HANA,ARIBA_NETWORK,ORDRSP,SUCCESS,64.0,32.58,0
LOG-0003314,2026-08-20 07:41:29.079035,IF-004,SAP_ECC,B2B_VAN_SPS,INVOIC,SUCCESS,106.9,9.42,0
LOG-0003247,2026-08-20 07:44:29.079035,IF-004,SAP_ECC,B2B_VAN_SPS,INVOIC,SUCCESS,80.7,4.05,0
LOG-0002811,2026-08-20 07:49:05.079035,IF-001,SAP_ECC,SFDC_CRM,ORDERS,FAILED,124.5,0.91,0
LOG-0000388,2026-08-20 08:09:04.079035,IF-007,SAP_S4HANA,DATA_LAKE,CDC,SUCCESS,51.5,2.95,0
LOG-0003779,2026-08-20 08:16:17.079035,IF-002,SAP_S4HANA,WMS_MANHATTAN,DESADV,SUCCESS,85.8,6.49,0
LOG-0003206,2026-08-20 08:17:53.079035,IF-006,LEGACY_MAINFRAME,SAP_ECC,MATMAS,RETRY,775.7,9.89,0
LOG-0003205,2026-08-20 08:29:50.079035,IF-004,SAP_ECC,B2B_VAN_SPS,INVOIC,SUCCESS,129.4,13.15,0
LOG-0003242,2026-08-20 08:41:47.079035,IF-006,LEGACY_MAINFRAME,SAP_ECC,MATMAS,SUCCESS,293.0,5.39,0
LOG-0004702,2026-08-20 08:53:49.079035,IF-003,SAP_S4HANA,ARIBA_NETWORK,ORDRSP,SUCCESS,67.4,2.9,0
LOG-0002785,2026-08-20 08:54:07.079035,IF-003,SAP_S4HANA,ARIBA_NETWORK,ORDRSP,SUCCESS,81.3,4.09,0
LOG-0004868,2026-08-20 08:56:31.079035,IF-001,SAP_ECC,SFDC_CRM,ORDERS,SUCCESS,180.7,12.42,0
LOG-0000127,2026-08-20 09:23:03.079035,IF-007,SAP_S4HANA,DATA_LAKE,CDC,SUCCESS,120.4,1.65,0
LOG-0004010,2026-08-20 09:33:09.079035,IF-003,SAP_S4HANA,ARIBA_NETWORK,ORDRSP,FAILED,119.7,4.88,3
LOG-0002774,2026-08-20 09:39:55.079035,IF-001,SAP_ECC,SFDC_CRM,ORDERS,SUCCESS,129.0,5.83,0
LOG-0001281,2026-08-20 09:50:06.079035,IF-002,SAP_S4HANA,WMS_MANHATTAN,DESADV,RETRY,39.2,2.89,2
LOG-0000486,2026-08-20 10:07:21.079035,IF-002,SAP_S4HANA,WMS_MANHATTAN,DESADV,SUCCESS,45.2,2.71,0
LOG-0003451,2026-08-20 10:11:17.079035,IF-002,SAP_S4HANA,WMS_MANHATTAN,DESADV,SUCCESS,55.2,7.76,0
LOG-0003235,2026-08-20 10:11:57.079035,IF-005,SAP_S4HANA,BTP_APP,OData,SUCCESS,28.4,7.43,0
LOG-0003365,2026-08-20 10:16:54.079035,IF-003,SAP_S4HANA,ARIBA_NETWORK,ORDRSP,SUCCESS,57.4,2.12,0
LOG-0002428,2026-08-20 10:18:59.079035,IF-007,SAP_S4HANA,DATA_LAKE,CDC,SUCCESS,134.3,14.52,0
LOG-0002958,2026-08-20 10:20:14.079035,IF-001,SAP_ECC,SFDC_CRM,ORDERS,SUCCESS,96.7,9.45,0
LOG-0000373,2026-08-20 10:21:11.079035,IF-003,SAP_S4HANA,ARIBA_NETWORK,ORDRSP,SUCCESS,40.6,27.25,0
LOG-0004569,2026-08-20 10:23:19.079035,IF-001,SAP_ECC,SFDC_CRM,ORDERS,SUCCESS,67.0,3.5,0
LOG-0000072,2026-08-20 10:32:37.079035,IF-004,SAP_ECC,B2B_VAN_SPS,INVOIC,SUCCESS,65.4,8.93,0
LOG-0004842,2026-08-20 10:34:56.079035,IF-008,SAP_CPI,3PL_PROVIDER,DESADV,SUCCESS,70.5,9.38,0
LOG-0000622,2026-08-20 10:38:08.079035,IF-002,SAP_S4HANA,WMS_MANHATTAN,DESADV,SUCCESS,135.2,2.81,0
LOG-0004932,2026-08-20 10:47:59.079035,IF-008,SAP_CPI,3PL_PROVIDER,DESADV,SUCCESS,52.7,7.59,0
LOG-0002987,2026-08-20 10:51:13.079035,IF-002,SAP_S4HANA,WMS_MANHATTAN,DESADV,FAILED,29.3,5.64,3
LOG-0001591,2026-08-20 10:57:08.079035,IF-002,SAP_S4HANA,WMS_MANHATTAN,DESADV,RETRY,47.3,1.67,3
LOG-0004927,2026-08-20 11:04:16.079035,IF-006,LEGACY_MAINFRAME,SAP_ECC,MATMAS,SUCCESS,58.9,10.16,0
LOG-0003171,2026-08-20 11:14:53.079035,IF-008,SAP_CPI,3PL_PROVIDER,DESADV,SUCCESS,83.4,3.77,0
LOG-0000956,2026-08-20 11:36:14.079035,IF-001,SAP_ECC,SFDC_CRM,ORDERS,SUCCESS,40.2,12.15,0
LOG-0003382,2026-08-20 11:39:13.079035,IF-005,SAP_S4HANA,BTP_APP,OData,SUCCESS,70.5,2.67,0
LOG-0000300,2026-08-20 11:45:50.079035,IF-003,SAP_S4HANA,ARIBA_NETWORK,ORDRSP,SUCCESS,64.2,4.11,0
LOG-0002321,2026-08-20 11:53:34.079035,IF-001,SAP_ECC,SFDC_CRM,ORDERS,SUCCESS,74.1,5.15,0
LOG-0000335,2026-08-20 12:01:49.079035,IF-001,SAP_ECC,SFDC_CRM,ORDERS,SUCCESS,75.4,25.53,0
LOG-0000526,2026-08-20 12:05:26.079035,IF-004,SAP_ECC,B2B_VAN_SPS,INVOIC,SUCCESS,82.7,14.28,0
LOG-0003214,2026-08-20 12:10:15.079035,IF-007,SAP_S4HANA,DATA_LAKE,CDC,FAILED,63.6,24.42,0
LOG-0000489,2026-08-20 12:14:28.079035,IF-008,SAP_CPI,3PL_PROVIDER,DESADV,SUCCESS,139.0,1.98,0
LOG-0001933,2026-08-20 12:28:11.079035,IF-005,SAP_S4HANA,BTP_APP,OData,SUCCESS,75.7,5.64,0
LOG-0004511,2026-08-20 12:45:02.079035,IF-001,SAP_ECC,SFDC_CRM,ORDERS,SUCCESS,56.0,1.18,0
LOG-0002295,2026-08-20 12:51:54.079035,IF-008,SAP_CPI,3PL_PROVIDER,DESADV,SUCCESS,97.5,4.02,0
LOG-0003953,2026-08-20 12:55:56.079035,IF-003,SAP_S4HANA,ARIBA_NETWORK,ORDRSP,SUCCESS,72.6,5.64,0
LOG-0001820,2026-08-20 12:57:16.079035,IF-008,SAP_CPI,3PL_PROVIDER,DESADV,SUCCESS,22.9,5.89,0
LOG-0003667,2026-08-20 12:59:30.079035,IF-005,SAP_S4HANA,BTP_APP,OData,SUCCESS,71.0,13.28,0
LOG-0001589,2026-08-20 12:59:34.079035,IF-003,SAP_S4HANA,ARIBA_NETWORK,ORDRSP,SUCCESS,114.5,7.87,0
LOG-0001807,2026-08-20 12:59:58.079035,IF-005,SAP_S4HANA,BTP_APP,OData,SUCCESS,32.4,22.95,0
LOG-0001061,2026-08-20 13:08:11.079035,IF-007,SAP_S4HANA,DATA_LAKE,CDC,SUCCESS,74.3,31.05,0
LOG-0003948,2026-08-20 13:10:10.079035,IF-003,SAP_S4HANA,ARIBA_NETWORK,ORDRSP,SUCCESS,73.1,6.5,0
LOG-0004047,2026-08-20 13:11:27.079035,IF-003,SAP_S4HANA,ARIBA_NETWORK,ORDRSP,SUCCESS,34.3,8.79,0
LOG-0001898,2026-08-20 13:30:07.079035,IF-002,SAP_S4HANA,WMS_MANHATTAN,DESADV,SUCCESS,130.2,9.42,0
LOG-0002219,2026-08-20 13:45:03.079035,IF-008,SAP_CPI,3PL_PROVIDER,DESADV,SUCCESS,69.7,1.44,0
LOG-0000343,2026-08-20 13:45:57.079035,IF-004,SAP_ECC,B2B_VAN_SPS,INVOIC,SUCCESS,75.6,12.38,0
LOG-0004220,2026-08-20 13:47:43.079035,IF-008,SAP_CPI,3PL_PROVIDER,DESADV,SUCCESS,31.1,3.23,0
LOG-0001601,2026-08-20 13:54:03.079035,IF-003,SAP_S4HANA,ARIBA_NETWORK,ORDRSP,SUCCESS,33.9,15.44,0
LOG-0002122,2026-08-20 13:54:07.079035,IF-004,SAP_ECC,B2B_VAN_SPS,INVOIC,FAILED,42.2,2.51,2
LOG-0001755,2026-08-20 13:55:18.079035,IF-006,LEGACY_MAINFRAME,SAP_ECC,MATMAS,SUCCESS,40.4,21.55,0
LOG-0003095,2026-08-20 14:04:24.079035,IF-005,SAP_S4HANA,BTP_APP,OData,SUCCESS,96.7,16.56,0
LOG-0002206,2026-08-20 14:09:21.079035,IF-007,SAP_S4HANA,DATA_LAKE,CDC,SUCCESS,77.2,14.38,0
LOG-0001752,2026-08-20 14:20:50.079035,IF-003,SAP_S4HANA,ARIBA_NETWORK,ORDRSP,SUCCESS,140.5,23.57,0
LOG-0001286,2026-08-20 14:24:05.079035,IF-002,SAP_S4HANA,WMS_MANHATTAN,DESADV,SUCCESS,46.3,13.76,0
LOG-0004462,2026-08-20 14:27:33.079035,IF-002,SAP_S4HANA,WMS_MANHATTAN,DESADV,SUCCESS,66.8,8.86,0
LOG-0000436,2026-08-20 14:36:01.079035,IF-002,SAP_S4HANA,WMS_MANHATTAN,DESADV,SUCCESS,42.6,12.2,0
LOG-0003877,2026-08-20 14:36:28.079035,IF-002,SAP_S4HANA,WMS_MANHATTAN,DESADV,SUCCESS,44.9,12.57,0
LOG-0003122,2026-08-20 14:53:01.079035,IF-006,LEGACY_MAINFRAME,SAP_ECC,MATMAS,SUCCESS,104.0,0.98,0
LOG-0000432,2026-08-20 14:54:37.079035,IF-005,SAP_S4HANA,BTP_APP,OData,SUCCESS,77.4,33.55,0
LOG-0004796,2026-08-20 15:01:34.079035,IF-003,SAP_S4HANA,ARIBA_NETWORK,ORDRSP,SUCCESS,99.1,8.48,0
LOG-0003065,2026-08-20 15:03:16.079035,IF-005,SAP_S4HANA,BTP_APP,OData,FAILED,46.0,18.88,3
LOG-0002245,2026-08-20 15:07:29.079035,IF-008,SAP_CPI,3PL_PROVIDER,DESADV,SUCCESS,42.8,17.15,0
LOG-0004864,2026-08-20 15:12:13.079035,IF-001,SAP_ECC,SFDC_CRM,ORDERS,SUCCESS,228.6,3.58,0
LOG-0000461,2026-08-20 15:16:18.079035,IF-006,LEGACY_MAINFRAME,SAP_ECC,MATMAS,SUCCESS,49.2,10.91,0
LOG-0003450,2026-08-20 15:23:57.079035,IF-007,SAP_S4HANA,DATA_LAKE,CDC,FAILED,340.2,3.13,1
LOG-0004261,2026-08-20 15:25:26.079035,IF-002,SAP_S4HANA,WMS_MANHATTAN,DESADV,RETRY,68.3,1.05,0
LOG-0000393,2026-08-20 15:29:22.079035,IF-002,SAP_S4HANA,WMS_MANHATTAN,DESADV,SUCCESS,31.9,2.63,0
LOG-0004622,2026-08-20 15:32:58.079035,IF-005,SAP_S4HANA,BTP_APP,OData,FAILED,706.6,10.68,1
LOG-0000697,2026-08-20 15:39:29.079035,IF-003,SAP_S4HANA,ARIBA_NETWORK,ORDRSP,SUCCESS,68.0,14.7,0
LOG-0000062,2026-08-20 15:52:02.079035,IF-005,SAP_S4HANA,BTP_APP,OData,SUCCESS,60.3,2.3,0
LOG-0001009,2026-08-20 16:16:42.079035,IF-008,SAP_CPI,3PL_PROVIDER,DESADV,SUCCESS,42.2,8.9,0
LOG-0000273,2026-08-20 16:30:24.079035,IF-001,SAP_ECC,SFDC_CRM,ORDERS,SUCCESS,57.6,4.29,0
LOG-0002955,2026-08-20 16:33:29.079035,IF-008,SAP_CPI,3PL_PROVIDER,DESADV,SUCCESS,202.9,21.82,0
LOG-0001882,2026-08-20 16:34:13.079035,IF-007,SAP_S4HANA,DATA_LAKE,CDC,SUCCESS,96.2,17.2,0
LOG-0002342,2026-08-20 16:42:45.079035,IF-004,SAP_ECC,B2B_VAN_SPS,INVOIC,SUCCESS,50.7,26.24,0
LOG-0003147,2026-08-20 16:46:10.079035,IF-001,SAP_ECC,SFDC_CRM,ORDERS,RETRY,157.1,15.79,3
LOG-0002346,2026-08-20 17:00:37.079035,IF-006,LEGACY_MAINFRAME,SAP_ECC,MATMAS,SUCCESS,96.6,8.49,0
LOG-0002823,2026-08-20 17:02:48.079035,IF-007,SAP_S4HANA,DATA_LAKE,CDC,SUCCESS,71.0,16.28,0
LOG-0000726,2026-08-20 17:25:37.079035,IF-001,SAP_ECC,SFDC_CRM,ORDERS,SUCCESS,135.4,9.47,0
LOG-0003663,2026-08-20 17:30:40.079035,IF-005,SAP_S4HANA,BTP_APP,OData,SUCCESS,103.4,3.15,0
LOG-0003127,2026-08-20 17:51:06.079035,IF-005,SAP_S4HANA,BTP_APP,OData,SUCCESS,68.5,14.61,0
LOG-0001856,2026-08-20 17:54:41.079035,IF-006,LEGACY_MAINFRAME,SAP_ECC,MATMAS,SUCCESS,43.2,1.82,0
LOG-0000514,2026-08-20 17:58:53.079035,IF-008,SAP_CPI,3PL_PROVIDER,DESADV,SUCCESS,98.7,5.78,0
LOG-0001313,2026-08-20 18:07:43.079035,IF-005,SAP_S4HANA,BTP_APP,OData,SUCCESS,143.4,9.74,0
LOG-0000573,2026-08-20 18:19:52.079035,IF-007,SAP_S4HANA,DATA_LAKE,CDC,SUCCESS,44.4,8.64,0
LOG-0000158,2026-08-20 18:20:45.079035,IF-007,SAP_S4HANA,DATA_LAKE,CDC,SUCCESS,35.1,3.03,0
LOG-0004002,2026-08-20 18:27:29.079035,IF-002,SAP_S4HANA,WMS_MANHATTAN,DESADV,SUCCESS,35.1,5.89,0
LOG-0001698,2026-08-20 18:35:49.079035,IF-002,SAP_S4HANA,WMS_MANHATTAN,DESADV,SUCCESS,69.4,8.31,0
LOG-0002804,2026-08-20 18:46:15.079035,IF-008,SAP_CPI,3PL_PROVIDER,DESADV,SUCCESS,69.8,7.95,0
LOG-0004304,2026-08-20 18:52:11.079035,IF-002,SAP_S4HANA,WMS_MANHATTAN,DESADV,SUCCESS,74.4,8.06,0
LOG-0000906,2026-08-20 18:59:13.079035,IF-008,SAP_CPI,3PL_PROVIDER,DESADV,SUCCESS,57.4,7.15,0
LOG-0004861,2026-08-20 19:11:30.079035,IF-006,LEGACY_MAINFRAME,SAP_ECC,MATMAS,SUCCESS,61.7,13.24,0
LOG-0004516,2026-08-20 19:15:47.079035,IF-001,SAP_ECC,SFDC_CRM,ORDERS,SUCCESS,117.2,2.25,0
LOG-0004235,2026-08-20 19:37:57.079035,IF-001,SAP_ECC,SFDC_CRM,ORDERS,RETRY,903.6,4.37,0
LOG-0000648,2026-08-20 19:43:58.079035,IF-005,SAP_S4HANA,BTP_APP,OData,SUCCESS,43.6,8.66,0
LOG-0000168,2026-08-20 19:48:25.079035,IF-004,SAP_ECC,B2B_VAN_SPS,INVOIC,SUCCESS,76.4,21.0,0
LOG-0002555,2026-08-20 19:50:09.079035,IF-008,SAP_CPI,3PL_PROVIDER,DESADV,SUCCESS,44.5,12.41,0
LOG-0003614,2026-08-20 19:57:05.079035,IF-006,LEGACY_MAINFRAME,SAP_ECC,MATMAS,FAILED,34.9,1.92,1
LOG-0001117,2026-08-20 20:04:27.079035,IF-002,SAP_S4HANA,WMS_MANHATTAN,DESADV,SUCCESS,119.5,7.12,0
LOG-0000922,2026-08-20 20:13:45.079035,IF-005,SAP_S4HANA,BTP_APP,OData,SUCCESS,28.8,4.48,0
LOG-0003168,2026-08-20 20:15:45.079035,IF-007,SAP_S4HANA,DATA_LAKE,CDC,TIMEOUT,72.1,5.46,1
LOG-0004926,2026-08-20 20:45:21.079035,IF-008,SAP_CPI,3PL_PROVIDER,DESADV,SUCCESS,71.2,8.46,0
LOG-0004316,2026-08-20 20:57:19.079035,IF-008,SAP_CPI,3PL_PROVIDER,DESADV,SUCCESS,58.3,0.64,0
LOG-0001140,2026-08-20 21:08:33.079035,IF-008,SAP_CPI,3PL_PROVIDER,DESADV,SUCCESS,171.0,2.53,0
LOG-0002380,2026-08-20 21:39:52.079035,IF-002,SAP_S4HANA,WMS_MANHATTAN,DESADV,FAILED,36.6,9.98,2
LOG-0003091,2026-08-20 21:40:19.079035,IF-006,LEGACY_MAINFRAME,SAP_ECC,MATMAS,SUCCESS,75.5,18.61,0
LOG-0002152,2026-08-20 21:47:30.079035,IF-008,SAP_CPI,3PL_PROVIDER,DESADV,SUCCESS,171.2,7.86,0
LOG-0003860,2026-08-20 21:50:25.079035,IF-003,SAP_S4HANA,ARIBA_NETWORK,ORDRSP,SUCCESS,177.7,69.4,0
LOG-0004400,2026-08-20 22:03:30.079035,IF-008,SAP_CPI,3PL_PROVIDER,DESADV,FAILED,135.8,14.99,1
LOG-0003811,2026-08-20 22:15:14.079035,IF-006,LEGACY_MAINFRAME,SAP_ECC,MATMAS,SUCCESS,48.8,18.2,0
LOG-0003335,2026-08-20 22:18:01.079035,IF-006,LEGACY_MAINFRAME,SAP_ECC,MATMAS,SUCCESS,75.8,6.18,0
LOG-0001919,2026-08-20 22:29:19.079035,IF-008,SAP_CPI,3PL_PROVIDER,DESADV,SUCCESS,60.6,6.5,0
LOG-0000728,2026-08-20 22:49:34.079035,IF-002,SAP_S4HANA,WMS_MANHATTAN,DESADV,SUCCESS,25.0,6.35,0
LOG-0004403,2026-08-20 22:58:35.079035,IF-004,SAP_ECC,B2B_VAN_SPS,INVOIC,SUCCESS,47.5,14.76,0
LOG-0000787,2026-08-20 23:00:16.079035,IF-002,SAP_S4HANA,WMS_MANHATTAN,DESADV,SUCCESS,93.4,19.74,0
LOG-0000412,2026-08-20 23:36:43.079035,IF-005,SAP_S4HANA,BTP_APP,OData,SUCCESS,76.6,29.91,0
LOG-0003498,2026-08-20 23:52:16.079035,IF-001,SAP_ECC,SFDC_CRM,ORDERS,RETRY,37.2,3.69,2
LOG-0001131,2026-08-20 23:53:53.079035,IF-005,SAP_S4HANA,BTP_APP,OData,SUCCESS,43.8,1.35,0
LOG-0004221,2026-08-21 00:00:01.079035,IF-008,SAP_CPI,3PL_PROVIDER,DESADV,SUCCESS,101.7,24.63,0
LOG-0004121,2026-08-21 00:03:15.079035,IF-004,SAP_ECC,B2B_VAN_SPS,INVOIC,SUCCESS,162.9,3.35,0
LOG-0000038,2026-08-21 00:05:52.079035,IF-004,SAP_ECC,B2B_VAN_SPS,INVOIC,SUCCESS,39.9,11.69,0
LOG-0002239,2026-08-21 00:21:40.079035,IF-001,SAP_ECC,SFDC_CRM,ORDERS,SUCCESS,41.5,0.7,0
LOG-0001631,2026-08-21 00:40:45.079035,IF-008,SAP_CPI,3PL_PROVIDER,DESADV,SUCCESS,351.5,14.41,0
LOG-0003890,2026-08-21 00:43:51.079035,IF-004,SAP_ECC,B2B_VAN_SPS,INVOIC,SUCCESS,74.9,22.35,0
LOG-0000496,2026-08-21 00:49:48.079035,IF-007,SAP_S4HANA,DATA_LAKE,CDC,SUCCESS,71.6,6.35,0
LOG-0002077,2026-08-21 00:52:17.079035,IF-006,LEGACY_MAINFRAME,SAP_ECC,MATMAS,TIMEOUT,30.8,6.19,1
LOG-0001699,2026-08-21 00:56:26.079035,IF-007,SAP_S4HANA,DATA_LAKE,CDC,SUCCESS,99.2,0.86,0
LOG-0000450,2026-08-21 01:05:14.079035,IF-005,SAP_S4HANA,BTP_APP,OData,FAILED,137.5,3.15,0
LOG-0003870,2026-08-21 01:47:37.079035,IF-005,SAP_S4HANA,BTP_APP,OData,FAILED,37.2,4.26,0
LOG-0000567,2026-08-21 01:50:27.079035,IF-002,SAP_S4HANA,WMS_MANHATTAN,DESADV,SUCCESS,153.2,67.88,0
LOG-0001421,2026-08-21 01:56:17.079035,IF-004,SAP_ECC,B2B_VAN_SPS,INVOIC,SUCCESS,72.6,1.08,0
LOG-0003318,2026-08-21 02:03:17.079035,IF-008,SAP_CPI,3PL_PROVIDER,DESADV,SUCCESS,51.6,12.85,0
LOG-0002218,2026-08-21 02:28:14.079035,IF-005,SAP_S4HANA,BTP_APP,OData,SUCCESS,93.1,9.04,0
LOG-0001145,2026-08-21 02:28:43.079035,IF-003,SAP_S4HANA,ARIBA_NETWORK,ORDRSP,FAILED,87.7,13.98,0
LOG-0003733,2026-08-21 02:49:18.079035,IF-006,LEGACY_MAINFRAME,SAP_ECC,MATMAS,SUCCESS,23.1,6.84,0
LOG-0004467,2026-08-21 02:50:44.079035,IF-002,SAP_S4HANA,WMS_MANHATTAN,DESADV,FAILED,26.0,2.7,3
LOG-0001446,2026-08-21 02:51:55.079035,IF-003,SAP_S4HANA,ARIBA_NETWORK,ORDRSP,SUCCESS,21.5,11.55,0
LOG-0002579,2026-08-21 03:03:08.079035,IF-005,SAP_S4HANA,BTP_APP,OData,SUCCESS,164.4,3.94,0
LOG-0002726,2026-08-21 03:20:39.079035,IF-007,SAP_S4HANA,DATA_LAKE,CDC,SUCCESS,58.8,23.15,0
LOG-0004759,2026-08-21 03:36:27.079035,IF-003,SAP_S4HANA,ARIBA_NETWORK,ORDRSP,SUCCESS,87.6,0.99,0
LOG-0004059,2026-08-21 03:38:52.079035,IF-008,SAP_CPI,3PL_PROVIDER,DESADV,SUCCESS,74.9,8.25,0
LOG-0003265,2026-08-21 03:41:27.079035,IF-004,SAP_ECC,B2B_VAN_SPS,INVOIC,SUCCESS,79.7,5.55,0
LOG-0003407,2026-08-21 04:11:03.079035,IF-003,SAP_S4HANA,ARIBA_NETWORK,ORDRSP,SUCCESS,175.7,8.62,0
LOG-0003336,2026-08-21 04:15:38.079035,IF-004,SAP_ECC,B2B_VAN_SPS,INVOIC,SUCCESS,186.2,30.32,0
LOG-0001390,2026-08-21 04:17:36.079035,IF-002,SAP_S4HANA,WMS_MANHATTAN,DESADV,RETRY,78.8,6.02,2
LOG-0000261,2026-08-21 04:36:20.079035,IF-002,SAP_S4HANA,WMS_MANHATTAN,DESADV,SUCCESS,60.0,2.89,0
LOG-0001245,2026-08-21 04:57:33.079035,IF-002,SAP_S4HANA,WMS_MANHATTAN,DESADV,SUCCESS,104.9,1.03,0
LOG-0004128,2026-08-21 05:17:56.079035,IF-001,SAP_ECC,SFDC_CRM,ORDERS,SUCCESS,29.5,17.12,0
LOG-0004349,2026-08-21 05:18:41.079035,IF-002,SAP_S4HANA,WMS_MANHATTAN,DESADV,SUCCESS,160.6,58.11,0
LOG-0002941,2026-08-21 05:23:14.079035,IF-008,SAP_CPI,3PL_PROVIDER,DESADV,SUCCESS,26.5,15.29,0
LOG-0003503,2026-08-21 05:23:36.079035,IF-007,SAP_S4HANA,DATA_LAKE,CDC,SUCCESS,75.4,87.42,0
LOG-0003638,2026-08-21 05:30:26.079035,IF-002,SAP_S4HANA,WMS_MANHATTAN,DESADV,SUCCESS,125.9,2.45,0
LOG-0002435,2026-08-21 05:54:16.079035,IF-001,SAP_ECC,SFDC_CRM,ORDERS,SUCCESS,121.3,2.98,0
LOG-0004301,2026-08-21 05:55:20.079035,IF-008,SAP_CPI,3PL_PROVIDER,DESADV,RETRY,71.1,22.43,3
LOG-0002208,2026-08-21 06:02:20.079035,IF-003,SAP_S4HANA,ARIBA_NETWORK,ORDRSP,SUCCESS,38.0,6.29,0
LOG-0004728,2026-08-21 06:08:26.079035,IF-008,SAP_CPI,3PL_PROVIDER,DESADV,SUCCESS,53.4,10.69,0
LOG-0001309,2026-08-21 06:11:01.079035,IF-002,SAP_S4HANA,WMS_MANHATTAN,DESADV,FAILED,515.3,9.73,2
LOG-0001706,2026-08-21 06:19:30.079035,IF-001,SAP_ECC,SFDC_CRM,ORDERS,SUCCESS,60.5,5.06,0
LOG-0002960,2026-08-21 06:25:18.079035,IF-005,SAP_S4HANA,BTP_APP,OData,SUCCESS,98.7,31.46,0
LOG-0000717,2026-08-21 06:26:01.079035,IF-003,SAP_S4HANA,ARIBA_NETWORK,ORDRSP,SUCCESS,85.3,3.89,0
LOG-0002618,2026-08-21 06:34:55.079035,IF-004,SAP_ECC,B2B_VAN_SPS,INVOIC,TIMEOUT,32.2,8.43,2
LOG-0004353,2026-08-21 06:46:24.079035,IF-005,SAP_S4HANA,BTP_APP,OData,SUCCESS,89.1,3.18,0
LOG-0004512,2026-08-21 06:54:43.079035,IF-003,SAP_S4HANA,ARIBA_NETWORK,ORDRSP,SUCCESS,125.5,64.03,0
LOG-0004256,2026-08-21 07:07:51.079035,IF-004,SAP_ECC,B2B_VAN_SPS,INVOIC,SUCCESS,59.0,11.95,0
LOG-0004944,2026-08-21 07:08:00.079035,IF-004,SAP_ECC,B2B_VAN_SPS,INVOIC,SUCCESS,10.9,11.72,0
LOG-0000510,2026-08-21 07:17:12.079035,IF-004,SAP_ECC,B2B_VAN_SPS,INVOIC,SUCCESS,51.6,2.97,0
LOG-0002056,2026-08-21 07:21:45.079035,IF-001,SAP_ECC,SFDC_CRM,ORDERS,SUCCESS,29.9,4.24,0
LOG-0002715,2026-08-21 07:23:57.079035,IF-005,SAP_S4HANA,BTP_APP,OData,SUCCESS,93.7,13.12,0
LOG-0004948,2026-08-21 07:27:10.079035,IF-001,SAP_ECC,SFDC_CRM,ORDERS,SUCCESS,109.0,3.15,0
LOG-0003355,2026-08-21 07:28:15.079035,IF-008,SAP_CPI,3PL_PROVIDER,DESADV,SUCCESS,35.7,3.22,0
LOG-0002762,2026-08-21 07:35:35.079035,IF-003,SAP_S4HANA,ARIBA_NETWORK,ORDRSP,SUCCESS,46.8,13.28,0
LOG-0002001,2026-08-21 07:41:53.079035,IF-008,SAP_CPI,3PL_PROVIDER,DESADV,SUCCESS,191.5,11.02,0
LOG-0000283,2026-08-21 07:49:04.079035,IF-006,LEGACY_MAINFRAME,SAP_ECC,MATMAS,SUCCESS,45.1,21.72,0
LOG-0003559,2026-08-21 08:01:24.079035,IF-002,SAP_S4HANA,WMS_MANHATTAN,DESADV,SUCCESS,25.5,4.33,0
LOG-0002088,2026-08-21 08:21:16.079035,IF-005,SAP_S4HANA,BTP_APP,OData,SUCCESS,37.0,10.01,0
LOG-0004005,2026-08-21 08:29:05.079035,IF-005,SAP_S4HANA,BTP_APP,OData,TIMEOUT,28.5,23.89,3
LOG-0000851,2026-08-21 08:33:31.079035,IF-008,SAP_CPI,3PL_PROVIDER,DESADV,SUCCESS,46.1,5.4,0
LOG-0002183,2026-08-21 08:41:52.079035,IF-008,SAP_CPI,3PL_PROVIDER,DESADV,SUCCESS,43.7,16.09,0
LOG-0002328,2026-08-21 09:06:28.079035,IF-007,SAP_S4HANA,DATA_LAKE,CDC,SUCCESS,78.7,7.18,0
LOG-0003414,2026-08-21 09:17:04.079035,IF-001,SAP_ECC,SFDC_CRM,ORDERS,SUCCESS,210.0,28.98,0
LOG-0004547,2026-08-21 09:30:38.079035,IF-007,SAP_S4HANA,DATA_LAKE,CDC,SUCCESS,112.6,28.21,0
LOG-0000512,2026-08-21 09:41:59.079035,IF-005,SAP_S4HANA,BTP_APP,OData,SUCCESS,47.0,4.29,0
LOG-0000762,2026-08-21 09:42:23.079035,IF-005,SAP_S4HANA,BTP_APP,OData,SUCCESS,66.3,2.37,0
LOG-0002737,2026-08-21 09:55:46.079035,IF-001,SAP_ECC,SFDC_CRM,ORDERS,TIMEOUT,55.1,13.38,2
LOG-0003946,2026-08-21 09:57:29.079035,IF-002,SAP_S4HANA,WMS_MANHATTAN,DESADV,SUCCESS,41.0,2.71,0
LOG-0004429,2026-08-21 10:08:02.079035,IF-005,SAP_S4HANA,BTP_APP,OData,SUCCESS,65.8,7.77,0
LOG-0001563,2026-08-21 10:11:15.079035,IF-006,LEGACY_MAINFRAME,SAP_ECC,MATMAS,SUCCESS,52.0,5.85,0
LOG-0002149,2026-08-21 10:22:00.079035,IF-008,SAP_CPI,3PL_PROVIDER,DESADV,SUCCESS,42.5,3.85,0
LOG-0000117,2026-08-21 10:37:54.079035,IF-006,LEGACY_MAINFRAME,SAP_ECC,MATMAS,SUCCESS,27.5,6.4,0
LOG-0001363,2026-08-21 10:41:32.079035,IF-003,SAP_S4HANA,ARIBA_NETWORK,ORDRSP,SUCCESS,49.1,3.25,0
LOG-0004589,2026-08-21 10:42:45.079035,IF-008,SAP_CPI,3PL_PROVIDER,DESADV,SUCCESS,133.3,42.46,0
LOG-0004575,2026-08-21 10:58:49.079035,IF-005,SAP_S4HANA,BTP_APP,OData,SUCCESS,144.7,6.08,0
LOG-0003207,2026-08-21 11:12:09.079035,IF-007,SAP_S4HANA,DATA_LAKE,CDC,SUCCESS,175.4,5.27,0
LOG-0003891,2026-08-21 11:16:36.079035,IF-006,LEGACY_MAINFRAME,SAP_ECC,MATMAS,SUCCESS,140.4,1.05,0
LOG-0001206,2026-08-21 11:34:12.079035,IF-006,LEGACY_MAINFRAME,SAP_ECC,MATMAS,RETRY,90.8,7.23,0
LOG-0000821,2026-08-21 11:55:25.079035,IF-001,SAP_ECC,SFDC_CRM,ORDERS,SUCCESS,63.0,1.29,0
LOG-0004532,2026-08-21 11:55:32.079035,IF-002,SAP_S4HANA,WMS_MANHATTAN,DESADV,SUCCESS,77.4,7.16,0
LOG-0002910,2026-08-21 11:56:55.079035,IF-004,SAP_ECC,B2B_VAN_SPS,INVOIC,SUCCESS,89.9,5.47,0
LOG-0003671,2026-08-21 12:00:34.079035,IF-006,LEGACY_MAINFRAME,SAP_ECC,MATMAS,SUCCESS,80.5,16.67,0
LOG-0001560,2026-08-21 12:13:43.079035,IF-003,SAP_S4HANA,ARIBA_NETWORK,ORDRSP,SUCCESS,56.7,9.21,0
LOG-0001458,2026-08-21 12:23:41.079035,IF-006,LEGACY_MAINFRAME,SAP_ECC,MATMAS,SUCCESS,34.6,46.32,0
LOG-0004851,2026-08-21 12:57:17.079035,IF-008,SAP_CPI,3PL_PROVIDER,DESADV,SUCCESS,43.8,10.26,0
LOG-0001251,2026-08-21 12:57:38.079035,IF-002,SAP_S4HANA,WMS_MANHATTAN,DESADV,SUCCESS,31.8,10.45,0
LOG-0000863,2026-08-21 13:14:00.079035,IF-004,SAP_ECC,B2B_VAN_SPS,INVOIC,FAILED,79.1,22.66,0
LOG-0004202,2026-08-21 13:16:09.079035,IF-002,SAP_S4HANA,WMS_MANHATTAN,DESADV,SUCCESS,26.9,5.89,0
LOG-0004210,2026-08-21 13:16:09.079035,IF-005,SAP_S4HANA,BTP_APP,OData,SUCCESS,26.8,28.89,0
LOG-0004103,2026-08-21 13:25:09.079035,IF-003,SAP_S4HANA,ARIBA_NETWORK,ORDRSP,SUCCESS,49.9,33.99,0
LOG-0000933,2026-08-21 13:32:36.079035,IF-007,SAP_S4HANA,DATA_LAKE,CDC,SUCCESS,88.3,9.03,0
LOG-0001317,2026-08-21 13:33:17.079035,IF-004,SAP_ECC,B2B_VAN_SPS,INVOIC,SUCCESS,53.1,7.63,0
LOG-0001731,2026-08-21 13:34:55.079035,IF-004,SAP_ECC,B2B_VAN_SPS,INVOIC,SUCCESS,42.3,21.6,0
LOG-0001702,2026-08-21 13:35:25.079035,IF-006,LEGACY_MAINFRAME,SAP_ECC,MATMAS,SUCCESS,158.7,23.79,0
LOG-0003521,2026-08-21 13:37:43.079035,IF-001,SAP_ECC,SFDC_CRM,ORDERS,SUCCESS,78.9,38.95,0
LOG-0000761,2026-08-21 13:54:00.079035,IF-003,SAP_S4HANA,ARIBA_NETWORK,ORDRSP,SUCCESS,54.5,14.92,0
LOG-0000721,2026-08-21 14:17:15.079035,IF-003,SAP_S4HANA,ARIBA_NETWORK,ORDRSP,SUCCESS,38.3,6.92,0
LOG-0003959,2026-08-21 14:26:34.079035,IF-003,SAP_S4HANA,ARIBA_NETWORK,ORDRSP,SUCCESS,141.6,7.2,0
LOG-0003234,2026-08-21 14:27:16.079035,IF-002,SAP_S4HANA,WMS_MANHATTAN,DESADV,SUCCESS,295.1,40.57,0
LOG-0001602,2026-08-21 14:29:25.079035,IF-007,SAP_S4HANA,DATA_LAKE,CDC,SUCCESS,682.2,3.84,0
LOG-0000221,2026-08-21 14:31:28.079035,IF-006,LEGACY_MAINFRAME,SAP_ECC,MATMAS,SUCCESS,70.2,2.46,0
LOG-0000128,2026-08-21 14:50:08.079035,IF-004,SAP_ECC,B2B_VAN_SPS,INVOIC,SUCCESS,110.6,0.87,0
LOG-0001205,2026-08-21 14:51:20.079035,IF-004,SAP_ECC,B2B_VAN_SPS,INVOIC,SUCCESS,51.5,27.58,0
LOG-0002856,2026-08-21 14:53:21.079035,IF-008,SAP_CPI,3PL_PROVIDER,DESADV,SUCCESS,30.2,0.88,0
LOG-0003045,2026-08-21 14:53:29.079035,IF-006,LEGACY_MAINFRAME,SAP_ECC,MATMAS,SUCCESS,25.5,9.9,0
LOG-0001583,2026-08-21 15:00:38.079035,IF-008,SAP_CPI,3PL_PROVIDER,DESADV,SUCCESS,40.3,12.05,0
LOG-0000604,2026-08-21 15:15:21.079035,IF-006,LEGACY_MAINFRAME,SAP_ECC,MATMAS,FAILED,52.8,7.8,1
LOG-0004793,2026-08-21 15:27:15.079035,IF-002,SAP_S4HANA,WMS_MANHATTAN,DESADV,SUCCESS,38.0,13.16,0
LOG-0002348,2026-08-21 15:30:17.079035,IF-001,SAP_ECC,SFDC_CRM,ORDERS,SUCCESS,56.4,7.28,0
LOG-0000832,2026-08-21 15:44:10.079035,IF-002,SAP_S4HANA,WMS_MANHATTAN,DESADV,SUCCESS,97.8,19.6,0
LOG-0003806,2026-08-21 15:49:40.079035,IF-001,SAP_ECC,SFDC_CRM,ORDERS,SUCCESS,69.3,5.44,0
LOG-0001369,2026-08-21 16:01:54.079035,IF-002,SAP_S4HANA,WMS_MANHATTAN,DESADV,SUCCESS,48.7,9.24,0
LOG-0001980,2026-08-21 16:09:56.079035,IF-005,SAP_S4HANA,BTP_APP,OData,SUCCESS,62.5,25.8,0
LOG-0004563,2026-08-21 16:23:27.079035,IF-003,SAP_S4HANA,ARIBA_NETWORK,ORDRSP,SUCCESS,211.2,5.82,0
LOG-0001420,2026-08-21 16:26:38.079035,IF-003,SAP_S4HANA,ARIBA_NETWORK,ORDRSP,SUCCESS,83.1,7.68,0
LOG-0004246,2026-08-21 16:35:14.079035,IF-006,LEGACY_MAINFRAME,SAP_ECC,MATMAS,SUCCESS,135.1,5.5,0
LOG-0003103,2026-08-21 16:36:04.079035,IF-003,SAP_S4HANA,ARIBA_NETWORK,ORDRSP,SUCCESS,72.6,15.8,0
LOG-0002175,2026-08-21 16:36:15.079035,IF-008,SAP_CPI,3PL_PROVIDER,DESADV,SUCCESS,175.8,13.57,0
LOG-0002137,2026-08-21 16:39:02.079035,IF-004,SAP_ECC,B2B_VAN_SPS,INVOIC,SUCCESS,103.8,7.66,0
LOG-0002844,2026-08-21 16:43:11.079035,IF-007,SAP_S4HANA,DATA_LAKE,CDC,SUCCESS,52.3,2.79,0
LOG-0004388,2026-08-21 16:47:13.079035,IF-004,SAP_ECC,B2B_VAN_SPS,INVOIC,SUCCESS,135.8,10.28,0
LOG-0001818,2026-08-21 16:58:57.079035,IF-007,SAP_S4HANA,DATA_LAKE,CDC,SUCCESS,89.9,7.54,0
LOG-0000549,2026-08-21 17:02:09.079035,IF-008,SAP_CPI,3PL_PROVIDER,DESADV,SUCCESS,57.4,10.2,0
LOG-0004931,2026-08-21 17:07:19.079035,IF-007,SAP_S4HANA,DATA_LAKE,CDC,SUCCESS,54.1,4.55,0
LOG-0004837,2026-08-21 17:19:40.079035,IF-001,SAP_ECC,SFDC_CRM,ORDERS,SUCCESS,22.0,4.97,0
LOG-0001166,2026-08-21 17:38:03.079035,IF-008,SAP_CPI,3PL_PROVIDER,DESADV,SUCCESS,83.7,9.45,0
LOG-0000321,2026-08-21 17:39:09.079035,IF-007,SAP_S4HANA,DATA_LAKE,CDC,SUCCESS,67.1,3.24,0
LOG-0004271,2026-08-21 17:39:11.079035,IF-005,SAP_S4HANA,BTP_APP,OData,SUCCESS,90.9,15.92,0
LOG-0003148,2026-08-21 17:46:14.079035,IF-003,SAP_S4HANA,ARIBA_NETWORK,ORDRSP,SUCCESS,17.8,16.78,0
LOG-0002101,2026-08-21 17:55:55.079035,IF-005,SAP_S4HANA,BTP_APP,OData,SUCCESS,58.0,3.07,0
LOG-0001407,2026-08-21 18:16:11.079035,IF-006,LEGACY_MAINFRAME,SAP_ECC,MATMAS,SUCCESS,62.6,4.42,0
LOG-0001064,2026-08-21 18:25:09.079035,IF-002,SAP_S4HANA,WMS_MANHATTAN,DESADV,SUCCESS,128.0,6.15,0
LOG-0001941,2026-08-21 18:48:37.079035,IF-007,SAP_S4HANA,DATA_LAKE,CDC,FAILED,27.9,4.27,1
LOG-0003938,2026-08-21 18:54:26.079035,IF-003,SAP_S4HANA,ARIBA_NETWORK,ORDRSP,SUCCESS,34.7,16.39,0
LOG-0001215,2026-08-21 18:56:56.079035,IF-001,SAP_ECC,SFDC_CRM,ORDERS,SUCCESS,175.6,3.99,0
LOG-0001985,2026-08-21 19:09:29.079035,IF-008,SAP_CPI,3PL_PROVIDER,DESADV,SUCCESS,107.2,5.22,0
LOG-0003351,2026-08-21 19:11:29.079035,IF-004,SAP_ECC,B2B_VAN_SPS,INVOIC,SUCCESS,44.0,48.3,0
LOG-0004629,2026-08-21 19:26:00.079035,IF-004,SAP_ECC,B2B_VAN_SPS,INVOIC,SUCCESS,82.5,0.79,0
LOG-0003681,2026-08-21 19:43:16.079035,IF-004,SAP_ECC,B2B_VAN_SPS,INVOIC,SUCCESS,147.9,0.96,0
LOG-0004269,2026-08-21 19:48:29.079035,IF-004,SAP_ECC,B2B_VAN_SPS,INVOIC,SUCCESS,26.1,12.7,0
LOG-0001554,2026-08-21 19:48:39.079035,IF-001,SAP_ECC,SFDC_CRM,ORDERS,SUCCESS,33.1,138.9,0
LOG-0001726,2026-08-21 19:49:06.079035,IF-007,SAP_S4HANA,DATA_LAKE,CDC,SUCCESS,55.9,3.85,0
LOG-0002313,2026-08-21 19:49:13.079035,IF-006,LEGACY_MAINFRAME,SAP_ECC,MATMAS,SUCCESS,70.1,3.27,0
LOG-0001312,2026-08-21 19:50:53.079035,IF-002,SAP_S4HANA,WMS_MANHATTAN,DESADV,SUCCESS,45.3,32.48,0
LOG-0004587,2026-08-21 19:52:52.079035,IF-008,SAP_CPI,3PL_PROVIDER,DESADV,SUCCESS,48.8,4.55,0
LOG-0001433,2026-08-21 20:03:28.079035,IF-002,SAP_S4HANA,WMS_MANHATTAN,DESADV,SUCCESS,107.4,5.31,0
LOG-0001872,2026-08-21 20:10:31.079035,IF-004,SAP_ECC,B2B_VAN_SPS,INVOIC,SUCCESS,43.5,13.47,0
LOG-0000166,2026-08-21 20:58:36.079035,IF-007,SAP_S4HANA,DATA_LAKE,CDC,SUCCESS,106.1,11.85,0
LOG-0002391,2026-08-21 21:17:24.079035,IF-004,SAP_ECC,B2B_VAN_SPS,INVOIC,SUCCESS,138.2,6.57,0
LOG-0001013,2026-08-21 22:09:31.079035,IF-003,SAP_S4HANA,ARIBA_NETWORK,ORDRSP,SUCCESS,66.8,13.28,0
LOG-0003189,2026-08-21 22:18:42.079035,IF-008,SAP_CPI,3PL_PROVIDER,DESADV,SUCCESS,32.3,4.68,0
LOG-0003838,2026-08-21 22:45:08.079035,IF-004,SAP_ECC,B2B_VAN_SPS,INVOIC,SUCCESS,57.6,19.85,0
LOG-0004875,2026-08-21 22:45:28.079035,IF-005,SAP_S4HANA,BTP_APP,OData,SUCCESS,103.1,6.36,0
LOG-0002864,2026-08-21 22:59:50.079035,IF-004,SAP_ECC,B2B_VAN_SPS,INVOIC,SUCCESS,39.8,4.85,0
LOG-0000011,2026-08-21 23:02:52.079035,IF-002,SAP_S4HANA,WMS_MANHATTAN,DESADV,SUCCESS,48.1,7.11,0
LOG-0000700,2026-08-21 23:12:55.079035,IF-002,SAP_S4HANA,WMS_MANHATTAN,DESADV,SUCCESS,87.5,8.97,0
LOG-0003261,2026-08-21 23:14:09.079035,IF-003,SAP_S4HANA,ARIBA_NETWORK,ORDRSP,SUCCESS,65.4,30.79,0
LOG-0003600,2026-08-21 23:14:59.079035,IF-007,SAP_S4HANA,DATA_LAKE,CDC,SUCCESS,98.5,7.86,0
LOG-0003993,2026-08-21 23:17:17.079035,IF-004,SAP_ECC,B2B_VAN_SPS,INVOIC,SUCCESS,23.0,4.2,0
LOG-0001116,2026-08-21 23:30:41.079035,IF-005,SAP_S4HANA,BTP_APP,OData,SUCCESS,85.4,4.13,0
LOG-0004559,2026-08-21 23:36:20.079035,IF-003,SAP_S4HANA,ARIBA_NETWORK,ORDRSP,SUCCESS,44.4,4.83,0
LOG-0004785,2026-08-21 23:49:20.079035,IF-001,SAP_ECC,SFDC_CRM,ORDERS,SUCCESS,89.9,29.92,0
LOG-0004020,2026-08-21 23:52:05.079035,IF-008,SAP_CPI,3PL_PROVIDER,DESADV,SUCCESS,300.0,12.02,0
LOG-0000135,2026-08-22 00:04:17.079035,IF-006,LEGACY_MAINFRAME,SAP_ECC,MATMAS,SUCCESS,70.4,3.46,0
LOG-0003319,2026-08-22 00:17:48.079035,IF-002,SAP_S4HANA,WMS_MANHATTAN,DESADV,FAILED,107.5,3.17,0
LOG-0003430,2026-08-22 00:17:58.079035,IF-007,SAP_S4HANA,DATA_LAKE,CDC,SUCCESS,124.6,18.82,0
LOG-0000346,2026-08-22 00:21:16.079035,IF-004,SAP_ECC,B2B_VAN_SPS,INVOIC,SUCCESS,52.1,1.49,0
LOG-0000804,2026-08-22 00:26:26.079035,IF-005,SAP_S4HANA,BTP_APP,OData,SUCCESS,104.1,2.18,0
LOG-0004903,2026-08-22 01:02:42.079035,IF-006,LEGACY_MAINFRAME,SAP_ECC,MATMAS,SUCCESS,42.8,3.45,0
LOG-0003969,2026-08-22 01:26:12.079035,IF-006,LEGACY_MAINFRAME,SAP_ECC,MATMAS,SUCCESS,49.2,7.42,0
LOG-0004527,2026-08-22 01:28:35.079035,IF-007,SAP_S4HANA,DATA_LAKE,CDC,SUCCESS,46.2,6.79,0
LOG-0000928,2026-08-22 01:35:41.079035,IF-001,SAP_ECC,SFDC_CRM,ORDERS,SUCCESS,44.4,12.77,0
LOG-0000630,2026-08-22 01:37:18.079035,IF-007,SAP_S4HANA,DATA_LAKE,CDC,SUCCESS,99.9,13.92,0
LOG-0004738,2026-08-22 02:03:57.079035,IF-002,SAP_S4HANA,WMS_MANHATTAN,DESADV,SUCCESS,49.4,3.02,0
LOG-0004595,2026-08-22 02:09:55.079035,IF-002,SAP_S4HANA,WMS_MANHATTAN,DESADV,SUCCESS,81.6,0.49,0
LOG-0000972,2026-08-22 02:47:49.079035,IF-001,SAP_ECC,SFDC_CRM,ORDERS,SUCCESS,74.5,15.96,0
LOG-0001331,2026-08-22 02:55:06.079035,IF-008,SAP_CPI,3PL_PROVIDER,DESADV,SUCCESS,92.2,2.29,0
LOG-0001538,2026-08-22 03:02:34.079035,IF-001,SAP_ECC,SFDC_CRM,ORDERS,SUCCESS,195.0,40.57,0
LOG-0002836,2026-08-22 03:12:18.079035,IF-002,SAP_S4HANA,WMS_MANHATTAN,DESADV,SUCCESS,68.6,6.98,0
LOG-0000839,2026-08-22 03:28:56.079035,IF-002,SAP_S4HANA,WMS_MANHATTAN,DESADV,SUCCESS,65.1,10.72,0
LOG-0001830,2026-08-22 03:44:57.079035,IF-008,SAP_CPI,3PL_PROVIDER,DESADV,FAILED,53.0,2.55,0
LOG-0003343,2026-08-22 03:45:03.079035,IF-007,SAP_S4HANA,DATA_LAKE,CDC,SUCCESS,18.0,2.29,0
LOG-0002749,2026-08-22 04:01:36.079035,IF-005,SAP_S4HANA,BTP_APP,OData,SUCCESS,68.4,6.48,0
LOG-0000323,2026-08-22 04:05:04.079035,IF-007,SAP_S4HANA,DATA_LAKE,CDC,RETRY,202.1,5.44,2
LOG-0003824,2026-08-22 04:10:09.079035,IF-007,SAP_S4HANA,DATA_LAKE,CDC,SUCCESS,56.3,7.73,0
LOG-0004558,2026-08-22 04:21:28.079035,IF-007,SAP_S4HANA,DATA_LAKE,CDC,SUCCESS,34.5,5.89,0
LOG-0004186,2026-08-22 04:38:18.079035,IF-003,SAP_S4HANA,ARIBA_NETWORK,ORDRSP,SUCCESS,69.4,6.32,0
LOG-0002483,2026-08-22 04:39:29.079035,IF-007,SAP_S4HANA,DATA_LAKE,CDC,SUCCESS,15.5,18.29,0
LOG-0004387,2026-08-22 04:42:52.079035,IF-007,SAP_S4HANA,DATA_LAKE,CDC,SUCCESS,50.3,12.19,0
LOG-0002316,2026-08-22 04:49:26.079035,IF-007,SAP_S4HANA,DATA_LAKE,CDC,SUCCESS,316.9,10.16,0
LOG-0004596,2026-08-22 04:59:25.079035,IF-003,SAP_S4HANA,ARIBA_NETWORK,ORDRSP,SUCCESS,57.3,7.51,0
LOG-0000340,2026-08-22 05:07:45.079035,IF-007,SAP_S4HANA,DATA_LAKE,CDC,SUCCESS,58.3,3.82,0
LOG-0003983,2026-08-22 05:08:26.079035,IF-001,SAP_ECC,SFDC_CRM,ORDERS,FAILED,73.4,4.36,2
LOG-0004544,2026-08-22 05:25:35.079035,IF-006,LEGACY_MAINFRAME,SAP_ECC,MATMAS,TIMEOUT,1266.6,14.96,0
LOG-0003730,2026-08-22 05:28:22.079035,IF-005,SAP_S4HANA,BTP_APP,OData,SUCCESS,26.8,10.22,0
LOG-0000223,2026-08-22 05:38:22.079035,IF-008,SAP_CPI,3PL_PROVIDER,DESADV,SUCCESS,26.4,25.75,0
LOG-0002622,2026-08-22 05:45:39.079035,IF-007,SAP_S4HANA,DATA_LAKE,CDC,FAILED,81.4,24.26,0
LOG-0001480,2026-08-22 05:49:43.079035,IF-002,SAP_S4HANA,WMS_MANHATTAN,DESADV,SUCCESS,889.3,6.5,0
LOG-0000458,2026-08-22 06:02:14.079035,IF-007,SAP_S4HANA,DATA_LAKE,CDC,SUCCESS,84.0,37.35,0
LOG-0004977,2026-08-22 06:06:12.079035,IF-007,SAP_S4HANA,DATA_LAKE,CDC,SUCCESS,66.5,16.93,0
LOG-0003002,2026-08-22 06:15:40.079035,IF-005,SAP_S4HANA,BTP_APP,OData,FAILED,69.4,18.6,1
LOG-0004255,2026-08-22 06:55:12.079035,IF-003,SAP_S4HANA,ARIBA_NETWORK,ORDRSP,SUCCESS,130.4,20.67,0
LOG-0004615,2026-08-22 06:59:03.079035,IF-007,SAP_S4HANA,DATA_LAKE,CDC,SUCCESS,219.8,2.7,0
LOG-0001957,2026-08-22 07:20:22.079035,IF-002,SAP_S4HANA,WMS_MANHATTAN,DESADV,SUCCESS,106.8,16.18,0
LOG-0004526,2026-08-22 08:11:43.079035,IF-005,SAP_S4HANA,BTP_APP,OData,RETRY,594.0,11.47,0
LOG-0003347,2026-08-22 08:12:37.079035,IF-001,SAP_ECC,SFDC_CRM,ORDERS,SUCCESS,50.5,3.36,0
LOG-0004841,2026-08-22 08:24:18.079035,IF-006,LEGACY_MAINFRAME,SAP_ECC,MATMAS,SUCCESS,99.5,9.3,0
LOG-0004201,2026-08-22 08:50:44.079035,IF-002,SAP_S4HANA,WMS_MANHATTAN,DESADV,SUCCESS,27.3,0.76,0
LOG-0000600,2026-08-22 08:52:40.079035,IF-006,LEGACY_MAINFRAME,SAP_ECC,MATMAS,SUCCESS,57.3,8.09,0
LOG-0000484,2026-08-22 09:22:08.079035,IF-007,SAP_S4HANA,DATA_LAKE,CDC,SUCCESS,40.9,16.44,0
LOG-0004069,2026-08-22 09:22:32.079035,IF-002,SAP_S4HANA,WMS_MANHATTAN,DESADV,SUCCESS,56.2,18.55,0
LOG-0001531,2026-08-22 09:23:20.079035,IF-006,LEGACY_MAINFRAME,SAP_ECC,MATMAS,SUCCESS,49.2,2.94,0
LOG-0001052,2026-08-22 09:28:53.079035,IF-004,SAP_ECC,B2B_VAN_SPS,INVOIC,TIMEOUT,147.2,3.05,0
LOG-0002090,2026-08-22 09:46:50.079035,IF-005,SAP_S4HANA,BTP_APP,OData,SUCCESS,40.0,2.14,0
LOG-0000462,2026-08-22 10:07:51.079035,IF-004,SAP_ECC,B2B_VAN_SPS,INVOIC,SUCCESS,103.7,4.63,0
LOG-0002317,2026-08-22 10:16:45.079035,IF-003,SAP_S4HANA,ARIBA_NETWORK,ORDRSP,SUCCESS,23.0,11.76,0
LOG-0004126,2026-08-22 10:33:26.079035,IF-004,SAP_ECC,B2B_VAN_SPS,INVOIC,SUCCESS,198.8,3.19,0
LOG-0004476,2026-08-22 10:36:35.079035,IF-004,SAP_ECC,B2B_VAN_SPS,INVOIC,SUCCESS,24.4,3.4,0
LOG-0001534,2026-08-22 10:39:00.079035,IF-008,SAP_CPI,3PL_PROVIDER,DESADV,SUCCESS,28.4,2.2,0
LOG-0000825,2026-08-22 10:47:17.079035,IF-001,SAP_ECC,SFDC_CRM,ORDERS,SUCCESS,1095.9,1.01,0
LOG-0001786,2026-08-22 10:50:20.079035,IF-006,LEGACY_MAINFRAME,SAP_ECC,MATMAS,SUCCESS,29.8,3.55,0
LOG-0002275,2026-08-22 11:07:12.079035,IF-007,SAP_S4HANA,DATA_LAKE,CDC,SUCCESS,70.7,4.86,0
LOG-0001710,2026-08-22 11:11:38.079035,IF-008,SAP_CPI,3PL_PROVIDER,DESADV,SUCCESS,90.5,12.77,0
LOG-0003229,2026-08-22 11:15:28.079035,IF-003,SAP_S4HANA,ARIBA_NETWORK,ORDRSP,SUCCESS,41.9,4.1,0
LOG-0003208,2026-08-22 11:20:26.079035,IF-004,SAP_ECC,B2B_VAN_SPS,INVOIC,SUCCESS,62.0,16.43,0
LOG-0004781,2026-08-22 11:49:17.079035,IF-002,SAP_S4HANA,WMS_MANHATTAN,DESADV,SUCCESS,45.6,22.03,0
LOG-0001254,2026-08-22 12:06:30.079035,IF-008,SAP_CPI,3PL_PROVIDER,DESADV,SUCCESS,33.5,4.04,0
LOG-0001827,2026-08-22 12:19:52.079035,IF-003,SAP_S4HANA,ARIBA_NETWORK,ORDRSP,SUCCESS,55.9,27.16,0
LOG-0003956,2026-08-22 12:32:09.079035,IF-006,LEGACY_MAINFRAME,SAP_ECC,MATMAS,SUCCESS,60.1,12.48,0
LOG-0003900,2026-08-22 13:04:28.079035,IF-008,SAP_CPI,3PL_PROVIDER,DESADV,SUCCESS,178.0,8.36,0
LOG-0002389,2026-08-22 13:14:40.079035,IF-007,SAP_S4HANA,DATA_LAKE,CDC,SUCCESS,58.4,4.5,0
LOG-0002195,2026-08-22 13:36:03.079035,IF-002,SAP_S4HANA,WMS_MANHATTAN,DESADV,SUCCESS,101.3,3.04,0
LOG-0001725,2026-08-22 13:43:46.079035,IF-005,SAP_S4HANA,BTP_APP,OData,SUCCESS,70.1,5.78,0
LOG-0002735,2026-08-22 13:45:56.079035,IF-002,SAP_S4HANA,WMS_MANHATTAN,DESADV,SUCCESS,119.6,4.55,0
LOG-0004631,2026-08-22 13:51:41.079035,IF-001,SAP_ECC,SFDC_CRM,ORDERS,SUCCESS,63.5,7.7,0
LOG-0002788,2026-08-22 13:52:19.079035,IF-003,SAP_S4HANA,ARIBA_NETWORK,ORDRSP,SUCCESS,17.2,7.27,0
LOG-0002674,2026-08-22 13:52:32.079035,IF-005,SAP_S4HANA,BTP_APP,OData,SUCCESS,50.4,4.59,0
LOG-0003995,2026-08-22 13:55:48.079035,IF-005,SAP_S4HANA,BTP_APP,OData,SUCCESS,106.2,8.74,0
LOG-0002506,2026-08-22 14:07:21.079035,IF-002,SAP_S4HANA,WMS_MANHATTAN,DESADV,SUCCESS,70.9,4.13,0
LOG-0004794,2026-08-22 14:16:18.079035,IF-001,SAP_ECC,SFDC_CRM,ORDERS,RETRY,332.5,2.68,2
LOG-0004499,2026-08-22 14:18:45.079035,IF-002,SAP_S4HANA,WMS_MANHATTAN,DESADV,SUCCESS,23.7,4.5,0
LOG-0003202,2026-08-22 14:20:17.079035,IF-005,SAP_S4HANA,BTP_APP,OData,SUCCESS,36.7,3.69,0
LOG-0003304,2026-08-22 14:21:24.079035,IF-005,SAP_S4HANA,BTP_APP,OData,SUCCESS,58.4,14.8,0
LOG-0002393,2026-08-22 14:21:36.079035,IF-005,SAP_S4HANA,BTP_APP,OData,SUCCESS,218.0,9.75,0
LOG-0003722,2026-08-22 14:24:31.079035,IF-002,SAP_S4HANA,WMS_MANHATTAN,DESADV,SUCCESS,227.8,5.49,0
LOG-0003026,2026-08-22 14:34:42.079035,IF-004,SAP_ECC,B2B_VAN_SPS,INVOIC,SUCCESS,19.2,1.16,0
LOG-0004457,2026-08-22 14:35:49.079035,IF-004,SAP_ECC,B2B_VAN_SPS,INVOIC,SUCCESS,69.2,36.45,0
LOG-0003793,2026-08-22 14:38:28.079035,IF-008,SAP_CPI,3PL_PROVIDER,DESADV,SUCCESS,44.3,26.17,0
LOG-0000974,2026-08-22 14:43:16.079035,IF-003,SAP_S4HANA,ARIBA_NETWORK,ORDRSP,SUCCESS,102.2,10.02,0
LOG-0004079,2026-08-22 15:02:44.079035,IF-001,SAP_ECC,SFDC_CRM,ORDERS,SUCCESS,32.6,93.68,0
LOG-0001656,2026-08-22 15:25:04.079035,IF-008,SAP_CPI,3PL_PROVIDER,DESADV,SUCCESS,112.1,2.51,0
LOG-0003865,2026-08-22 15:31:24.079035,IF-006,LEGACY_MAINFRAME,SAP_ECC,MATMAS,SUCCESS,201.4,32.02,0
LOG-0003015,2026-08-22 15:56:23.079035,IF-007,SAP_S4HANA,DATA_LAKE,CDC,FAILED,40.6,16.5,1
LOG-0003320,2026-08-22 15:58:20.079035,IF-005,SAP_S4HANA,BTP_APP,OData,SUCCESS,107.8,9.31,0
LOG-0004711,2026-08-22 16:01:33.079035,IF-002,SAP_S4HANA,WMS_MANHATTAN,DESADV,SUCCESS,84.0,3.18,0
LOG-0003425,2026-08-22 16:03:57.079035,IF-003,SAP_S4HANA,ARIBA_NETWORK,ORDRSP,SUCCESS,74.9,6.64,0
LOG-0003083,2026-08-22 16:05:06.079035,IF-003,SAP_S4HANA,ARIBA_NETWORK,ORDRSP,SUCCESS,120.8,3.57,0
LOG-0004322,2026-08-22 16:13:30.079035,IF-001,SAP_ECC,SFDC_CRM,ORDERS,SUCCESS,77.4,3.35,0
LOG-0004770,2026-08-22 16:14:27.079035,IF-003,SAP_S4HANA,ARIBA_NETWORK,ORDRSP,SUCCESS,36.7,9.97,0
LOG-0000806,2026-08-22 16:14:44.079035,IF-003,SAP_S4HANA,ARIBA_NETWORK,ORDRSP,FAILED,149.7,9.03,0
LOG-0002772,2026-08-22 16:16:01.079035,IF-008,SAP_CPI,3PL_PROVIDER,DESADV,TIMEOUT,58.5,28.78,2
LOG-0002118,2026-08-22 16:29:02.079035,IF-003,SAP_S4HANA,ARIBA_NETWORK,ORDRSP,SUCCESS,121.9,19.76,0
LOG-0004508,2026-08-22 17:32:32.079035,IF-008,SAP_CPI,3PL_PROVIDER,DESADV,SUCCESS,66.1,3.61,0
LOG-0000471,2026-08-22 17:36:36.079035,IF-004,SAP_ECC,B2B_VAN_SPS,INVOIC,SUCCESS,63.2,5.68,0
LOG-0002833,2026-08-22 17:37:38.079035,IF-002,SAP_S4HANA,WMS_MANHATTAN,DESADV,TIMEOUT,199.1,10.61,1
LOG-0003118,2026-08-22 17:40:37.079035,IF-008,SAP_CPI,3PL_PROVIDER,DESADV,SUCCESS,63.3,1.54,0
LOG-0002597,2026-08-22 17:46:25.079035,IF-006,LEGACY_MAINFRAME,SAP_ECC,MATMAS,FAILED,869.2,2.48,0
LOG-0001268,2026-08-22 18:19:32.079035,IF-002,SAP_S4HANA,WMS_MANHATTAN,DESADV,SUCCESS,32.2,15.09,0
LOG-0001474,2026-08-22 18:35:55.079035,IF-002,SAP_S4HANA,WMS_MANHATTAN,DESADV,FAILED,73.4,8.83,0
LOG-0000696,2026-08-22 18:37:42.079035,IF-005,SAP_S4HANA,BTP_APP,OData,SUCCESS,48.9,6.57,0
LOG-0003073,2026-08-22 18:59:03.079035,IF-005,SAP_S4HANA,BTP_APP,OData,SUCCESS,38.8,19.31,0
LOG-0001024,2026-08-22 19:02:23.079035,IF-008,SAP_CPI,3PL_PROVIDER,DESADV,SUCCESS,42.1,2.31,0
LOG-0002518,2026-08-22 19:13:30.079035,IF-003,SAP_S4HANA,ARIBA_NETWORK,ORDRSP,SUCCESS,136.2,32.9,0
LOG-0003246,2026-08-22 19:23:35.079035,IF-005,SAP_S4HANA,BTP_APP,OData,SUCCESS,29.0,5.75,0
LOG-0003408,2026-08-22 19:35:16.079035,IF-004,SAP_ECC,B2B_VAN_SPS,INVOIC,RETRY,58.4,26.12,2
LOG-0001471,2026-08-22 19:59:19.079035,IF-002,SAP_S4HANA,WMS_MANHATTAN,DESADV,SUCCESS,24.3,29.29,0
LOG-0000970,2026-08-22 20:15:03.079035,IF-002,SAP_S4HANA,WMS_MANHATTAN,DESADV,SUCCESS,82.5,3.4,0
LOG-0003908,2026-08-22 20:21:20.079035,IF-008,SAP_CPI,3PL_PROVIDER,DESADV,SUCCESS,78.0,1.78,0
LOG-0002203,2026-08-22 20:35:27.079035,IF-007,SAP_S4HANA,DATA_LAKE,CDC,RETRY,195.5,12.28,0
LOG-0003673,2026-08-22 20:39:14.079035,IF-002,SAP_S4HANA,WMS_MANHATTAN,DESADV,SUCCESS,106.3,9.68,0
LOG-0004279,2026-08-22 20:44:09.079035,IF-006,LEGACY_MAINFRAME,SAP_ECC,MATMAS,SUCCESS,269.6,6.19,0
LOG-0001635,2026-08-22 20:45:30.079035,IF-001,SAP_ECC,SFDC_CRM,ORDERS,SUCCESS,85.6,6.11,0
LOG-0004029,2026-08-22 20:46:37.079035,IF-003,SAP_S4HANA,ARIBA_NETWORK,ORDRSP,SUCCESS,83.8,11.53,0
LOG-0002005,2026-08-22 21:00:53.079035,IF-007,SAP_S4HANA,DATA_LAKE,CDC,FAILED,45.9,11.63,2
LOG-0003413,2026-08-22 21:04:10.079035,IF-003,SAP_S4HANA,ARIBA_NETWORK,ORDRSP,SUCCESS,108.3,40.36,0
LOG-0000144,2026-08-22 21:09:15.079035,IF-002,SAP_S4HANA,WMS_MANHATTAN,DESADV,SUCCESS,146.4,35.77,0
LOG-0003774,2026-08-22 21:18:12.079035,IF-004,SAP_ECC,B2B_VAN_SPS,INVOIC,SUCCESS,191.1,10.75,0
LOG-0003038,2026-08-22 21:23:03.079035,IF-001,SAP_ECC,SFDC_CRM,ORDERS,SUCCESS,98.3,10.43,0
LOG-0001597,2026-08-22 22:00:51.079035,IF-006,LEGACY_MAINFRAME,SAP_ECC,MATMAS,SUCCESS,92.6,6.64,0
LOG-0002632,2026-08-22 22:01:26.079035,IF-006,LEGACY_MAINFRAME,SAP_ECC,MATMAS,SUCCESS,24.2,23.51,0
LOG-0003253,2026-08-22 22:02:20.079035,IF-006,LEGACY_MAINFRAME,SAP_ECC,MATMAS,FAILED,49.9,18.19,3
LOG-0004238,2026-08-22 22:14:05.079035,IF-001,SAP_ECC,SFDC_CRM,ORDERS,SUCCESS,52.3,2.34,0
LOG-0002738,2026-08-22 22:21:01.079035,IF-007,SAP_S4HANA,DATA_LAKE,CDC,RETRY,63.0,1.18,1
LOG-0002679,2026-08-22 22:28:54.079035,IF-008,SAP_CPI,3PL_PROVIDER,DESADV,SUCCESS,129.8,5.03,0
LOG-0003213,2026-08-22 22:35:25.079035,IF-008,SAP_CPI,3PL_PROVIDER,DESADV,SUCCESS,56.7,1.51,0
LOG-0002221,2026-08-22 22:41:05.079035,IF-001,SAP_ECC,SFDC_CRM,ORDERS,FAILED,281.3,3.56,3
LOG-0002727,2026-08-22 22:48:21.079035,IF-006,LEGACY_MAINFRAME,SAP_ECC,MATMAS,SUCCESS,132.8,0.76,0
LOG-0002796,2026-08-22 23:09:08.079035,IF-008,SAP_CPI,3PL_PROVIDER,DESADV,RETRY,35.2,2.7,1
LOG-0002909,2026-08-22 23:11:33.079035,IF-006,LEGACY_MAINFRAME,SAP_ECC,MATMAS,SUCCESS,156.6,2.79,0
LOG-0003650,2026-08-22 23:13:21.079035,IF-004,SAP_ECC,B2B_VAN_SPS,INVOIC,SUCCESS,98.6,18.98,0
LOG-0001428,2026-08-22 23:28:22.079035,IF-007,SAP_S4HANA,DATA_LAKE,CDC,SUCCESS,24.6,2.48,0
LOG-0003591,2026-08-22 23:28:39.079035,IF-004,SAP_ECC,B2B_VAN_SPS,INVOIC,SUCCESS,30.9,4.74,0
LOG-0002250,2026-08-22 23:29:08.079035,IF-007,SAP_S4HANA,DATA_LAKE,CDC,SUCCESS,47.9,11.29,0
LOG-0000455,2026-08-22 23:31:27.079035,IF-001,SAP_ECC,SFDC_CRM,ORDERS,SUCCESS,33.2,3.7,0
LOG-0000407,2026-08-22 23:34:01.079035,IF-007,SAP_S4HANA,DATA_LAKE,CDC,SUCCESS,126.3,3.11,0
LOG-0003928,2026-08-22 23:44:27.079035,IF-007,SAP_S4HANA,DATA_LAKE,CDC,SUCCESS,70.7,10.1,0
LOG-0001073,2026-08-23 00:00:19.079035,IF-003,SAP_S4HANA,ARIBA_NETWORK,ORDRSP,SUCCESS,79.8,12.05,0
LOG-0003169,2026-08-23 00:01:35.079035,IF-006,LEGACY_MAINFRAME,SAP_ECC,MATMAS,TIMEOUT,210.1,17.61,2
LOG-0004530,2026-08-23 00:16:52.079035,IF-008,SAP_CPI,3PL_PROVIDER,DESADV,SUCCESS,117.7,15.69,0
LOG-0001467,2026-08-23 00:26:58.079035,IF-001,SAP_ECC,SFDC_CRM,ORDERS,SUCCESS,53.4,10.36,0
LOG-0001315,2026-08-23 00:30:32.079035,IF-004,SAP_ECC,B2B_VAN_SPS,INVOIC,SUCCESS,93.7,21.72,0
LOG-0000617,2026-08-23 00:54:11.079035,IF-007,SAP_S4HANA,DATA_LAKE,CDC,SUCCESS,22.3,12.09,0
LOG-0004478,2026-08-23 00:54:58.079035,IF-006,LEGACY_MAINFRAME,SAP_ECC,MATMAS,SUCCESS,191.3,1.99,0
LOG-0001661,2026-08-23 01:07:28.079035,IF-003,SAP_S4HANA,ARIBA_NETWORK,ORDRSP,SUCCESS,34.1,13.33,0
LOG-0001148,2026-08-23 01:15:29.079035,IF-001,SAP_ECC,SFDC_CRM,ORDERS,SUCCESS,80.1,2.35,0
LOG-0003036,2026-08-23 01:19:12.079035,IF-007,SAP_S4HANA,DATA_LAKE,CDC,SUCCESS,35.8,8.73,0
LOG-0003577,2026-08-23 01:26:23.079035,IF-006,LEGACY_MAINFRAME,SAP_ECC,MATMAS,SUCCESS,56.2,7.72,0
LOG-0004423,2026-08-23 01:31:01.079035,IF-006,LEGACY_MAINFRAME,SAP_ECC,MATMAS,SUCCESS,70.7,1.03,0
LOG-0004765,2026-08-23 01:34:12.079035,IF-003,SAP_S4HANA,ARIBA_NETWORK,ORDRSP,SUCCESS,66.4,2.03,0
LOG-0002588,2026-08-23 01:38:56.079035,IF-006,LEGACY_MAINFRAME,SAP_ECC,MATMAS,SUCCESS,30.8,8.95,0
LOG-0002937,2026-08-23 01:40:33.079035,IF-007,SAP_S4HANA,DATA_LAKE,CDC,SUCCESS,36.0,5.22,0
LOG-0004723,2026-08-23 01:52:08.079035,IF-008,SAP_CPI,3PL_PROVIDER,DESADV,SUCCESS,145.5,19.68,0
LOG-0003678,2026-08-23 01:53:22.079035,IF-001,SAP_ECC,SFDC_CRM,ORDERS,SUCCESS,79.1,2.59,0
LOG-0002297,2026-08-23 01:53:53.079035,IF-001,SAP_ECC,SFDC_CRM,ORDERS,SUCCESS,93.5,8.12,0
LOG-0004063,2026-08-23 01:56:41.079035,IF-001,SAP_ECC,SFDC_CRM,ORDERS,SUCCESS,289.5,11.44,0
LOG-0001803,2026-08-23 02:06:00.079035,IF-002,SAP_S4HANA,WMS_MANHATTAN,DESADV,SUCCESS,105.4,7.96,0
LOG-0000027,2026-08-23 02:20:08.079035,IF-007,SAP_S4HANA,DATA_LAKE,CDC,SUCCESS,64.7,16.04,0
LOG-0002558,2026-08-23 02:25:20.079035,IF-005,SAP_S4HANA,BTP_APP,OData,SUCCESS,129.1,8.21,0
LOG-0002557,2026-08-23 02:38:34.079035,IF-001,SAP_ECC,SFDC_CRM,ORDERS,SUCCESS,165.9,26.93,0
LOG-0000584,2026-08-23 02:41:42.079035,IF-004,SAP_ECC,B2B_VAN_SPS,INVOIC,SUCCESS,46.8,5.99,0
LOG-0003541,2026-08-23 02:44:47.079035,IF-005,SAP_S4HANA,BTP_APP,OData,SUCCESS,202.1,1.38,0
LOG-0004886,2026-08-23 02:45:55.079035,IF-003,SAP_S4HANA,ARIBA_NETWORK,ORDRSP,RETRY,189.8,5.14,3
LOG-0004096,2026-08-23 02:46:57.079035,IF-003,SAP_S4HANA,ARIBA_NETWORK,ORDRSP,SUCCESS,33.7,12.36,0
LOG-0000904,2026-08-23 02:47:07.079035,IF-002,SAP_S4HANA,WMS_MANHATTAN,DESADV,SUCCESS,290.9,4.53,0
LOG-0002546,2026-08-23 02:49:47.079035,IF-007,SAP_S4HANA,DATA_LAKE,CDC,SUCCESS,160.3,2.19,0
LOG-0003310,2026-08-23 03:14:05.079035,IF-002,SAP_S4HANA,WMS_MANHATTAN,DESADV,SUCCESS,43.1,7.23,0
LOG-0004111,2026-08-23 03:19:11.079035,IF-008,SAP_CPI,3PL_PROVIDER,DESADV,RETRY,48.7,1.89,3
LOG-0000667,2026-08-23 03:27:21.079035,IF-001,SAP_ECC,SFDC_CRM,ORDERS,SUCCESS,45.3,8.79,0
LOG-0003066,2026-08-23 03:34:26.079035,IF-004,SAP_ECC,B2B_VAN_SPS,INVOIC,SUCCESS,95.4,11.07,0
LOG-0003435,2026-08-23 03:36:27.079035,IF-003,SAP_S4HANA,ARIBA_NETWORK,ORDRSP,SUCCESS,58.8,3.19,0
LOG-0003762,2026-08-23 03:47:06.079035,IF-003,SAP_S4HANA,ARIBA_NETWORK,ORDRSP,SUCCESS,63.8,21.08,0
LOG-0001169,2026-08-23 03:55:22.079035,IF-006,LEGACY_MAINFRAME,SAP_ECC,MATMAS,SUCCESS,79.6,7.35,0
LOG-0004282,2026-08-23 04:10:03.079035,IF-006,LEGACY_MAINFRAME,SAP_ECC,MATMAS,SUCCESS,50.4,14.91,0
LOG-0000938,2026-08-23 04:10:17.079035,IF-007,SAP_S4HANA,DATA_LAKE,CDC,SUCCESS,56.8,4.17,0
LOG-0002049,2026-08-23 04:14:38.079035,IF-007,SAP_S4HANA,DATA_LAKE,CDC,SUCCESS,247.5,2.41,0
LOG-0000244,2026-08-23 04:21:37.079035,IF-007,SAP_S4HANA,DATA_LAKE,CDC,SUCCESS,60.3,2.34,0
LOG-0003518,2026-08-23 04:30:33.079035,IF-003,SAP_S4HANA,ARIBA_NETWORK,ORDRSP,SUCCESS,118.1,4.49,0
LOG-0000931,2026-08-23 04:44:21.079035,IF-003,SAP_S4HANA,ARIBA_NETWORK,ORDRSP,SUCCESS,69.1,12.3,0
LOG-0000398,2026-08-23 05:10:24.079035,IF-008,SAP_CPI,3PL_PROVIDER,DESADV,SUCCESS,77.9,13.94,0
LOG-0001444,2026-08-23 05:18:20.079035,IF-007,SAP_S4HANA,DATA_LAKE,CDC,SUCCESS,36.2,6.2,0
LOG-0002607,2026-08-23 05:21:49.079035,IF-002,SAP_S4HANA,WMS_MANHATTAN,DESADV,SUCCESS,69.5,11.06,0
LOG-0004916,2026-08-23 05:24:16.079035,IF-004,SAP_ECC,B2B_VAN_SPS,INVOIC,SUCCESS,146.4,6.96,0
LOG-0004634,2026-08-23 05:25:43.079035,IF-005,SAP_S4HANA,BTP_APP,OData,SUCCESS,55.3,11.86,0
LOG-0001553,2026-08-23 05:31:13.079035,IF-007,SAP_S4HANA,DATA_LAKE,CDC,SUCCESS,135.1,5.08,0
LOG-0004839,2026-08-23 05:41:19.079035,IF-007,SAP_S4HANA,DATA_LAKE,CDC,SUCCESS,80.8,110.41,0
LOG-0000668,2026-08-23 05:41:20.079035,IF-006,LEGACY_MAINFRAME,SAP_ECC,MATMAS,SUCCESS,41.0,2.66,0
LOG-0000401,2026-08-23 05:55:33.079035,IF-004,SAP_ECC,B2B_VAN_SPS,INVOIC,RETRY,65.9,25.33,0
LOG-0001414,2026-08-23 05:55:53.079035,IF-007,SAP_S4HANA,DATA_LAKE,CDC,SUCCESS,24.8,1.85,0
LOG-0001383,2026-08-23 06:02:33.079035,IF-005,SAP_S4HANA,BTP_APP,OData,SUCCESS,124.9,3.72,0
LOG-0003424,2026-08-23 06:16:06.079035,IF-002,SAP_S4HANA,WMS_MANHATTAN,DESADV,SUCCESS,95.0,8.84,0
LOG-0003185,2026-08-23 06:28:01.079035,IF-007,SAP_S4HANA,DATA_LAKE,CDC,SUCCESS,71.6,9.34,0
LOG-0002331,2026-08-23 06:29:33.079035,IF-007,SAP_S4HANA,DATA_LAKE,CDC,SUCCESS,126.9,15.71,0
LOG-0002927,2026-08-23 06:34:03.079035,IF-003,SAP_S4HANA,ARIBA_NETWORK,ORDRSP,SUCCESS,38.1,38.18,0
LOG-0003662,2026-08-23 06:36:18.079035,IF-005,SAP_S4HANA,BTP_APP,OData,SUCCESS,36.9,3.21,0
LOG-0002443,2026-08-23 06:46:27.079035,IF-001,SAP_ECC,SFDC_CRM,ORDERS,SUCCESS,44.8,4.38,0
LOG-0004836,2026-08-23 06:47:16.079035,IF-001,SAP_ECC,SFDC_CRM,ORDERS,SUCCESS,35.0,8.43,0
LOG-0003771,2026-08-23 06:49:10.079035,IF-002,SAP_S4HANA,WMS_MANHATTAN,DESADV,SUCCESS,67.0,1.94,0
LOG-0002536,2026-08-23 06:58:49.079035,IF-002,SAP_S4HANA,WMS_MANHATTAN,DESADV,SUCCESS,43.8,11.23,0
LOG-0001923,2026-08-23 07:08:13.079035,IF-001,SAP_ECC,SFDC_CRM,ORDERS,SUCCESS,81.3,2.43,0
LOG-0002634,2026-08-23 07:10:14.079035,IF-006,LEGACY_MAINFRAME,SAP_ECC,MATMAS,SUCCESS,73.8,2.66,0
LOG-0001263,2026-08-23 07:13:05.079035,IF-005,SAP_S4HANA,BTP_APP,OData,SUCCESS,276.9,9.75,0
LOG-0002169,2026-08-23 07:16:15.079035,IF-002,SAP_S4HANA,WMS_MANHATTAN,DESADV,SUCCESS,50.5,3.73,0
LOG-0002168,2026-08-23 07:40:30.079035,IF-005,SAP_S4HANA,BTP_APP,OData,SUCCESS,53.7,17.74,0
LOG-0003276,2026-08-23 07:41:44.079035,IF-007,SAP_S4HANA,DATA_LAKE,CDC,SUCCESS,124.2,15.86,0
LOG-0001865,2026-08-23 07:42:11.079035,IF-008,SAP_CPI,3PL_PROVIDER,DESADV,SUCCESS,44.3,4.03,0
LOG-0000557,2026-08-23 07:42:28.079035,IF-008,SAP_CPI,3PL_PROVIDER,DESADV,SUCCESS,39.9,32.0,0
LOG-0001154,2026-08-23 07:49:13.079035,IF-008,SAP_CPI,3PL_PROVIDER,DESADV,SUCCESS,100.7,13.33,0
LOG-0004038,2026-08-23 08:03:52.079035,IF-003,SAP_S4HANA,ARIBA_NETWORK,ORDRSP,SUCCESS,104.7,13.38,0
LOG-0000818,2026-08-23 08:07:08.079035,IF-003,SAP_S4HANA,ARIBA_NETWORK,ORDRSP,SUCCESS,41.6,6.32,0
LOG-0004745,2026-08-23 08:29:25.079035,IF-002,SAP_S4HANA,WMS_MANHATTAN,DESADV,SUCCESS,100.8,7.86,0
LOG-0000925,2026-08-23 08:42:10.079035,IF-004,SAP_ECC,B2B_VAN_SPS,INVOIC,FAILED,82.1,8.55,1
LOG-0000790,2026-08-23 08:50:24.079035,IF-006,LEGACY_MAINFRAME,SAP_ECC,MATMAS,RETRY,13.8,7.74,3
LOG-0001796,2026-08-23 09:07:42.079035,IF-003,SAP_S4HANA,ARIBA_NETWORK,ORDRSP,SUCCESS,51.3,1.77,0
LOG-0001007,2026-08-23 09:08:22.079035,IF-001,SAP_ECC,SFDC_CRM,ORDERS,SUCCESS,87.1,11.08,0
LOG-0003869,2026-08-23 09:08:29.079035,IF-003,SAP_S4HANA,ARIBA_NETWORK,ORDRSP,SUCCESS,28.6,14.25,0
LOG-0001641,2026-08-23 09:38:32.079035,IF-005,SAP_S4HANA,BTP_APP,OData,SUCCESS,27.2,15.78,0
LOG-0004934,2026-08-23 09:40:02.079035,IF-005,SAP_S4HANA,BTP_APP,OData,SUCCESS,46.7,3.22,0
LOG-0003447,2026-08-23 09:44:22.079035,IF-003,SAP_S4HANA,ARIBA_NETWORK,ORDRSP,SUCCESS,282.2,13.57,0
LOG-0002159,2026-08-23 09:47:52.079035,IF-004,SAP_ECC,B2B_VAN_SPS,INVOIC,SUCCESS,106.9,58.85,0
LOG-0003787,2026-08-23 10:00:24.079035,IF-004,SAP_ECC,B2B_VAN_SPS,INVOIC,SUCCESS,59.4,11.38,0
LOG-0004725,2026-08-23 10:24:05.079035,IF-005,SAP_S4HANA,BTP_APP,OData,SUCCESS,81.7,6.02,0
LOG-0004484,2026-08-23 10:29:10.079035,IF-003,SAP_S4HANA,ARIBA_NETWORK,ORDRSP,SUCCESS,49.2,6.47,0
LOG-0001873,2026-08-23 10:31:00.079035,IF-003,SAP_S4HANA,ARIBA_NETWORK,ORDRSP,SUCCESS,32.1,10.46,0
LOG-0004264,2026-08-23 10:44:46.079035,IF-004,SAP_ECC,B2B_VAN_SPS,INVOIC,SUCCESS,121.2,0.95,0
LOG-0002381,2026-08-23 10:48:42.079035,IF-006,LEGACY_MAINFRAME,SAP_ECC,MATMAS,SUCCESS,88.7,4.97,0
LOG-0003116,2026-08-23 10:51:06.079035,IF-002,SAP_S4HANA,WMS_MANHATTAN,DESADV,SUCCESS,31.5,3.49,0
LOG-0004474,2026-08-23 10:58:34.079035,IF-008,SAP_CPI,3PL_PROVIDER,DESADV,SUCCESS,92.5,2.74,0
LOG-0003664,2026-08-23 11:08:08.079035,IF-005,SAP_S4HANA,BTP_APP,OData,SUCCESS,54.5,5.44,0
LOG-0002418,2026-08-23 11:27:54.079035,IF-001,SAP_ECC,SFDC_CRM,ORDERS,FAILED,178.5,15.85,2
LOG-0001343,2026-08-23 11:29:03.079035,IF-002,SAP_S4HANA,WMS_MANHATTAN,DESADV,SUCCESS,155.1,3.52,0
LOG-0004303,2026-08-23 11:37:53.079035,IF-003,SAP_S4HANA,ARIBA_NETWORK,ORDRSP,TIMEOUT,36.6,23.4,0
LOG-0002657,2026-08-23 11:38:42.079035,IF-003,SAP_S4HANA,ARIBA_NETWORK,ORDRSP,FAILED,21.6,12.24,3
LOG-0003576,2026-08-23 11:50:10.079035,IF-008,SAP_CPI,3PL_PROVIDER,DESADV,SUCCESS,64.6,11.56,0
LOG-0000946,2026-08-23 11:51:01.079035,IF-008,SAP_CPI,3PL_PROVIDER,DESADV,RETRY,61.5,9.75,3
LOG-0001623,2026-08-23 12:24:37.079035,IF-002,SAP_S4HANA,WMS_MANHATTAN,DESADV,SUCCESS,95.3,8.1,0
LOG-0000459,2026-08-23 12:29:44.079035,IF-002,SAP_S4HANA,WMS_MANHATTAN,DESADV,SUCCESS,58.7,52.45,0
LOG-0003862,2026-08-23 12:34:10.079035,IF-005,SAP_S4HANA,BTP_APP,OData,SUCCESS,45.5,37.59,0
LOG-0003566,2026-08-23 12:37:45.079035,IF-004,SAP_ECC,B2B_VAN_SPS,INVOIC,SUCCESS,85.0,15.25,0
LOG-0002523,2026-08-23 12:49:46.079035,IF-005,SAP_S4HANA,BTP_APP,OData,SUCCESS,118.5,10.57,0
LOG-0003398,2026-08-23 13:13:43.079035,IF-005,SAP_S4HANA,BTP_APP,OData,SUCCESS,93.0,4.8,0
LOG-0001099,2026-08-23 13:18:32.079035,IF-002,SAP_S4HANA,WMS_MANHATTAN,DESADV,SUCCESS,82.6,9.42,0
LOG-0003729,2026-08-23 13:27:49.079035,IF-006,LEGACY_MAINFRAME,SAP_ECC,MATMAS,SUCCESS,48.9,5.75,0
LOG-0000547,2026-08-23 13:40:42.079035,IF-005,SAP_S4HANA,BTP_APP,OData,SUCCESS,240.9,19.36,0
LOG-0002364,2026-08-23 13:45:57.079035,IF-004,SAP_ECC,B2B_VAN_SPS,INVOIC,SUCCESS,64.0,49.03,0
LOG-0002445,2026-08-23 13:47:02.079035,IF-008,SAP_CPI,3PL_PROVIDER,DESADV,SUCCESS,153.0,14.51,0
LOG-0000553,2026-08-23 13:48:41.079035,IF-004,SAP_ECC,B2B_VAN_SPS,INVOIC,SUCCESS,216.7,5.64,0
LOG-0003826,2026-08-23 13:54:25.079035,IF-007,SAP_S4HANA,DATA_LAKE,CDC,SUCCESS,41.3,4.41,0
LOG-0001018,2026-08-23 14:03:33.079035,IF-007,SAP_S4HANA,DATA_LAKE,CDC,TIMEOUT,105.4,10.63,3
LOG-0000231,2026-08-23 14:06:31.079035,IF-001,SAP_ECC,SFDC_CRM,ORDERS,SUCCESS,72.6,5.48,0
LOG-0003040,2026-08-23 14:10:14.079035,IF-001,SAP_ECC,SFDC_CRM,ORDERS,SUCCESS,175.2,15.83,0
LOG-0000077,2026-08-23 14:10:50.079035,IF-003,SAP_S4HANA,ARIBA_NETWORK,ORDRSP,SUCCESS,175.2,9.7,0
LOG-0000338,2026-08-23 14:20:56.079035,IF-004,SAP_ECC,B2B_VAN_SPS,INVOIC,SUCCESS,102.1,0.97,0
LOG-0001095,2026-08-23 14:20:57.079035,IF-007,SAP_S4HANA,DATA_LAKE,CDC,SUCCESS,53.9,25.64,0
LOG-0001901,2026-08-23 14:23:34.079035,IF-002,SAP_S4HANA,WMS_MANHATTAN,DESADV,RETRY,44.4,4.14,2
LOG-0004568,2026-08-23 14:23:39.079035,IF-003,SAP_S4HANA,ARIBA_NETWORK,ORDRSP,SUCCESS,61.6,3.32,0
LOG-0002209,2026-08-23 14:23:43.079035,IF-004,SAP_ECC,B2B_VAN_SPS,INVOIC,SUCCESS,77.4,67.85,0
LOG-0001562,2026-08-23 14:47:46.079035,IF-005,SAP_S4HANA,BTP_APP,OData,RETRY,1115.6,1.21,3
LOG-0000586,2026-08-23 14:54:38.079035,IF-003,SAP_S4HANA,ARIBA_NETWORK,ORDRSP,RETRY,147.5,2.75,1
LOG-0003059,2026-08-23 14:56:14.079035,IF-001,SAP_ECC,SFDC_CRM,ORDERS,SUCCESS,50.2,11.99,0
LOG-0002705,2026-08-23 14:58:21.079035,IF-006,LEGACY_MAINFRAME,SAP_ECC,MATMAS,SUCCESS,18.1,5.22,0
LOG-0001821,2026-08-23 15:07:32.079035,IF-008,SAP_CPI,3PL_PROVIDER,DESADV,SUCCESS,118.5,25.16,0
LOG-0000924,2026-08-23 15:20:40.079035,IF-008,SAP_CPI,3PL_PROVIDER,DESADV,SUCCESS,109.4,10.65,0
LOG-0002810,2026-08-23 15:56:42.079035,IF-008,SAP_CPI,3PL_PROVIDER,DESADV,SUCCESS,85.1,4.43,0
LOG-0003211,2026-08-23 15:57:58.079035,IF-008,SAP_CPI,3PL_PROVIDER,DESADV,SUCCESS,17.3,6.95,0
LOG-0001712,2026-08-23 16:02:17.079035,IF-005,SAP_S4HANA,BTP_APP,OData,TIMEOUT,125.9,8.95,0
LOG-0004754,2026-08-23 16:20:08.079035,IF-001,SAP_ECC,SFDC_CRM,ORDERS,SUCCESS,33.3,2.4,0
LOG-0000551,2026-08-23 16:25:38.079035,IF-006,LEGACY_MAINFRAME,SAP_ECC,MATMAS,FAILED,76.4,19.55,3
LOG-0003607,2026-08-23 16:30:28.079035,IF-004,SAP_ECC,B2B_VAN_SPS,INVOIC,SUCCESS,66.5,7.79,0
LOG-0000367,2026-08-23 16:48:16.079035,IF-008,SAP_CPI,3PL_PROVIDER,DESADV,FAILED,63.7,9.04,3
LOG-0003269,2026-08-23 17:02:11.079035,IF-008,SAP_CPI,3PL_PROVIDER,DESADV,SUCCESS,92.7,4.45,0
LOG-0002664,2026-08-23 17:16:06.079035,IF-001,SAP_ECC,SFDC_CRM,ORDERS,FAILED,72.0,1.67,3
LOG-0003789,2026-08-23 17:26:12.079035,IF-005,SAP_S4HANA,BTP_APP,OData,SUCCESS,28.9,12.96,0
LOG-0000333,2026-08-23 17:26:59.079035,IF-002,SAP_S4HANA,WMS_MANHATTAN,DESADV,SUCCESS,329.7,3.23,0
LOG-0001413,2026-08-23 17:31:25.079035,IF-002,SAP_S4HANA,WMS_MANHATTAN,DESADV,SUCCESS,28.7,6.93,0
LOG-0002442,2026-08-23 17:36:00.079035,IF-001,SAP_ECC,SFDC_CRM,ORDERS,SUCCESS,205.5,16.28,0
LOG-0003507,2026-08-23 17:51:50.079035,IF-007,SAP_S4HANA,DATA_LAKE,CDC,SUCCESS,100.8,22.52,0
LOG-0000241,2026-08-23 18:02:24.079035,IF-006,LEGACY_MAINFRAME,SAP_ECC,MATMAS,SUCCESS,90.2,37.95,0
LOG-0003360,2026-08-23 18:02:32.079035,IF-006,LEGACY_MAINFRAME,SAP_ECC,MATMAS,SUCCESS,51.4,5.07,0
LOG-0002121,2026-08-23 18:02:50.079035,IF-007,SAP_S4HANA,DATA_LAKE,CDC,SUCCESS,79.7,6.32,0
LOG-0001327,2026-08-23 18:23:18.079035,IF-006,LEGACY_MAINFRAME,SAP_ECC,MATMAS,SUCCESS,44.8,3.81,0
LOG-0003331,2026-08-23 18:33:52.079035,IF-002,SAP_S4HANA,WMS_MANHATTAN,DESADV,SUCCESS,97.2,18.68,0
LOG-0001906,2026-08-23 18:40:04.079035,IF-006,LEGACY_MAINFRAME,SAP_ECC,MATMAS,SUCCESS,46.7,5.93,0
LOG-0001657,2026-08-23 18:43:47.079035,IF-005,SAP_S4HANA,BTP_APP,OData,SUCCESS,56.6,14.75,0
LOG-0002010,2026-08-23 18:44:33.079035,IF-002,SAP_S4HANA,WMS_MANHATTAN,DESADV,SUCCESS,28.9,14.57,0
LOG-0003702,2026-08-23 19:06:11.079035,IF-001,SAP_ECC,SFDC_CRM,ORDERS,SUCCESS,97.4,19.96,0
LOG-0002842,2026-08-23 19:13:01.079035,IF-008,SAP_CPI,3PL_PROVIDER,DESADV,SUCCESS,35.8,24.8,0
LOG-0002876,2026-08-23 19:45:14.079035,IF-004,SAP_ECC,B2B_VAN_SPS,INVOIC,SUCCESS,26.4,24.84,0
LOG-0004826,2026-08-23 19:50:50.079035,IF-007,SAP_S4HANA,DATA_LAKE,CDC,SUCCESS,93.1,16.61,0
LOG-0004247,2026-08-23 20:00:54.079035,IF-004,SAP_ECC,B2B_VAN_SPS,INVOIC,SUCCESS,207.4,1.3,0
LOG-0004067,2026-08-23 20:03:07.079035,IF-006,LEGACY_MAINFRAME,SAP_ECC,MATMAS,SUCCESS,73.2,3.58,0
LOG-0003644,2026-08-23 20:37:15.079035,IF-002,SAP_S4HANA,WMS_MANHATTAN,DESADV,SUCCESS,111.9,9.11,0
LOG-0001806,2026-08-23 20:37:47.079035,IF-002,SAP_S4HANA,WMS_MANHATTAN,DESADV,SUCCESS,110.0,2.25,0
LOG-0001954,2026-08-23 21:00:25.079035,IF-008,SAP_CPI,3PL_PROVIDER,DESADV,FAILED,71.1,6.4,2
LOG-0001785,2026-08-23 21:02:35.079035,IF-007,SAP_S4HANA,DATA_LAKE,CDC,SUCCESS,161.0,26.81,0
LOG-0002621,2026-08-23 21:06:42.079035,IF-008,SAP_CPI,3PL_PROVIDER,DESADV,SUCCESS,55.3,7.1,0
LOG-0003755,2026-08-23 21:09:58.079035,IF-007,SAP_S4HANA,DATA_LAKE,CDC,SUCCESS,240.9,13.3,0
LOG-0001858,2026-08-23 21:10:10.079035,IF-007,SAP_S4HANA,DATA_LAKE,CDC,SUCCESS,91.5,10.32,0
LOG-0001133,2026-08-23 21:22:10.079035,IF-005,SAP_S4HANA,BTP_APP,OData,SUCCESS,75.2,10.25,0
LOG-0000813,2026-08-23 21:24:32.079035,IF-001,SAP_ECC,SFDC_CRM,ORDERS,RETRY,140.9,4.14,0
LOG-0001934,2026-08-23 21:33:14.079035,IF-004,SAP_ECC,B2B_VAN_SPS,INVOIC,SUCCESS,63.8,5.25,0
LOG-0003972,2026-08-23 21:33:55.079035,IF-006,LEGACY_MAINFRAME,SAP_ECC,MATMAS,SUCCESS,89.1,6.21,0
LOG-0004219,2026-08-23 22:10:36.079035,IF-001,SAP_ECC,SFDC_CRM,ORDERS,SUCCESS,48.9,6.19,0
LOG-0003462,2026-08-23 22:11:34.079035,IF-001,SAP_ECC,SFDC_CRM,ORDERS,SUCCESS,94.8,19.55,0
LOG-0004945,2026-08-23 22:22:21.079035,IF-002,SAP_S4HANA,WMS_MANHATTAN,DESADV,TIMEOUT,77.2,4.79,2
LOG-0004798,2026-08-23 22:24:15.079035,IF-001,SAP_ECC,SFDC_CRM,ORDERS,SUCCESS,84.6,9.21,0
LOG-0004949,2026-08-23 22:28:23.079035,IF-004,SAP_ECC,B2B_VAN_SPS,INVOIC,TIMEOUT,527.6,7.77,2
LOG-0002097,2026-08-23 22:32:18.079035,IF-002,SAP_S4HANA,WMS_MANHATTAN,DESADV,SUCCESS,143.2,2.93,0
LOG-0000578,2026-08-23 22:34:57.079035,IF-001,SAP_ECC,SFDC_CRM,ORDERS,SUCCESS,46.2,5.26,0
LOG-0003514,2026-08-23 22:35:22.079035,IF-002,SAP_S4HANA,WMS_MANHATTAN,DESADV,SUCCESS,83.9,4.68,0
LOG-0004606,2026-08-23 22:44:20.079035,IF-006,LEGACY_MAINFRAME,SAP_ECC,MATMAS,SUCCESS,131.0,54.2,0
LOG-0004791,2026-08-23 22:49:16.079035,IF-004,SAP_ECC,B2B_VAN_SPS,INVOIC,SUCCESS,41.1,0.99,0
LOG-0003394,2026-08-23 22:54:57.079035,IF-003,SAP_S4HANA,ARIBA_NETWORK,ORDRSP,SUCCESS,82.6,5.12,0
LOG-0002985,2026-08-23 22:55:01.079035,IF-004,SAP_ECC,B2B_VAN_SPS,INVOIC,SUCCESS,55.1,0.97,0
LOG-0003163,2026-08-23 22:55:16.079035,IF-004,SAP_ECC,B2B_VAN_SPS,INVOIC,RETRY,85.0,17.72,1
LOG-0001368,2026-08-23 23:07:16.079035,IF-007,SAP_S4HANA,DATA_LAKE,CDC,SUCCESS,99.6,16.55,0
LOG-0001223,2026-08-23 23:09:18.079035,IF-006,LEGACY_MAINFRAME,SAP_ECC,MATMAS,SUCCESS,122.1,3.62,0
LOG-0000483,2026-08-23 23:22:52.079035,IF-001,SAP_ECC,SFDC_CRM,ORDERS,SUCCESS,44.7,4.6,0
LOG-0001735,2026-08-23 23:25:39.079035,IF-006,LEGACY_MAINFRAME,SAP_ECC,MATMAS,SUCCESS,48.9,20.01,0
LOG-0000967,2026-08-23 23:28:50.079035,IF-004,SAP_ECC,B2B_VAN_SPS,INVOIC,SUCCESS,27.9,2.41,0
LOG-0003028,2026-08-23 23:33:15.079035,IF-006,LEGACY_MAINFRAME,SAP_ECC,MATMAS,FAILED,208.5,27.23,2
LOG-0001084,2026-08-23 23:36:47.079035,IF-001,SAP_ECC,SFDC_CRM,ORDERS,SUCCESS,65.9,1.6,0
LOG-0001863,2026-08-23 23:42:09.079035,IF-002,SAP_S4HANA,WMS_MANHATTAN,DESADV,SUCCESS,56.7,4.04,0
LOG-0001174,2026-08-23 23:49:08.079035,IF-006,LEGACY_MAINFRAME,SAP_ECC,MATMAS,SUCCESS,65.8,7.3,0
LOG-0003077,2026-08-24 00:19:52.079035,IF-008,SAP_CPI,3PL_PROVIDER,DESADV,SUCCESS,65.4,11.48,0
LOG-0003369,2026-08-24 00:22:37.079035,IF-001,SAP_ECC,SFDC_CRM,ORDERS,SUCCESS,76.3,4.14,0
LOG-0001398,2026-08-24 00:31:25.079035,IF-002,SAP_S4HANA,WMS_MANHATTAN,DESADV,SUCCESS,36.2,5.97,0
LOG-0001618,2026-08-24 00:31:33.079035,IF-003,SAP_S4HANA,ARIBA_NETWORK,ORDRSP,SUCCESS,106.4,0.79,0
LOG-0002752,2026-08-24 00:35:49.079035,IF-005,SAP_S4HANA,BTP_APP,OData,SUCCESS,49.4,10.06,0
LOG-0000371,2026-08-24 00:47:42.079035,IF-004,SAP_ECC,B2B_VAN_SPS,INVOIC,SUCCESS,56.1,1.54,0
LOG-0000226,2026-08-24 01:10:04.079035,IF-001,SAP_ECC,SFDC_CRM,ORDERS,TIMEOUT,46.1,5.22,2
LOG-0002018,2026-08-24 01:11:56.079035,IF-007,SAP_S4HANA,DATA_LAKE,CDC,SUCCESS,78.1,16.49,0
LOG-0001291,2026-08-24 01:17:08.079035,IF-002,SAP_S4HANA,WMS_MANHATTAN,DESADV,SUCCESS,53.9,14.06,0
LOG-0004083,2026-08-24 01:23:56.079035,IF-003,SAP_S4HANA,ARIBA_NETWORK,ORDRSP,SUCCESS,21.4,13.96,0
LOG-0001371,2026-08-24 01:55:16.079035,IF-004,SAP_ECC,B2B_VAN_SPS,INVOIC,RETRY,89.7,0.34,3
LOG-0004078,2026-08-24 01:56:04.079035,IF-001,SAP_ECC,SFDC_CRM,ORDERS,FAILED,31.1,26.48,3
LOG-0002268,2026-08-24 01:56:18.079035,IF-002,SAP_S4HANA,WMS_MANHATTAN,DESADV,SUCCESS,78.1,14.63,0
LOG-0002652,2026-08-24 02:32:29.079035,IF-002,SAP_S4HANA,WMS_MANHATTAN,DESADV,SUCCESS,68.0,13.69,0
LOG-0001039,2026-08-24 02:36:56.079035,IF-006,LEGACY_MAINFRAME,SAP_ECC,MATMAS,RETRY,105.4,5.16,1
LOG-0001289,2026-08-24 02:47:02.079035,IF-001,SAP_ECC,SFDC_CRM,ORDERS,SUCCESS,32.2,9.17,0
LOG-0001768,2026-08-24 02:56:57.079035,IF-007,SAP_S4HANA,DATA_LAKE,CDC,SUCCESS,52.2,11.32,0
LOG-0002859,2026-08-24 02:58:56.079035,IF-008,SAP_CPI,3PL_PROVIDER,DESADV,SUCCESS,32.5,14.2,0
LOG-0000907,2026-08-24 03:17:20.079035,IF-004,SAP_ECC,B2B_VAN_SPS,INVOIC,SUCCESS,41.8,3.75,0
LOG-0003770,2026-08-24 03:39:24.079035,IF-005,SAP_S4HANA,BTP_APP,OData,SUCCESS,34.0,59.62,0
LOG-0001541,2026-08-24 03:40:21.079035,IF-008,SAP_CPI,3PL_PROVIDER,DESADV,SUCCESS,60.3,32.24,0
LOG-0000916,2026-08-24 03:43:33.079035,IF-004,SAP_ECC,B2B_VAN_SPS,INVOIC,SUCCESS,63.4,9.35,0
LOG-0003144,2026-08-24 03:50:16.079035,IF-003,SAP_S4HANA,ARIBA_NETWORK,ORDRSP,SUCCESS,95.8,2.49,0
LOG-0000692,2026-08-24 03:57:39.079035,IF-004,SAP_ECC,B2B_VAN_SPS,INVOIC,SUCCESS,23.4,6.46,0
LOG-0001204,2026-08-24 04:23:02.079035,IF-001,SAP_ECC,SFDC_CRM,ORDERS,SUCCESS,68.1,6.22,0
LOG-0003146,2026-08-24 04:37:46.079035,IF-001,SAP_ECC,SFDC_CRM,ORDERS,SUCCESS,74.0,7.88,0
LOG-0000251,2026-08-24 04:42:52.079035,IF-004,SAP_ECC,B2B_VAN_SPS,INVOIC,SUCCESS,45.9,2.29,0
LOG-0002531,2026-08-24 05:04:55.079035,IF-006,LEGACY_MAINFRAME,SAP_ECC,MATMAS,SUCCESS,38.0,49.85,0
LOG-0003034,2026-08-24 05:14:01.079035,IF-005,SAP_S4HANA,BTP_APP,OData,SUCCESS,97.5,8.87,0
LOG-0001686,2026-08-24 05:19:11.079035,IF-008,SAP_CPI,3PL_PROVIDER,DESADV,SUCCESS,76.5,3.75,0
LOG-0002884,2026-08-24 05:44:28.079035,IF-006,LEGACY_MAINFRAME,SAP_ECC,MATMAS,SUCCESS,26.4,3.3,0
LOG-0000759,2026-08-24 05:52:21.079035,IF-005,SAP_S4HANA,BTP_APP,OData,SUCCESS,27.1,18.24,0
LOG-0004978,2026-08-24 05:52:51.079035,IF-001,SAP_ECC,SFDC_CRM,ORDERS,SUCCESS,99.7,30.01,0
LOG-0003404,2026-08-24 05:55:33.079035,IF-001,SAP_ECC,SFDC_CRM,ORDERS,SUCCESS,49.3,26.65,0
LOG-0003288,2026-08-24 05:55:35.079035,IF-001,SAP_ECC,SFDC_CRM,ORDERS,SUCCESS,17.1,1.83,0
LOG-0002748,2026-08-24 06:10:29.079035,IF-002,SAP_S4HANA,WMS_MANHATTAN,DESADV,SUCCESS,156.9,5.99,0
LOG-0002944,2026-08-24 06:23:39.079035,IF-001,SAP_ECC,SFDC_CRM,ORDERS,SUCCESS,71.0,24.64,0
LOG-0000736,2026-08-24 06:41:41.079035,IF-004,SAP_ECC,B2B_VAN_SPS,INVOIC,SUCCESS,57.4,1.22,0
LOG-0001530,2026-08-24 06:50:58.079035,IF-002,SAP_S4HANA,WMS_MANHATTAN,DESADV,SUCCESS,137.9,9.93,0
LOG-0003397,2026-08-24 06:56:25.079035,IF-003,SAP_S4HANA,ARIBA_NETWORK,ORDRSP,SUCCESS,154.9,2.96,0
LOG-0000237,2026-08-24 07:06:46.079035,IF-002,SAP_S4HANA,WMS_MANHATTAN,DESADV,SUCCESS,54.2,1.35,0
LOG-0003481,2026-08-24 07:34:18.079035,IF-006,LEGACY_MAINFRAME,SAP_ECC,MATMAS,SUCCESS,43.4,2.06,0
LOG-0002598,2026-08-24 07:37:07.079035,IF-002,SAP_S4HANA,WMS_MANHATTAN,DESADV,SUCCESS,34.7,5.07,0
LOG-0004217,2026-08-24 07:48:46.079035,IF-003,SAP_S4HANA,ARIBA_NETWORK,ORDRSP,SUCCESS,120.2,12.29,0
LOG-0000794,2026-08-24 07:56:25.079035,IF-007,SAP_S4HANA,DATA_LAKE,CDC,SUCCESS,58.6,37.91,0
LOG-0001544,2026-08-24 08:03:13.079035,IF-001,SAP_ECC,SFDC_CRM,ORDERS,SUCCESS,73.8,6.31,0
LOG-0001683,2026-08-24 08:04:07.079035,IF-001,SAP_ECC,SFDC_CRM,ORDERS,SUCCESS,50.4,4.55,0
LOG-0003387,2026-08-24 08:04:31.079035,IF-003,SAP_S4HANA,ARIBA_NETWORK,ORDRSP,SUCCESS,86.5,14.75,0
LOG-0001055,2026-08-24 08:06:34.079035,IF-007,SAP_S4HANA,DATA_LAKE,CDC,SUCCESS,57.8,4.11,0
LOG-0000319,2026-08-24 08:07:32.079035,IF-003,SAP_S4HANA,ARIBA_NETWORK,ORDRSP,SUCCESS,202.8,1.86,0
LOG-0004061,2026-08-24 08:16:58.079035,IF-006,LEGACY_MAINFRAME,SAP_ECC,MATMAS,SUCCESS,233.9,7.41,0
LOG-0000693,2026-08-24 08:17:02.079035,IF-001,SAP_ECC,SFDC_CRM,ORDERS,SUCCESS,117.2,8.7,0
LOG-0002319,2026-08-24 08:29:39.079035,IF-008,SAP_CPI,3PL_PROVIDER,DESADV,SUCCESS,71.3,3.92,0
LOG-0003584,2026-08-24 08:42:30.079035,IF-005,SAP_S4HANA,BTP_APP,OData,SUCCESS,37.7,2.33,0
LOG-0000256,2026-08-24 08:44:49.079035,IF-008,SAP_CPI,3PL_PROVIDER,DESADV,SUCCESS,73.1,23.49,0
LOG-0000302,2026-08-24 08:50:13.079035,IF-003,SAP_S4HANA,ARIBA_NETWORK,ORDRSP,SUCCESS,30.5,14.69,0
LOG-0000037,2026-08-24 09:09:24.079035,IF-007,SAP_S4HANA,DATA_LAKE,CDC,SUCCESS,51.4,9.38,0
LOG-0001189,2026-08-24 09:10:58.079035,IF-006,LEGACY_MAINFRAME,SAP_ECC,MATMAS,SUCCESS,48.8,2.62,0
LOG-0000645,2026-08-24 09:28:17.079035,IF-001,SAP_ECC,SFDC_CRM,ORDERS,SUCCESS,68.3,31.13,0
LOG-0003062,2026-08-24 09:34:16.079035,IF-004,SAP_ECC,B2B_VAN_SPS,INVOIC,FAILED,80.4,19.28,1
LOG-0000079,2026-08-24 09:46:49.079035,IF-005,SAP_S4HANA,BTP_APP,OData,SUCCESS,1335.5,11.25,0
LOG-0002956,2026-08-24 09:57:16.079035,IF-005,SAP_S4HANA,BTP_APP,OData,SUCCESS,42.0,4.22,0
LOG-0003050,2026-08-24 10:39:14.079035,IF-006,LEGACY_MAINFRAME,SAP_ECC,MATMAS,SUCCESS,68.8,22.82,0
LOG-0001384,2026-08-24 10:56:12.079035,IF-003,SAP_S4HANA,ARIBA_NETWORK,ORDRSP,SUCCESS,115.0,21.25,0
LOG-0001004,2026-08-24 11:04:27.079035,IF-004,SAP_ECC,B2B_VAN_SPS,INVOIC,SUCCESS,69.4,2.84,0
LOG-0001891,2026-08-24 11:32:58.079035,IF-003,SAP_S4HANA,ARIBA_NETWORK,ORDRSP,SUCCESS,84.0,6.2,0
LOG-0002843,2026-08-24 11:35:56.079035,IF-004,SAP_ECC,B2B_VAN_SPS,INVOIC,SUCCESS,204.0,7.36,0
LOG-0001925,2026-08-24 11:40:33.079035,IF-002,SAP_S4HANA,WMS_MANHATTAN,DESADV,FAILED,77.6,7.5,2
LOG-0001524,2026-08-24 11:51:55.079035,IF-005,SAP_S4HANA,BTP_APP,OData,SUCCESS,80.1,29.64,0
LOG-0004055,2026-08-24 11:54:12.079035,IF-005,SAP_S4HANA,BTP_APP,OData,SUCCESS,100.3,2.6,0
LOG-0000627,2026-08-24 12:02:29.079035,IF-001,SAP_ECC,SFDC_CRM,ORDERS,SUCCESS,160.6,5.3,0
LOG-0001282,2026-08-24 12:26:42.079035,IF-006,LEGACY_MAINFRAME,SAP_ECC,MATMAS,SUCCESS,21.6,4.7,0
LOG-0002915,2026-08-24 12:28:25.079035,IF-005,SAP_S4HANA,BTP_APP,OData,SUCCESS,35.8,4.49,0
LOG-0003922,2026-08-24 12:44:40.079035,IF-008,SAP_CPI,3PL_PROVIDER,DESADV,SUCCESS,153.8,9.84,0
LOG-0000619,2026-08-24 12:55:36.079035,IF-006,LEGACY_MAINFRAME,SAP_ECC,MATMAS,SUCCESS,67.4,6.84,0
LOG-0001340,2026-08-24 13:02:59.079035,IF-006,LEGACY_MAINFRAME,SAP_ECC,MATMAS,SUCCESS,28.7,17.02,0
LOG-0001180,2026-08-24 13:05:23.079035,IF-003,SAP_S4HANA,ARIBA_NETWORK,ORDRSP,SUCCESS,67.8,24.24,0
LOG-0002320,2026-08-24 13:15:23.079035,IF-004,SAP_ECC,B2B_VAN_SPS,INVOIC,SUCCESS,80.5,21.53,0
LOG-0000381,2026-08-24 13:17:39.079035,IF-003,SAP_S4HANA,ARIBA_NETWORK,ORDRSP,SUCCESS,18.9,0.96,0
LOG-0002048,2026-08-24 13:49:04.079035,IF-002,SAP_S4HANA,WMS_MANHATTAN,DESADV,SUCCESS,165.4,48.85,0
LOG-0004104,2026-08-24 13:57:19.079035,IF-006,LEGACY_MAINFRAME,SAP_ECC,MATMAS,SUCCESS,232.8,14.55,0
LOG-0003595,2026-08-24 14:17:03.079035,IF-004,SAP_ECC,B2B_VAN_SPS,INVOIC,SUCCESS,79.7,6.01,0
LOG-0002304,2026-08-24 14:17:51.079035,IF-007,SAP_S4HANA,DATA_LAKE,CDC,SUCCESS,65.1,6.37,0
LOG-0000661,2026-08-24 14:26:55.079035,IF-003,SAP_S4HANA,ARIBA_NETWORK,ORDRSP,SUCCESS,45.0,8.37,0
LOG-0002868,2026-08-24 15:10:19.079035,IF-007,SAP_S4HANA,DATA_LAKE,CDC,SUCCESS,102.2,4.7,0
LOG-0001385,2026-08-24 15:16:47.079035,IF-004,SAP_ECC,B2B_VAN_SPS,INVOIC,SUCCESS,43.4,7.15,0
LOG-0002147,2026-08-24 15:28:05.079035,IF-001,SAP_ECC,SFDC_CRM,ORDERS,SUCCESS,73.3,1.86,0
LOG-0003864,2026-08-24 15:49:25.079035,IF-003,SAP_S4HANA,ARIBA_NETWORK,ORDRSP,SUCCESS,110.3,12.33,0
LOG-0004817,2026-08-24 15:50:37.079035,IF-006,LEGACY_MAINFRAME,SAP_ECC,MATMAS,SUCCESS,95.2,1.86,0
LOG-0003178,2026-08-24 15:51:27.079035,IF-004,SAP_ECC,B2B_VAN_SPS,INVOIC,SUCCESS,78.0,2.99,0
LOG-0000620,2026-08-24 15:51:58.079035,IF-002,SAP_S4HANA,WMS_MANHATTAN,DESADV,SUCCESS,223.6,14.49,0
LOG-0004706,2026-08-24 15:58:54.079035,IF-004,SAP_ECC,B2B_VAN_SPS,INVOIC,FAILED,571.5,6.08,3
LOG-0001332,2026-08-24 16:10:29.079035,IF-003,SAP_S4HANA,ARIBA_NETWORK,ORDRSP,RETRY,145.2,7.52,0
LOG-0002604,2026-08-24 16:17:01.079035,IF-008,SAP_CPI,3PL_PROVIDER,DESADV,SUCCESS,17.0,1.98,0
LOG-0001278,2026-08-24 16:23:14.079035,IF-008,SAP_CPI,3PL_PROVIDER,DESADV,SUCCESS,61.9,13.86,0
LOG-0004339,2026-08-24 16:26:26.079035,IF-004,SAP_ECC,B2B_VAN_SPS,INVOIC,SUCCESS,58.4,2.77,0
LOG-0002602,2026-08-24 16:33:19.079035,IF-003,SAP_S4HANA,ARIBA_NETWORK,ORDRSP,SUCCESS,44.3,5.89,0
LOG-0002080,2026-08-24 16:36:11.079035,IF-003,SAP_S4HANA,ARIBA_NETWORK,ORDRSP,SUCCESS,18.0,12.99,0
LOG-0002677,2026-08-24 16:43:37.079035,IF-006,LEGACY_MAINFRAME,SAP_ECC,MATMAS,SUCCESS,139.1,15.2,0
LOG-0002034,2026-08-24 16:43:46.079035,IF-005,SAP_S4HANA,BTP_APP,OData,SUCCESS,78.8,8.78,0
LOG-0004060,2026-08-24 16:45:20.079035,IF-001,SAP_ECC,SFDC_CRM,ORDERS,SUCCESS,58.8,10.3,0
LOG-0001557,2026-08-24 16:49:33.079035,IF-001,SAP_ECC,SFDC_CRM,ORDERS,RETRY,118.2,1.63,1
LOG-0002954,2026-08-24 16:51:00.079035,IF-001,SAP_ECC,SFDC_CRM,ORDERS,SUCCESS,56.3,22.21,0
LOG-0003611,2026-08-24 16:56:24.079035,IF-004,SAP_ECC,B2B_VAN_SPS,INVOIC,SUCCESS,46.1,3.21,0
LOG-0000311,2026-08-24 16:58:09.079035,IF-002,SAP_S4HANA,WMS_MANHATTAN,DESADV,SUCCESS,54.3,25.33,0
LOG-0000288,2026-08-24 17:10:11.079035,IF-007,SAP_S4HANA,DATA_LAKE,CDC,SUCCESS,111.0,9.87,0
LOG-0003454,2026-08-24 17:17:39.079035,IF-008,SAP_CPI,3PL_PROVIDER,DESADV,SUCCESS,167.1,2.39,0
LOG-0004203,2026-08-24 17:31:59.079035,IF-004,SAP_ECC,B2B_VAN_SPS,INVOIC,SUCCESS,33.0,8.37,0
LOG-0002031,2026-08-24 17:40:08.079035,IF-005,SAP_S4HANA,BTP_APP,OData,SUCCESS,39.7,15.21,0
LOG-0000919,2026-08-24 17:43:51.079035,IF-008,SAP_CPI,3PL_PROVIDER,DESADV,SUCCESS,142.6,14.64,0
LOG-0000733,2026-08-24 17:54:13.079035,IF-004,SAP_ECC,B2B_VAN_SPS,INVOIC,SUCCESS,35.2,4.63,0
LOG-0000098,2026-08-24 18:02:11.079035,IF-006,LEGACY_MAINFRAME,SAP_ECC,MATMAS,SUCCESS,49.4,4.71,0
LOG-0003048,2026-08-24 18:09:14.079035,IF-006,LEGACY_MAINFRAME,SAP_ECC,MATMAS,SUCCESS,52.3,13.72,0
LOG-0003357,2026-08-24 18:13:01.079035,IF-006,LEGACY_MAINFRAME,SAP_ECC,MATMAS,SUCCESS,67.8,10.52,0
LOG-0001257,2026-08-24 18:15:19.079035,IF-008,SAP_CPI,3PL_PROVIDER,DESADV,SUCCESS,53.3,75.4,0
LOG-0002827,2026-08-24 18:20:25.079035,IF-002,SAP_S4HANA,WMS_MANHATTAN,DESADV,SUCCESS,32.0,15.55,0
LOG-0002008,2026-08-24 18:21:50.079035,IF-005,SAP_S4HANA,BTP_APP,OData,SUCCESS,60.1,10.93,0
LOG-0004983,2026-08-24 18:29:25.079035,IF-002,SAP_S4HANA,WMS_MANHATTAN,DESADV,SUCCESS,45.2,5.36,0
LOG-0001173,2026-08-24 18:31:39.079035,IF-004,SAP_ECC,B2B_VAN_SPS,INVOIC,SUCCESS,76.2,18.2,0
LOG-0001218,2026-08-24 18:56:24.079035,IF-006,LEGACY_MAINFRAME,SAP_ECC,MATMAS,SUCCESS,47.5,14.79,0
LOG-0003693,2026-08-24 19:02:22.079035,IF-006,LEGACY_MAINFRAME,SAP_ECC,MATMAS,SUCCESS,65.3,43.01,0
LOG-0003293,2026-08-24 19:09:11.079035,IF-003,SAP_S4HANA,ARIBA_NETWORK,ORDRSP,SUCCESS,89.3,6.18,0
LOG-0003156,2026-08-24 19:19:29.079035,IF-001,SAP_ECC,SFDC_CRM,ORDERS,SUCCESS,129.1,8.06,0
LOG-0000314,2026-08-24 19:19:44.079035,IF-007,SAP_S4HANA,DATA_LAKE,CDC,SUCCESS,29.5,5.38,0
LOG-0003634,2026-08-24 19:26:05.079035,IF-001,SAP_ECC,SFDC_CRM,ORDERS,SUCCESS,49.4,54.3,0
LOG-0001293,2026-08-24 19:30:26.079035,IF-005,SAP_S4HANA,BTP_APP,OData,SUCCESS,51.1,3.88,0
LOG-0002719,2026-08-24 19:30:38.079035,IF-005,SAP_S4HANA,BTP_APP,OData,SUCCESS,89.2,2.53,0
LOG-0000625,2026-08-24 19:40:49.079035,IF-002,SAP_S4HANA,WMS_MANHATTAN,DESADV,SUCCESS,60.9,17.79,0
LOG-0004125,2026-08-24 19:42:52.079035,IF-005,SAP_S4HANA,BTP_APP,OData,SUCCESS,144.9,10.65,0
LOG-0003690,2026-08-24 19:50:11.079035,IF-003,SAP_S4HANA,ARIBA_NETWORK,ORDRSP,SUCCESS,154.4,24.13,0
LOG-0000597,2026-08-24 19:51:14.079035,IF-008,SAP_CPI,3PL_PROVIDER,DESADV,FAILED,67.2,11.63,0
LOG-0001849,2026-08-24 19:51:15.079035,IF-006,LEGACY_MAINFRAME,SAP_ECC,MATMAS,SUCCESS,22.6,3.43,0
LOG-0002906,2026-08-24 20:03:42.079035,IF-007,SAP_S4HANA,DATA_LAKE,CDC,SUCCESS,85.9,23.87,0
LOG-0001417,2026-08-24 20:08:49.079035,IF-005,SAP_S4HANA,BTP_APP,OData,FAILED,67.4,6.53,1
LOG-0004752,2026-08-24 20:14:32.079035,IF-002,SAP_S4HANA,WMS_MANHATTAN,DESADV,SUCCESS,48.4,4.47,0
LOG-0004724,2026-08-24 20:25:39.079035,IF-001,SAP_ECC,SFDC_CRM,ORDERS,SUCCESS,40.1,8.43,0
LOG-0003935,2026-08-24 20:41:14.079035,IF-004,SAP_ECC,B2B_VAN_SPS,INVOIC,SUCCESS,45.6,6.17,0
LOG-0002058,2026-08-24 20:58:35.079035,IF-002,SAP_S4HANA,WMS_MANHATTAN,DESADV,SUCCESS,41.0,20.29,0
LOG-0001198,2026-08-24 21:09:28.079035,IF-005,SAP_S4HANA,BTP_APP,OData,RETRY,56.1,18.26,3
LOG-0002082,2026-08-24 21:16:28.079035,IF-008,SAP_CPI,3PL_PROVIDER,DESADV,SUCCESS,18.9,35.1,0
LOG-0003272,2026-08-24 21:25:40.079035,IF-007,SAP_S4HANA,DATA_LAKE,CDC,SUCCESS,16.9,1.46,0
LOG-0004487,2026-08-24 21:42:09.079035,IF-004,SAP_ECC,B2B_VAN_SPS,INVOIC,SUCCESS,38.8,9.35,0
LOG-0000429,2026-08-24 21:49:38.079035,IF-005,SAP_S4HANA,BTP_APP,OData,SUCCESS,32.6,23.7,0
LOG-0002273,2026-08-24 22:00:59.079035,IF-005,SAP_S4HANA,BTP_APP,OData,SUCCESS,115.0,0.59,0
LOG-0002130,2026-08-24 22:04:41.079035,IF-001,SAP_ECC,SFDC_CRM,ORDERS,SUCCESS,116.8,19.86,0
LOG-0003533,2026-08-24 22:09:03.079035,IF-001,SAP_ECC,SFDC_CRM,ORDERS,SUCCESS,96.0,8.35,0
LOG-0003616,2026-08-24 22:32:50.079035,IF-006,LEGACY_MAINFRAME,SAP_ECC,MATMAS,SUCCESS,56.3,9.16,0
LOG-0002196,2026-08-24 22:49:22.079035,IF-004,SAP_ECC,B2B_VAN_SPS,INVOIC,SUCCESS,76.7,27.23,0
LOG-0004347,2026-08-24 22:53:34.079035,IF-004,SAP_ECC,B2B_VAN_SPS,INVOIC,SUCCESS,58.3,25.9,0
LOG-0002420,2026-08-24 23:05:44.079035,IF-002,SAP_S4HANA,WMS_MANHATTAN,DESADV,SUCCESS,116.0,5.6,0
LOG-0003960,2026-08-24 23:10:44.079035,IF-006,LEGACY_MAINFRAME,SAP_ECC,MATMAS,SUCCESS,54.8,2.47,0
LOG-0004122,2026-08-24 23:28:18.079035,IF-003,SAP_S4HANA,ARIBA_NETWORK,ORDRSP,FAILED,132.9,2.95,2
LOG-0001349,2026-08-24 23:33:17.079035,IF-001,SAP_ECC,SFDC_CRM,ORDERS,SUCCESS,29.4,20.58,0
LOG-0003721,2026-08-24 23:34:53.079035,IF-001,SAP_ECC,SFDC_CRM,ORDERS,SUCCESS,125.1,12.89,0
LOG-0002362,2026-08-24 23:53:24.079035,IF-003,SAP_S4HANA,ARIBA_NETWORK,ORDRSP,SUCCESS,52.4,2.54,0
LOG-0001250,2026-08-25 00:36:46.079035,IF-003,SAP_S4HANA,ARIBA_NETWORK,ORDRSP,RETRY,121.7,4.44,1
LOG-0003980,2026-08-25 01:13:40.079035,IF-004,SAP_ECC,B2B_VAN_SPS,INVOIC,SUCCESS,35.6,4.36,0
LOG-0001999,2026-08-25 01:15:21.079035,IF-008,SAP_CPI,3PL_PROVIDER,DESADV,SUCCESS,54.6,20.17,0
LOG-0000543,2026-08-25 01:27:50.079035,IF-008,SAP_CPI,3PL_PROVIDER,DESADV,RETRY,187.4,5.96,1
LOG-0000364,2026-08-25 01:30:00.079035,IF-006,LEGACY_MAINFRAME,SAP_ECC,MATMAS,TIMEOUT,1110.6,8.46,0
LOG-0004534,2026-08-25 01:31:07.079035,IF-003,SAP_S4HANA,ARIBA_NETWORK,ORDRSP,SUCCESS,55.3,13.59,0
LOG-0003271,2026-08-25 01:36:54.079035,IF-007,SAP_S4HANA,DATA_LAKE,CDC,SUCCESS,170.2,5.89,0
LOG-0000257,2026-08-25 01:49:32.079035,IF-006,LEGACY_MAINFRAME,SAP_ECC,MATMAS,SUCCESS,239.7,8.66,0
LOG-0004439,2026-08-25 02:10:56.079035,IF-004,SAP_ECC,B2B_VAN_SPS,INVOIC,SUCCESS,22.0,45.4,0
LOG-0001888,2026-08-25 02:37:53.079035,IF-003,SAP_S4HANA,ARIBA_NETWORK,ORDRSP,SUCCESS,100.7,7.92,0
LOG-0003554,2026-08-25 02:41:16.079035,IF-007,SAP_S4HANA,DATA_LAKE,CDC,SUCCESS,83.7,0.34,0
LOG-0001195,2026-08-25 02:53:03.079035,IF-007,SAP_S4HANA,DATA_LAKE,CDC,SUCCESS,141.3,6.94,0
LOG-0002002,2026-08-25 03:01:40.079035,IF-008,SAP_CPI,3PL_PROVIDER,DESADV,SUCCESS,64.8,22.17,0
LOG-0001813,2026-08-25 03:11:42.079035,IF-008,SAP_CPI,3PL_PROVIDER,DESADV,SUCCESS,56.6,6.5,0
LOG-0004774,2026-08-25 03:12:37.079035,IF-006,LEGACY_MAINFRAME,SAP_ECC,MATMAS,SUCCESS,70.8,5.6,0
LOG-0002880,2026-08-25 03:25:15.079035,IF-001,SAP_ECC,SFDC_CRM,ORDERS,SUCCESS,75.5,15.13,0
LOG-0002497,2026-08-25 03:30:12.079035,IF-001,SAP_ECC,SFDC_CRM,ORDERS,SUCCESS,89.9,5.09,0
LOG-0004391,2026-08-25 03:32:10.079035,IF-001,SAP_ECC,SFDC_CRM,ORDERS,TIMEOUT,52.5,7.41,3
LOG-0001274,2026-08-25 03:38:32.079035,IF-002,SAP_S4HANA,WMS_MANHATTAN,DESADV,SUCCESS,48.6,24.75,0
LOG-0003125,2026-08-25 03:39:54.079035,IF-001,SAP_ECC,SFDC_CRM,ORDERS,SUCCESS,63.8,10.03,0
LOG-0004284,2026-08-25 03:51:47.079035,IF-001,SAP_ECC,SFDC_CRM,ORDERS,SUCCESS,62.1,4.04,0
LOG-0000328,2026-08-25 03:58:29.079035,IF-007,SAP_S4HANA,DATA_LAKE,CDC,SUCCESS,41.3,7.82,0
LOG-0002200,2026-08-25 04:37:41.079035,IF-001,SAP_ECC,SFDC_CRM,ORDERS,SUCCESS,62.3,2.39,0
LOG-0004170,2026-08-25 04:54:07.079035,IF-002,SAP_S4HANA,WMS_MANHATTAN,DESADV,SUCCESS,52.5,18.8,0
LOG-0001743,2026-08-25 04:54:53.079035,IF-003,SAP_S4HANA,ARIBA_NETWORK,ORDRSP,RETRY,15.1,5.09,0
LOG-0002626,2026-08-25 04:55:07.079035,IF-008,SAP_CPI,3PL_PROVIDER,DESADV,SUCCESS,39.0,7.14,0
LOG-0002834,2026-08-25 04:59:32.079035,IF-005,SAP_S4HANA,BTP_APP,OData,SUCCESS,56.3,7.4,0
LOG-0002616,2026-08-25 05:17:35.079035,IF-004,SAP_ECC,B2B_VAN_SPS,INVOIC,SUCCESS,18.8,10.04,0
LOG-0002596,2026-08-25 05:17:47.079035,IF-008,SAP_CPI,3PL_PROVIDER,DESADV,RETRY,667.0,11.83,3
LOG-0000506,2026-08-25 05:18:56.079035,IF-002,SAP_S4HANA,WMS_MANHATTAN,DESADV,SUCCESS,50.4,44.38,0
LOG-0003782,2026-08-25 05:24:57.079035,IF-005,SAP_S4HANA,BTP_APP,OData,SUCCESS,41.2,6.45,0
LOG-0000792,2026-08-25 05:33:35.079035,IF-007,SAP_S4HANA,DATA_LAKE,CDC,SUCCESS,37.7,1.21,0
LOG-0001598,2026-08-25 05:34:22.079035,IF-006,LEGACY_MAINFRAME,SAP_ECC,MATMAS,SUCCESS,35.0,9.67,0
LOG-0003126,2026-08-25 05:34:58.079035,IF-008,SAP_CPI,3PL_PROVIDER,DESADV,FAILED,73.7,19.95,0
LOG-0004922,2026-08-25 05:43:37.079035,IF-006,LEGACY_MAINFRAME,SAP_ECC,MATMAS,SUCCESS,70.1,2.16,0
LOG-0002732,2026-08-25 05:55:36.079035,IF-007,SAP_S4HANA,DATA_LAKE,CDC,SUCCESS,31.5,1.94,0
LOG-0003460,2026-08-25 05:56:56.079035,IF-005,SAP_S4HANA,BTP_APP,OData,SUCCESS,219.6,17.44,0
LOG-0004894,2026-08-25 06:05:54.079035,IF-005,SAP_S4HANA,BTP_APP,OData,SUCCESS,36.4,1.66,0
LOG-0000437,2026-08-25 06:31:12.079035,IF-001,SAP_ECC,SFDC_CRM,ORDERS,SUCCESS,56.7,4.02,0
LOG-0000735,2026-08-25 06:34:41.079035,IF-005,SAP_S4HANA,BTP_APP,OData,SUCCESS,51.1,9.63,0
LOG-0003809,2026-08-25 06:49:39.079035,IF-007,SAP_S4HANA,DATA_LAKE,CDC,RETRY,58.3,0.68,2
LOG-0003346,2026-08-25 06:50:04.079035,IF-002,SAP_S4HANA,WMS_MANHATTAN,DESADV,SUCCESS,31.1,4.75,0
LOG-0002897,2026-08-25 06:51:40.079035,IF-006,LEGACY_MAINFRAME,SAP_ECC,MATMAS,SUCCESS,80.6,9.5,0
LOG-0001318,2026-08-25 06:56:10.079035,IF-008,SAP_CPI,3PL_PROVIDER,DESADV,SUCCESS,65.2,1.93,0
LOG-0004942,2026-08-25 06:57:56.079035,IF-007,SAP_S4HANA,DATA_LAKE,CDC,SUCCESS,93.5,2.71,0
LOG-0004367,2026-08-25 07:10:37.079035,IF-006,LEGACY_MAINFRAME,SAP_ECC,MATMAS,SUCCESS,89.3,1.57,0
LOG-0001940,2026-08-25 07:12:06.079035,IF-007,SAP_S4HANA,DATA_LAKE,CDC,SUCCESS,163.9,41.81,0
LOG-0004832,2026-08-25 07:17:43.079035,IF-001,SAP_ECC,SFDC_CRM,ORDERS,RETRY,66.7,8.45,2
LOG-0000297,2026-08-25 07:25:41.079035,IF-007,SAP_S4HANA,DATA_LAKE,CDC,SUCCESS,62.4,23.57,0
LOG-0003399,2026-08-25 07:30:24.079035,IF-008,SAP_CPI,3PL_PROVIDER,DESADV,FAILED,95.7,1.99,0
LOG-0003338,2026-08-25 07:33:07.079035,IF-004,SAP_ECC,B2B_VAN_SPS,INVOIC,SUCCESS,157.0,6.47,0
LOG-0001308,2026-08-25 07:42:50.079035,IF-004,SAP_ECC,B2B_VAN_SPS,INVOIC,SUCCESS,114.9,6.37,0
LOG-0003109,2026-08-25 07:45:39.079035,IF-006,LEGACY_MAINFRAME,SAP_ECC,MATMAS,SUCCESS,71.0,5.63,0
LOG-0000119,2026-08-25 08:09:54.079035,IF-005,SAP_S4HANA,BTP_APP,OData,TIMEOUT,8.5,1.78,2
LOG-0004607,2026-08-25 08:25:56.079035,IF-007,SAP_S4HANA,DATA_LAKE,CDC,SUCCESS,22.0,13.08,0
LOG-0001647,2026-08-25 08:31:00.079035,IF-007,SAP_S4HANA,DATA_LAKE,CDC,TIMEOUT,557.5,1.09,1
LOG-0002401,2026-08-25 08:35:47.079035,IF-001,SAP_ECC,SFDC_CRM,ORDERS,SUCCESS,70.1,1.85,0
LOG-0001640,2026-08-25 08:44:33.079035,IF-006,LEGACY_MAINFRAME,SAP_ECC,MATMAS,SUCCESS,105.2,5.41,0
LOG-0004966,2026-08-25 08:54:09.079035,IF-004,SAP_ECC,B2B_VAN_SPS,INVOIC,SUCCESS,95.8,7.95,0
LOG-0001672,2026-08-25 09:15:37.079035,IF-006,LEGACY_MAINFRAME,SAP_ECC,MATMAS,SUCCESS,50.6,4.83,0
LOG-0002530,2026-08-25 09:21:06.079035,IF-007,SAP_S4HANA,DATA_LAKE,CDC,SUCCESS,67.3,48.61,0
LOG-0004311,2026-08-25 10:05:23.079035,IF-003,SAP_S4HANA,ARIBA_NETWORK,ORDRSP,RETRY,232.1,4.17,0
LOG-0003952,2026-08-25 10:06:03.079035,IF-005,SAP_S4HANA,BTP_APP,OData,SUCCESS,56.9,3.11,0
LOG-0004699,2026-08-25 10:08:28.079035,IF-003,SAP_S4HANA,ARIBA_NETWORK,ORDRSP,SUCCESS,43.7,17.84,0
LOG-0000777,2026-08-25 10:19:25.079035,IF-001,SAP_ECC,SFDC_CRM,ORDERS,SUCCESS,36.8,4.0,0
LOG-0000530,2026-08-25 10:26:15.079035,IF-007,SAP_S4HANA,DATA_LAKE,CDC,RETRY,49.4,29.65,2
LOG-0003562,2026-08-25 10:35:05.079035,IF-008,SAP_CPI,3PL_PROVIDER,DESADV,SUCCESS,120.7,14.49,0
LOG-0001981,2026-08-25 10:40:31.079035,IF-002,SAP_S4HANA,WMS_MANHATTAN,DESADV,SUCCESS,90.1,10.57,0
LOG-0003897,2026-08-25 10:53:51.079035,IF-007,SAP_S4HANA,DATA_LAKE,CDC,SUCCESS,82.6,18.9,0
LOG-0001770,2026-08-25 10:57:21.079035,IF-003,SAP_S4HANA,ARIBA_NETWORK,ORDRSP,SUCCESS,46.5,4.74,0
LOG-0002617,2026-08-25 11:12:23.079035,IF-003,SAP_S4HANA,ARIBA_NETWORK,ORDRSP,SUCCESS,89.6,41.56,0
LOG-0001746,2026-08-25 11:19:48.079035,IF-001,SAP_ECC,SFDC_CRM,ORDERS,SUCCESS,117.1,2.25,0
LOG-0004076,2026-08-25 11:24:57.079035,IF-004,SAP_ECC,B2B_VAN_SPS,INVOIC,SUCCESS,171.0,27.94,0
LOG-0000909,2026-08-25 11:37:25.079035,IF-004,SAP_ECC,B2B_VAN_SPS,INVOIC,SUCCESS,45.3,4.05,0
LOG-0003548,2026-08-25 11:38:07.079035,IF-002,SAP_S4HANA,WMS_MANHATTAN,DESADV,SUCCESS,109.7,11.99,0
LOG-0004895,2026-08-25 11:39:19.079035,IF-001,SAP_ECC,SFDC_CRM,ORDERS,SUCCESS,38.7,5.72,0
LOG-0001283,2026-08-25 11:39:53.079035,IF-001,SAP_ECC,SFDC_CRM,ORDERS,SUCCESS,212.3,4.62,0
LOG-0000559,2026-08-25 11:42:50.079035,IF-007,SAP_S4HANA,DATA_LAKE,CDC,SUCCESS,98.7,13.53,0
LOG-0001543,2026-08-25 11:44:42.079035,IF-002,SAP_S4HANA,WMS_MANHATTAN,DESADV,SUCCESS,27.7,16.97,0
LOG-0000386,2026-08-25 11:58:52.079035,IF-004,SAP_ECC,B2B_VAN_SPS,INVOIC,SUCCESS,40.1,7.65,0
LOG-0003802,2026-08-25 11:59:11.079035,IF-008,SAP_CPI,3PL_PROVIDER,DESADV,SUCCESS,99.9,5.12,0
LOG-0000628,2026-08-25 12:11:09.079035,IF-002,SAP_S4HANA,WMS_MANHATTAN,DESADV,SUCCESS,49.9,2.85,0
LOG-0001087,2026-08-25 12:12:17.079035,IF-001,SAP_ECC,SFDC_CRM,ORDERS,SUCCESS,302.9,16.72,0
LOG-0001440,2026-08-25 12:18:56.079035,IF-005,SAP_S4HANA,BTP_APP,OData,SUCCESS,28.7,9.3,0
LOG-0001972,2026-08-25 12:35:53.079035,IF-008,SAP_CPI,3PL_PROVIDER,DESADV,SUCCESS,142.3,8.23,0
LOG-0003439,2026-08-25 12:38:46.079035,IF-005,SAP_S4HANA,BTP_APP,OData,SUCCESS,65.0,7.82,0
LOG-0004025,2026-08-25 12:48:28.079035,IF-005,SAP_S4HANA,BTP_APP,OData,SUCCESS,333.3,34.18,0
LOG-0004917,2026-08-25 12:50:39.079035,IF-005,SAP_S4HANA,BTP_APP,OData,FAILED,986.2,3.11,3
LOG-0000211,2026-08-25 13:07:46.079035,IF-007,SAP_S4HANA,DATA_LAKE,CDC,SUCCESS,42.1,7.85,0
LOG-0004287,2026-08-25 13:11:11.079035,IF-002,SAP_S4HANA,WMS_MANHATTAN,DESADV,SUCCESS,30.0,3.36,0
LOG-0002214,2026-08-25 13:11:44.079035,IF-008,SAP_CPI,3PL_PROVIDER,DESADV,SUCCESS,97.9,15.53,0
LOG-0001201,2026-08-25 13:12:43.079035,IF-003,SAP_S4HANA,ARIBA_NETWORK,ORDRSP,FAILED,59.4,303.16,2
LOG-0000095,2026-08-25 13:16:53.079035,IF-003,SAP_S4HANA,ARIBA_NETWORK,ORDRSP,SUCCESS,55.4,40.72,0
LOG-0000749,2026-08-25 13:20:15.079035,IF-007,SAP_S4HANA,DATA_LAKE,CDC,SUCCESS,57.4,16.58,0
LOG-0004778,2026-08-25 13:22:00.079035,IF-001,SAP_ECC,SFDC_CRM,ORDERS,SUCCESS,221.7,16.29,0
LOG-0003731,2026-08-25 13:22:39.079035,IF-001,SAP_ECC,SFDC_CRM,ORDERS,SUCCESS,105.8,3.74,0
LOG-0003768,2026-08-25 14:05:19.079035,IF-006,LEGACY_MAINFRAME,SAP_ECC,MATMAS,SUCCESS,162.8,20.65,0
LOG-0004806,2026-08-25 14:19:14.079035,IF-008,SAP_CPI,3PL_PROVIDER,DESADV,SUCCESS,60.2,8.4,0
LOG-0004290,2026-08-25 14:31:27.079035,IF-002,SAP_S4HANA,WMS_MANHATTAN,DESADV,SUCCESS,36.8,44.02,0
LOG-0002184,2026-08-25 14:32:54.079035,IF-004,SAP_ECC,B2B_VAN_SPS,INVOIC,SUCCESS,158.9,9.38,0
LOG-0003495,2026-08-25 14:36:29.079035,IF-001,SAP_ECC,SFDC_CRM,ORDERS,SUCCESS,78.9,4.67,0
LOG-0004513,2026-08-25 14:54:25.079035,IF-006,LEGACY_MAINFRAME,SAP_ECC,MATMAS,SUCCESS,64.1,3.67,0
LOG-0004555,2026-08-25 15:17:13.079035,IF-003,SAP_S4HANA,ARIBA_NETWORK,ORDRSP,SUCCESS,95.2,8.98,0
LOG-0000545,2026-08-25 15:18:13.079035,IF-004,SAP_ECC,B2B_VAN_SPS,INVOIC,SUCCESS,60.2,8.65,0
LOG-0002837,2026-08-25 15:19:18.079035,IF-001,SAP_ECC,SFDC_CRM,ORDERS,SUCCESS,237.4,29.71,0
LOG-0001033,2026-08-25 15:21:35.079035,IF-004,SAP_ECC,B2B_VAN_SPS,INVOIC,SUCCESS,92.5,2.81,0
LOG-0002423,2026-08-25 15:37:27.079035,IF-007,SAP_S4HANA,DATA_LAKE,CDC,SUCCESS,69.2,8.72,0
LOG-0001630,2026-08-25 15:47:39.079035,IF-002,SAP_S4HANA,WMS_MANHATTAN,DESADV,SUCCESS,94.9,16.52,0
LOG-0000550,2026-08-25 16:24:14.079035,IF-002,SAP_S4HANA,WMS_MANHATTAN,DESADV,SUCCESS,49.9,5.19,0
LOG-0003728,2026-08-25 16:26:43.079035,IF-006,LEGACY_MAINFRAME,SAP_ECC,MATMAS,SUCCESS,37.2,22.85,0
LOG-0001889,2026-08-25 16:27:11.079035,IF-001,SAP_ECC,SFDC_CRM,ORDERS,SUCCESS,48.0,0.94,0
LOG-0004813,2026-08-25 17:03:44.079035,IF-008,SAP_CPI,3PL_PROVIDER,DESADV,SUCCESS,54.2,2.93,0
LOG-0003738,2026-08-25 17:12:47.079035,IF-008,SAP_CPI,3PL_PROVIDER,DESADV,SUCCESS,49.5,5.74,0
LOG-0002193,2026-08-25 17:31:19.079035,IF-007,SAP_S4HANA,DATA_LAKE,CDC,RETRY,22.1,2.22,2
LOG-0003516,2026-08-25 17:45:02.079035,IF-003,SAP_S4HANA,ARIBA_NETWORK,ORDRSP,SUCCESS,72.8,6.46,0
LOG-0000566,2026-08-25 17:46:27.079035,IF-001,SAP_ECC,SFDC_CRM,ORDERS,FAILED,349.6,10.95,3
LOG-0001939,2026-08-25 17:48:46.079035,IF-003,SAP_S4HANA,ARIBA_NETWORK,ORDRSP,SUCCESS,47.0,6.29,0
LOG-0003966,2026-08-25 18:04:45.079035,IF-003,SAP_S4HANA,ARIBA_NETWORK,ORDRSP,SUCCESS,46.3,3.3,0
LOG-0001551,2026-08-25 18:06:34.079035,IF-001,SAP_ECC,SFDC_CRM,ORDERS,SUCCESS,32.4,2.9,0
LOG-0000900,2026-08-25 18:31:55.079035,IF-004,SAP_ECC,B2B_VAN_SPS,INVOIC,SUCCESS,277.9,6.67,0
LOG-0000843,2026-08-25 18:32:44.079035,IF-001,SAP_ECC,SFDC_CRM,ORDERS,SUCCESS,96.0,3.26,0
LOG-0004213,2026-08-25 18:37:59.079035,IF-003,SAP_S4HANA,ARIBA_NETWORK,ORDRSP,SUCCESS,28.6,8.59,0
LOG-0002841,2026-08-25 18:40:34.079035,IF-007,SAP_S4HANA,DATA_LAKE,CDC,SUCCESS,279.6,8.59,0
LOG-0004071,2026-08-25 18:44:50.079035,IF-002,SAP_S4HANA,WMS_MANHATTAN,DESADV,SUCCESS,79.8,3.59,0
LOG-0002612,2026-08-25 19:04:20.079035,IF-002,SAP_S4HANA,WMS_MANHATTAN,DESADV,SUCCESS,69.6,5.72,0
LOG-0000722,2026-08-25 19:13:30.079035,IF-007,SAP_S4HANA,DATA_LAKE,CDC,SUCCESS,46.0,3.49,0
LOG-0003437,2026-08-25 19:18:07.079035,IF-008,SAP_CPI,3PL_PROVIDER,DESADV,SUCCESS,37.9,4.76,0
LOG-0000905,2026-08-25 19:18:18.079035,IF-008,SAP_CPI,3PL_PROVIDER,DESADV,SUCCESS,168.1,14.72,0
LOG-0000554,2026-08-25 19:20:58.079035,IF-005,SAP_S4HANA,BTP_APP,OData,TIMEOUT,92.5,9.04,1
LOG-0004695,2026-08-25 19:33:09.079035,IF-002,SAP_S4HANA,WMS_MANHATTAN,DESADV,SUCCESS,64.9,25.82,0
LOG-0002849,2026-08-25 19:36:48.079035,IF-008,SAP_CPI,3PL_PROVIDER,DESADV,SUCCESS,121.3,14.61,0
LOG-0001026,2026-08-25 19:38:36.079035,IF-003,SAP_S4HANA,ARIBA_NETWORK,ORDRSP,SUCCESS,33.9,3.8,0
LOG-0002154,2026-08-25 19:54:53.079035,IF-002,SAP_S4HANA,WMS_MANHATTAN,DESADV,SUCCESS,38.6,29.1,0
LOG-0004888,2026-08-25 20:01:49.079035,IF-005,SAP_S4HANA,BTP_APP,OData,SUCCESS,71.5,9.96,0
LOG-0002020,2026-08-25 20:04:06.079035,IF-007,SAP_S4HANA,DATA_LAKE,CDC,SUCCESS,79.6,3.87,0
LOG-0000100,2026-08-25 20:07:10.079035,IF-004,SAP_ECC,B2B_VAN_SPS,INVOIC,SUCCESS,59.2,3.94,0
LOG-0004616,2026-08-25 20:10:43.079035,IF-005,SAP_S4HANA,BTP_APP,OData,SUCCESS,31.1,7.16,0
LOG-0003732,2026-08-25 20:15:44.079035,IF-002,SAP_S4HANA,WMS_MANHATTAN,DESADV,SUCCESS,32.6,8.05,0
LOG-0000130,2026-08-25 20:21:01.079035,IF-008,SAP_CPI,3PL_PROVIDER,DESADV,SUCCESS,73.3,3.95,0
LOG-0004884,2026-08-25 20:25:46.079035,IF-005,SAP_S4HANA,BTP_APP,OData,SUCCESS,37.5,0.72,0
LOG-0003905,2026-08-25 20:36:55.079035,IF-007,SAP_S4HANA,DATA_LAKE,CDC,SUCCESS,85.6,10.4,0
LOG-0001665,2026-08-25 20:47:45.079035,IF-005,SAP_S4HANA,BTP_APP,OData,SUCCESS,52.0,5.35,0
LOG-0000174,2026-08-25 21:01:23.079035,IF-007,SAP_S4HANA,DATA_LAKE,CDC,SUCCESS,66.4,4.73,0
LOG-0000363,2026-08-25 21:22:48.079035,IF-005,SAP_S4HANA,BTP_APP,OData,SUCCESS,76.1,4.82,0
LOG-0000178,2026-08-25 21:23:49.079035,IF-001,SAP_ECC,SFDC_CRM,ORDERS,SUCCESS,81.8,21.69,0
LOG-0002599,2026-08-25 21:39:35.079035,IF-002,SAP_S4HANA,WMS_MANHATTAN,DESADV,FAILED,38.5,18.11,0
LOG-0001930,2026-08-25 21:44:52.079035,IF-005,SAP_S4HANA,BTP_APP,OData,SUCCESS,219.1,13.68,0
LOG-0001964,2026-08-25 21:50:26.079035,IF-007,SAP_S4HANA,DATA_LAKE,CDC,SUCCESS,79.1,7.72,0
LOG-0001846,2026-08-25 21:57:42.079035,IF-004,SAP_ECC,B2B_VAN_SPS,INVOIC,SUCCESS,161.4,58.55,0
LOG-0003415,2026-08-25 22:10:47.079035,IF-007,SAP_S4HANA,DATA_LAKE,CDC,FAILED,98.7,9.87,1
LOG-0003475,2026-08-25 22:27:47.079035,IF-003,SAP_S4HANA,ARIBA_NETWORK,ORDRSP,SUCCESS,46.7,26.91,0
LOG-0001143,2026-08-25 22:35:00.079035,IF-004,SAP_ECC,B2B_VAN_SPS,INVOIC,SUCCESS,58.9,28.51,0
LOG-0004531,2026-08-25 22:43:33.079035,IF-004,SAP_ECC,B2B_VAN_SPS,INVOIC,SUCCESS,62.1,9.56,0
LOG-0002874,2026-08-25 22:45:03.079035,IF-002,SAP_S4HANA,WMS_MANHATTAN,DESADV,FAILED,17.8,2.26,0
LOG-0003389,2026-08-25 22:59:59.079035,IF-008,SAP_CPI,3PL_PROVIDER,DESADV,FAILED,118.3,13.95,2
LOG-0003529,2026-08-25 23:14:57.079035,IF-001,SAP_ECC,SFDC_CRM,ORDERS,SUCCESS,40.0,7.77,0
LOG-0001975,2026-08-25 23:16:28.079035,IF-005,SAP_S4HANA,BTP_APP,OData,SUCCESS,40.5,12.24,0
LOG-0004183,2026-08-25 23:20:03.079035,IF-003,SAP_S4HANA,ARIBA_NETWORK,ORDRSP,FAILED,120.5,3.82,3
LOG-0001353,2026-08-25 23:24:50.079035,IF-008,SAP_CPI,3PL_PROVIDER,DESADV,SUCCESS,85.0,3.3,0
LOG-0004194,2026-08-25 23:32:15.079035,IF-002,SAP_S4HANA,WMS_MANHATTAN,DESADV,SUCCESS,48.6,11.26,0
LOG-0001214,2026-08-25 23:32:41.079035,IF-005,SAP_S4HANA,BTP_APP,OData,SUCCESS,93.5,23.89,0
LOG-0001815,2026-08-25 23:33:04.079035,IF-006,LEGACY_MAINFRAME,SAP_ECC,MATMAS,RETRY,148.1,28.84,0
LOG-0004604,2026-08-25 23:56:23.079035,IF-008,SAP_CPI,3PL_PROVIDER,DESADV,SUCCESS,60.0,82.89,0
LOG-0003344,2026-08-26 00:15:03.079035,IF-007,SAP_S4HANA,DATA_LAKE,CDC,SUCCESS,55.4,16.38,0
LOG-0002608,2026-08-26 00:20:25.079035,IF-007,SAP_S4HANA,DATA_LAKE,CDC,SUCCESS,104.5,5.93,0
LOG-0002939,2026-08-26 00:38:44.079035,IF-007,SAP_S4HANA,DATA_LAKE,CDC,SUCCESS,53.4,0.72,0
LOG-0002891,2026-08-26 00:39:42.079035,IF-008,SAP_CPI,3PL_PROVIDER,DESADV,SUCCESS,160.9,55.9,0
LOG-0000192,2026-08-26 00:43:40.079035,IF-008,SAP_CPI,3PL_PROVIDER,DESADV,SUCCESS,44.7,8.39,0
LOG-0003636,2026-08-26 00:48:21.079035,IF-008,SAP_CPI,3PL_PROVIDER,DESADV,SUCCESS,106.0,1.9,0
LOG-0000690,2026-08-26 00:54:45.079035,IF-003,SAP_S4HANA,ARIBA_NETWORK,ORDRSP,SUCCESS,28.8,4.29,0
LOG-0001581,2026-08-26 01:10:38.079035,IF-006,LEGACY_MAINFRAME,SAP_ECC,MATMAS,SUCCESS,36.4,9.54,0
LOG-0004274,2026-08-26 01:28:52.079035,IF-008,SAP_CPI,3PL_PROVIDER,DESADV,SUCCESS,73.0,30.13,0
LOG-0001852,2026-08-26 01:33:58.079035,IF-003,SAP_S4HANA,ARIBA_NETWORK,ORDRSP,SUCCESS,90.1,3.61,0
LOG-0000129,2026-08-26 01:52:57.079035,IF-008,SAP_CPI,3PL_PROVIDER,DESADV,SUCCESS,30.6,13.27,0
LOG-0004854,2026-08-26 01:54:43.079035,IF-008,SAP_CPI,3PL_PROVIDER,DESADV,SUCCESS,339.4,41.74,0
LOG-0002729,2026-08-26 01:56:01.079035,IF-004,SAP_ECC,B2B_VAN_SPS,INVOIC,SUCCESS,123.3,3.64,0
LOG-0004185,2026-08-26 01:57:22.079035,IF-002,SAP_S4HANA,WMS_MANHATTAN,DESADV,SUCCESS,65.8,20.71,0
LOG-0001083,2026-08-26 01:57:29.079035,IF-007,SAP_S4HANA,DATA_LAKE,CDC,SUCCESS,62.0,5.33,0
LOG-0004524,2026-08-26 02:05:30.079035,IF-004,SAP_ECC,B2B_VAN_SPS,INVOIC,SUCCESS,57.7,6.48,0
LOG-0004260,2026-08-26 02:05:46.079035,IF-002,SAP_S4HANA,WMS_MANHATTAN,DESADV,SUCCESS,44.9,13.96,0
LOG-0001775,2026-08-26 02:30:05.079035,IF-003,SAP_S4HANA,ARIBA_NETWORK,ORDRSP,SUCCESS,46.3,6.6,0
LOG-0000610,2026-08-26 02:32:19.079035,IF-004,SAP_ECC,B2B_VAN_SPS,INVOIC,SUCCESS,98.3,4.45,0
LOG-0003096,2026-08-26 02:45:54.079035,IF-004,SAP_ECC,B2B_VAN_SPS,INVOIC,SUCCESS,78.5,3.8,0
LOG-0001226,2026-08-26 03:15:54.079035,IF-006,LEGACY_MAINFRAME,SAP_ECC,MATMAS,SUCCESS,93.5,2.7,0
LOG-0002990,2026-08-26 03:16:46.079035,IF-007,SAP_S4HANA,DATA_LAKE,CDC,SUCCESS,38.2,14.85,0
LOG-0000724,2026-08-26 03:42:11.079035,IF-007,SAP_S4HANA,DATA_LAKE,CDC,SUCCESS,30.7,2.71,0
LOG-0004319,2026-08-26 03:50:25.079035,IF-006,LEGACY_MAINFRAME,SAP_ECC,MATMAS,SUCCESS,28.4,4.93,0
LOG-0001638,2026-08-26 03:51:42.079035,IF-006,LEGACY_MAINFRAME,SAP_ECC,MATMAS,SUCCESS,35.5,3.19,0
LOG-0000929,2026-08-26 04:01:42.079035,IF-003,SAP_S4HANA,ARIBA_NETWORK,ORDRSP,SUCCESS,216.7,5.86,0
LOG-0001015,2026-08-26 04:04:31.079035,IF-003,SAP_S4HANA,ARIBA_NETWORK,ORDRSP,SUCCESS,51.9,1.25,0
LOG-0002767,2026-08-26 04:10:02.079035,IF-001,SAP_ECC,SFDC_CRM,ORDERS,SUCCESS,57.4,1.03,0
LOG-0003835,2026-08-26 04:15:40.079035,IF-004,SAP_ECC,B2B_VAN_SPS,INVOIC,SUCCESS,59.5,5.39,0
LOG-0004740,2026-08-26 04:24:08.079035,IF-002,SAP_S4HANA,WMS_MANHATTAN,DESADV,SUCCESS,60.0,64.55,0
LOG-0003927,2026-08-26 04:25:34.079035,IF-004,SAP_ECC,B2B_VAN_SPS,INVOIC,SUCCESS,18.0,2.36,0
LOG-0001969,2026-08-26 04:35:44.079035,IF-005,SAP_S4HANA,BTP_APP,OData,FAILED,72.6,3.76,3
LOG-0003705,2026-08-26 04:40:46.079035,IF-002,SAP_S4HANA,WMS_MANHATTAN,DESADV,FAILED,225.0,10.59,3
LOG-0000809,2026-08-26 04:44:16.079035,IF-008,SAP_CPI,3PL_PROVIDER,DESADV,SUCCESS,38.1,14.43,0
LOG-0004298,2026-08-26 04:53:19.079035,IF-005,SAP_S4HANA,BTP_APP,OData,FAILED,55.7,5.78,1
LOG-0003491,2026-08-26 04:56:25.079035,IF-001,SAP_ECC,SFDC_CRM,ORDERS,SUCCESS,41.3,15.35,0
LOG-0001182,2026-08-26 05:14:40.079035,IF-002,SAP_S4HANA,WMS_MANHATTAN,DESADV,SUCCESS,70.2,15.22,0
LOG-0001900,2026-08-26 05:32:27.079035,IF-006,LEGACY_MAINFRAME,SAP_ECC,MATMAS,TIMEOUT,517.6,5.66,3
LOG-0000452,2026-08-26 05:34:32.079035,IF-002,SAP_S4HANA,WMS_MANHATTAN,DESADV,SUCCESS,52.3,36.45,0
LOG-0001470,2026-08-26 05:57:31.079035,IF-001,SAP_ECC,SFDC_CRM,ORDERS,SUCCESS,87.3,24.17,0
LOG-0001463,2026-08-26 06:00:30.079035,IF-002,SAP_S4HANA,WMS_MANHATTAN,DESADV,SUCCESS,82.8,46.49,0
LOG-0002329,2026-08-26 06:03:35.079035,IF-003,SAP_S4HANA,ARIBA_NETWORK,ORDRSP,SUCCESS,54.1,5.64,0
LOG-0003153,2026-08-26 06:14:10.079035,IF-007,SAP_S4HANA,DATA_LAKE,CDC,SUCCESS,311.2,0.72,0
LOG-0002314,2026-08-26 06:24:51.079035,IF-002,SAP_S4HANA,WMS_MANHATTAN,DESADV,SUCCESS,96.8,32.95,0
LOG-0001372,2026-08-26 06:31:43.079035,IF-008,SAP_CPI,3PL_PROVIDER,DESADV,SUCCESS,12.0,27.78,0
LOG-0004691,2026-08-26 06:32:01.079035,IF-004,SAP_ECC,B2B_VAN_SPS,INVOIC,RETRY,209.7,6.26,3
LOG-0004008,2026-08-26 06:50:56.079035,IF-003,SAP_S4HANA,ARIBA_NETWORK,ORDRSP,FAILED,133.5,19.04,3
LOG-0002775,2026-08-26 07:42:41.079035,IF-008,SAP_CPI,3PL_PROVIDER,DESADV,SUCCESS,74.2,6.02,0
LOG-0003621,2026-08-26 07:43:22.079035,IF-002,SAP_S4HANA,WMS_MANHATTAN,DESADV,SUCCESS,105.4,7.11,0
LOG-0001510,2026-08-26 07:54:44.079035,IF-006,LEGACY_MAINFRAME,SAP_ECC,MATMAS,SUCCESS,89.9,33.36,0
LOG-0002454,2026-08-26 07:56:18.079035,IF-004,SAP_ECC,B2B_VAN_SPS,INVOIC,SUCCESS,82.2,42.38,0
LOG-0004415,2026-08-26 07:59:27.079035,IF-007,SAP_S4HANA,DATA_LAKE,CDC,SUCCESS,20.9,9.35,0
LOG-0003030,2026-08-26 08:03:13.079035,IF-007,SAP_S4HANA,DATA_LAKE,CDC,SUCCESS,64.5,10.59,0
LOG-0001979,2026-08-26 08:19:09.079035,IF-006,LEGACY_MAINFRAME,SAP_ECC,MATMAS,SUCCESS,35.9,9.59,0
LOG-0001030,2026-08-26 08:42:11.079035,IF-003,SAP_S4HANA,ARIBA_NETWORK,ORDRSP,SUCCESS,30.8,7.67,0
LOG-0003499,2026-08-26 09:02:10.079035,IF-003,SAP_S4HANA,ARIBA_NETWORK,ORDRSP,SUCCESS,175.7,5.72,0
LOG-0003934,2026-08-26 09:03:44.079035,IF-004,SAP_ECC,B2B_VAN_SPS,INVOIC,SUCCESS,93.2,3.55,0
LOG-0003598,2026-08-26 09:04:40.079035,IF-002,SAP_S4HANA,WMS_MANHATTAN,DESADV,SUCCESS,36.3,2.28,0
LOG-0004572,2026-08-26 09:16:58.079035,IF-001,SAP_ECC,SFDC_CRM,ORDERS,SUCCESS,176.0,20.25,0
LOG-0000021,2026-08-26 09:29:26.079035,IF-006,LEGACY_MAINFRAME,SAP_ECC,MATMAS,SUCCESS,19.2,9.81,0
LOG-0001828,2026-08-26 09:53:41.079035,IF-005,SAP_S4HANA,BTP_APP,OData,FAILED,129.5,2.36,0
LOG-0003299,2026-08-26 10:00:45.079035,IF-004,SAP_ECC,B2B_VAN_SPS,INVOIC,SUCCESS,90.9,66.7,0
LOG-0004733,2026-08-26 10:17:59.079035,IF-002,SAP_S4HANA,WMS_MANHATTAN,DESADV,SUCCESS,87.0,3.01,0
LOG-0002089,2026-08-26 10:19:28.079035,IF-004,SAP_ECC,B2B_VAN_SPS,INVOIC,SUCCESS,32.2,2.26,0
LOG-0003958,2026-08-26 10:20:01.079035,IF-008,SAP_CPI,3PL_PROVIDER,DESADV,SUCCESS,57.1,1.48,0
LOG-0003151,2026-08-26 10:21:17.079035,IF-003,SAP_S4HANA,ARIBA_NETWORK,ORDRSP,SUCCESS,15.4,15.5,0
LOG-0004320,2026-08-26 10:31:41.079035,IF-004,SAP_ECC,B2B_VAN_SPS,INVOIC,SUCCESS,47.0,3.02,0
LOG-0002212,2026-08-26 10:40:48.079035,IF-001,SAP_ECC,SFDC_CRM,ORDERS,SUCCESS,62.8,13.13,0
LOG-0004750,2026-08-26 10:45:56.079035,IF-001,SAP_ECC,SFDC_CRM,ORDERS,SUCCESS,89.2,20.42,0
LOG-0001733,2026-08-26 10:55:08.079035,IF-001,SAP_ECC,SFDC_CRM,ORDERS,SUCCESS,102.2,9.61,0
LOG-0004718,2026-08-26 10:56:53.079035,IF-005,SAP_S4HANA,BTP_APP,OData,TIMEOUT,304.4,4.74,2
LOG-0001893,2026-08-26 10:57:49.079035,IF-003,SAP_S4HANA,ARIBA_NETWORK,ORDRSP,SUCCESS,116.1,10.23,0
LOG-0000005,2026-08-26 10:59:52.079035,IF-004,SAP_ECC,B2B_VAN_SPS,INVOIC,SUCCESS,38.9,6.95,0
LOG-0000134,2026-08-26 11:00:35.079035,IF-002,SAP_S4HANA,WMS_MANHATTAN,DESADV,SUCCESS,268.1,23.43,0
LOG-0002872,2026-08-26 11:00:39.079035,IF-008,SAP_CPI,3PL_PROVIDER,DESADV,SUCCESS,132.4,1.42,0
LOG-0002898,2026-08-26 11:02:14.079035,IF-004,SAP_ECC,B2B_VAN_SPS,INVOIC,SUCCESS,129.7,1.65,0
LOG-0000702,2026-08-26 11:16:31.079035,IF-007,SAP_S4HANA,DATA_LAKE,CDC,SUCCESS,97.1,5.06,0
LOG-0000606,2026-08-26 11:18:36.079035,IF-002,SAP_S4HANA,WMS_MANHATTAN,DESADV,SUCCESS,103.0,18.9,0
LOG-0004804,2026-08-26 11:56:11.079035,IF-001,SAP_ECC,SFDC_CRM,ORDERS,TIMEOUT,25.3,2.21,0
LOG-0001515,2026-08-26 11:58:11.079035,IF-001,SAP_ECC,SFDC_CRM,ORDERS,RETRY,131.7,27.91,2
LOG-0002611,2026-08-26 12:04:44.079035,IF-008,SAP_CPI,3PL_PROVIDER,DESADV,SUCCESS,109.2,3.42,0
LOG-0000629,2026-08-26 12:14:47.079035,IF-003,SAP_S4HANA,ARIBA_NETWORK,ORDRSP,SUCCESS,55.5,4.96,0
LOG-0002694,2026-08-26 12:21:26.079035,IF-008,SAP_CPI,3PL_PROVIDER,DESADV,SUCCESS,113.3,1.2,0
LOG-0003683,2026-08-26 12:28:13.079035,IF-004,SAP_ECC,B2B_VAN_SPS,INVOIC,SUCCESS,29.2,16.67,0
LOG-0002450,2026-08-26 12:57:54.079035,IF-001,SAP_ECC,SFDC_CRM,ORDERS,SUCCESS,37.8,6.42,0
LOG-0004529,2026-08-26 13:11:23.079035,IF-002,SAP_S4HANA,WMS_MANHATTAN,DESADV,SUCCESS,65.5,7.83,0
LOG-0004357,2026-08-26 13:21:59.079035,IF-005,SAP_S4HANA,BTP_APP,OData,SUCCESS,14.5,8.18,0
LOG-0004376,2026-08-26 13:25:11.079035,IF-006,LEGACY_MAINFRAME,SAP_ECC,MATMAS,SUCCESS,72.1,48.18,0
LOG-0001493,2026-08-26 13:29:50.079035,IF-007,SAP_S4HANA,DATA_LAKE,CDC,SUCCESS,14.7,2.98,0
LOG-0003687,2026-08-26 13:35:15.079035,IF-002,SAP_S4HANA,WMS_MANHATTAN,DESADV,SUCCESS,60.0,18.8,0
LOG-0003354,2026-08-26 13:39:33.079035,IF-002,SAP_S4HANA,WMS_MANHATTAN,DESADV,SUCCESS,147.4,3.79,0
LOG-0001817,2026-08-26 13:44:58.079035,IF-005,SAP_S4HANA,BTP_APP,OData,SUCCESS,63.7,12.06,0
LOG-0004924,2026-08-26 13:53:00.079035,IF-003,SAP_S4HANA,ARIBA_NETWORK,ORDRSP,SUCCESS,33.0,19.05,0
LOG-0003448,2026-08-26 14:09:33.079035,IF-008,SAP_CPI,3PL_PROVIDER,DESADV,SUCCESS,49.0,13.33,0
LOG-0002813,2026-08-26 14:17:10.079035,IF-007,SAP_S4HANA,DATA_LAKE,CDC,SUCCESS,64.6,5.47,0
LOG-0002831,2026-08-26 14:36:17.079035,IF-001,SAP_ECC,SFDC_CRM,ORDERS,SUCCESS,121.0,19.02,0
LOG-0000482,2026-08-26 14:48:18.079035,IF-001,SAP_ECC,SFDC_CRM,ORDERS,SUCCESS,137.6,33.26,0
LOG-0000637,2026-08-26 14:49:18.079035,IF-007,SAP_S4HANA,DATA_LAKE,CDC,SUCCESS,80.7,3.2,0
LOG-0003799,2026-08-26 14:51:47.079035,IF-006,LEGACY_MAINFRAME,SAP_ECC,MATMAS,SUCCESS,152.5,8.69,0
LOG-0001130,2026-08-26 14:53:32.079035,IF-007,SAP_S4HANA,DATA_LAKE,CDC,SUCCESS,88.2,31.34,0
LOG-0002682,2026-08-26 15:00:40.079035,IF-005,SAP_S4HANA,BTP_APP,OData,SUCCESS,91.9,4.4,0
LOG-0002658,2026-08-26 15:09:41.079035,IF-005,SAP_S4HANA,BTP_APP,OData,SUCCESS,43.6,0.84,0
LOG-0001121,2026-08-26 15:19:51.079035,IF-007,SAP_S4HANA,DATA_LAKE,CDC,SUCCESS,64.1,0.42,0
LOG-0001027,2026-08-26 15:23:27.079035,IF-005,SAP_S4HANA,BTP_APP,OData,SUCCESS,114.8,4.64,0
LOG-0001032,2026-08-26 15:55:26.079035,IF-006,LEGACY_MAINFRAME,SAP_ECC,MATMAS,SUCCESS,150.4,4.94,0
LOG-0003742,2026-08-26 16:03:28.079035,IF-001,SAP_ECC,SFDC_CRM,ORDERS,SUCCESS,29.4,3.51,0
LOG-0001399,2026-08-26 16:17:15.079035,IF-001,SAP_ECC,SFDC_CRM,ORDERS,SUCCESS,48.3,5.69,0
LOG-0004384,2026-08-26 16:20:48.079035,IF-004,SAP_ECC,B2B_VAN_SPS,INVOIC,SUCCESS,81.3,2.65,0
LOG-0004670,2026-08-26 16:29:55.079035,IF-003,SAP_S4HANA,ARIBA_NETWORK,ORDRSP,SUCCESS,100.6,5.76,0
LOG-0004667,2026-08-26 16:31:15.079035,IF-008,SAP_CPI,3PL_PROVIDER,DESADV,SUCCESS,79.3,6.27,0
LOG-0003711,2026-08-26 16:51:47.079035,IF-001,SAP_ECC,SFDC_CRM,ORDERS,SUCCESS,66.4,3.83,0
LOG-0003441,2026-08-26 16:58:32.079035,IF-007,SAP_S4HANA,DATA_LAKE,CDC,SUCCESS,184.6,16.6,0
LOG-0000884,2026-08-26 17:36:27.079035,IF-006,LEGACY_MAINFRAME,SAP_ECC,MATMAS,RETRY,21.5,5.34,3
LOG-0000917,2026-08-26 17:41:47.079035,IF-007,SAP_S4HANA,DATA_LAKE,CDC,SUCCESS,57.7,110.35,0
LOG-0001207,2026-08-26 17:53:21.079035,IF-004,SAP_ECC,B2B_VAN_SPS,INVOIC,SUCCESS,78.7,0.66,0
LOG-0001106,2026-08-26 17:58:29.079035,IF-005,SAP_S4HANA,BTP_APP,OData,SUCCESS,40.6,10.58,0
LOG-0001393,2026-08-26 18:09:06.079035,IF-001,SAP_ECC,SFDC_CRM,ORDERS,SUCCESS,309.6,10.98,0
LOG-0003342,2026-08-26 18:11:49.079035,IF-001,SAP_ECC,SFDC_CRM,ORDERS,SUCCESS,48.8,7.52,0
LOG-0002409,2026-08-26 18:50:16.079035,IF-008,SAP_CPI,3PL_PROVIDER,DESADV,SUCCESS,57.9,11.13,0
LOG-0000157,2026-08-26 19:07:36.079035,IF-004,SAP_ECC,B2B_VAN_SPS,INVOIC,FAILED,57.4,10.99,3
LOG-0004726,2026-08-26 19:11:24.079035,IF-001,SAP_ECC,SFDC_CRM,ORDERS,SUCCESS,87.2,4.77,0
LOG-0000003,2026-08-26 19:17:28.079035,IF-001,SAP_ECC,SFDC_CRM,ORDERS,SUCCESS,40.3,4.45,0
LOG-0003898,2026-08-26 19:19:14.079035,IF-005,SAP_S4HANA,BTP_APP,OData,SUCCESS,52.4,3.45,0
LOG-0003090,2026-08-26 19:29:31.079035,IF-008,SAP_CPI,3PL_PROVIDER,DESADV,SUCCESS,53.7,15.56,0
LOG-0004283,2026-08-26 19:31:03.079035,IF-006,LEGACY_MAINFRAME,SAP_ECC,MATMAS,SUCCESS,33.2,2.66,0
LOG-0004485,2026-08-26 19:38:14.079035,IF-003,SAP_S4HANA,ARIBA_NETWORK,ORDRSP,SUCCESS,108.4,2.68,0
LOG-0002524,2026-08-26 19:41:16.079035,IF-005,SAP_S4HANA,BTP_APP,OData,SUCCESS,59.3,0.88,0
LOG-0000621,2026-08-26 20:27:39.079035,IF-005,SAP_S4HANA,BTP_APP,OData,SUCCESS,100.3,17.08,0
LOG-0000781,2026-08-26 20:29:24.079035,IF-002,SAP_S4HANA,WMS_MANHATTAN,DESADV,SUCCESS,34.7,11.67,0
LOG-0001403,2026-08-26 20:32:35.079035,IF-006,LEGACY_MAINFRAME,SAP_ECC,MATMAS,SUCCESS,128.9,26.33,0
LOG-0002416,2026-08-26 20:34:21.079035,IF-006,LEGACY_MAINFRAME,SAP_ECC,MATMAS,TIMEOUT,34.5,6.65,0
LOG-0003070,2026-08-26 20:35:48.079035,IF-004,SAP_ECC,B2B_VAN_SPS,INVOIC,SUCCESS,151.2,9.58,0
LOG-0004746,2026-08-26 20:37:40.079035,IF-007,SAP_S4HANA,DATA_LAKE,CDC,TIMEOUT,54.0,11.42,3
LOG-0004154,2026-08-26 20:48:17.079035,IF-006,LEGACY_MAINFRAME,SAP_ECC,MATMAS,SUCCESS,93.6,20.93,0
LOG-0001219,2026-08-26 21:04:03.079035,IF-008,SAP_CPI,3PL_PROVIDER,DESADV,SUCCESS,64.4,0.87,0
LOG-0004497,2026-08-26 21:10:39.079035,IF-002,SAP_S4HANA,WMS_MANHATTAN,DESADV,SUCCESS,66.3,2.61,0
LOG-0004627,2026-08-26 21:14:12.079035,IF-003,SAP_S4HANA,ARIBA_NETWORK,ORDRSP,SUCCESS,64.0,2.33,0
LOG-0000937,2026-08-26 21:21:48.079035,IF-003,SAP_S4HANA,ARIBA_NETWORK,ORDRSP,SUCCESS,68.7,26.96,0
LOG-0003740,2026-08-26 21:30:09.079035,IF-005,SAP_S4HANA,BTP_APP,OData,SUCCESS,74.4,5.94,0
LOG-0000751,2026-08-26 21:43:15.079035,IF-005,SAP_S4HANA,BTP_APP,OData,SUCCESS,98.2,8.95,0
LOG-0000389,2026-08-26 21:55:21.079035,IF-005,SAP_S4HANA,BTP_APP,OData,SUCCESS,48.5,18.5,0
LOG-0003901,2026-08-26 21:57:37.079035,IF-006,LEGACY_MAINFRAME,SAP_ECC,MATMAS,SUCCESS,36.4,3.34,0
LOG-0003237,2026-08-26 21:59:04.079035,IF-005,SAP_S4HANA,BTP_APP,OData,SUCCESS,101.3,13.04,0
LOG-0003158,2026-08-26 22:15:05.079035,IF-003,SAP_S4HANA,ARIBA_NETWORK,ORDRSP,SUCCESS,100.1,4.78,0
LOG-0001350,2026-08-26 22:16:17.079035,IF-008,SAP_CPI,3PL_PROVIDER,DESADV,RETRY,59.6,12.41,2
LOG-0000694,2026-08-26 22:29:52.079035,IF-003,SAP_S4HANA,ARIBA_NETWORK,ORDRSP,SUCCESS,46.6,1.68,0
LOG-0002179,2026-08-26 22:31:35.079035,IF-004,SAP_ECC,B2B_VAN_SPS,INVOIC,SUCCESS,40.2,5.57,0
LOG-0003904,2026-08-26 22:34:41.079035,IF-002,SAP_S4HANA,WMS_MANHATTAN,DESADV,SUCCESS,72.8,23.44,0
LOG-0002059,2026-08-26 22:37:05.079035,IF-002,SAP_S4HANA,WMS_MANHATTAN,DESADV,RETRY,96.1,8.75,1
LOG-0004477,2026-08-26 22:45:57.079035,IF-008,SAP_CPI,3PL_PROVIDER,DESADV,SUCCESS,57.2,8.38,0
LOG-0000442,2026-08-26 22:52:52.079035,IF-006,LEGACY_MAINFRAME,SAP_ECC,MATMAS,SUCCESS,32.6,8.99,0
LOG-0004590,2026-08-26 22:53:49.079035,IF-008,SAP_CPI,3PL_PROVIDER,DESADV,SUCCESS,85.8,5.87,0
LOG-0000396,2026-08-26 22:54:29.079035,IF-008,SAP_CPI,3PL_PROVIDER,DESADV,SUCCESS,175.2,6.56,0
LOG-0001715,2026-08-26 22:58:01.079035,IF-006,LEGACY_MAINFRAME,SAP_ECC,MATMAS,SUCCESS,45.9,1.36,0
LOG-0000903,2026-08-26 23:13:10.079035,IF-008,SAP_CPI,3PL_PROVIDER,DESADV,SUCCESS,43.1,1.77,0
LOG-0000093,2026-08-26 23:15:15.079035,IF-003,SAP_S4HANA,ARIBA_NETWORK,ORDRSP,SUCCESS,58.2,34.09,0
LOG-0002186,2026-08-26 23:18:29.079035,IF-001,SAP_ECC,SFDC_CRM,ORDERS,SUCCESS,118.2,10.07,0
LOG-0000703,2026-08-26 23:26:36.079035,IF-008,SAP_CPI,3PL_PROVIDER,DESADV,SUCCESS,20.3,42.41,0
LOG-0000419,2026-08-26 23:38:05.079035,IF-006,LEGACY_MAINFRAME,SAP_ECC,MATMAS,SUCCESS,194.4,9.91,0
LOG-0002459,2026-08-26 23:57:50.079035,IF-002,SAP_S4HANA,WMS_MANHATTAN,DESADV,SUCCESS,21.0,1.74,0
LOG-0003992,2026-08-27 00:08:44.079035,IF-003,SAP_S4HANA,ARIBA_NETWORK,ORDRSP,TIMEOUT,2121.7,7.83,1
LOG-0004664,2026-08-27 00:33:06.079035,IF-002,SAP_S4HANA,WMS_MANHATTAN,DESADV,SUCCESS,63.4,4.11,0
LOG-0001890,2026-08-27 01:24:08.079035,IF-008,SAP_CPI,3PL_PROVIDER,DESADV,SUCCESS,107.1,1.88,0
LOG-0001514,2026-08-27 01:26:59.079035,IF-007,SAP_S4HANA,DATA_LAKE,CDC,SUCCESS,26.0,4.92,0
LOG-0004603,2026-08-27 01:37:00.079035,IF-007,SAP_S4HANA,DATA_LAKE,CDC,SUCCESS,82.5,4.67,0
LOG-0000391,2026-08-27 01:38:45.079035,IF-005,SAP_S4HANA,BTP_APP,OData,SUCCESS,30.2,30.2,0
LOG-0002795,2026-08-27 01:40:55.079035,IF-003,SAP_S4HANA,ARIBA_NETWORK,ORDRSP,SUCCESS,134.8,2.93,0
LOG-0004031,2026-08-27 01:41:24.079035,IF-004,SAP_ECC,B2B_VAN_SPS,INVOIC,SUCCESS,50.0,6.74,0
LOG-0002496,2026-08-27 01:50:58.079035,IF-003,SAP_S4HANA,ARIBA_NETWORK,ORDRSP,SUCCESS,67.6,10.12,0
LOG-0001909,2026-08-27 01:59:26.079035,IF-008,SAP_CPI,3PL_PROVIDER,DESADV,SUCCESS,24.0,26.43,0
LOG-0000952,2026-08-27 02:01:28.079035,IF-003,SAP_S4HANA,ARIBA_NETWORK,ORDRSP,SUCCESS,31.9,35.82,0
LOG-0002569,2026-08-27 02:07:45.079035,IF-007,SAP_S4HANA,DATA_LAKE,CDC,SUCCESS,37.6,11.36,0
LOG-0000737,2026-08-27 02:13:21.079035,IF-002,SAP_S4HANA,WMS_MANHATTAN,DESADV,SUCCESS,46.1,17.11,0
LOG-0001498,2026-08-27 02:27:31.079035,IF-003,SAP_S4HANA,ARIBA_NETWORK,ORDRSP,SUCCESS,68.0,7.23,0
LOG-0001303,2026-08-27 03:07:31.079035,IF-008,SAP_CPI,3PL_PROVIDER,DESADV,SUCCESS,181.0,6.76,0
LOG-0003831,2026-08-27 03:18:39.079035,IF-008,SAP_CPI,3PL_PROVIDER,DESADV,SUCCESS,89.7,4.37,0
LOG-0002111,2026-08-27 03:46:43.079035,IF-003,SAP_S4HANA,ARIBA_NETWORK,ORDRSP,FAILED,36.3,54.19,2
LOG-0001262,2026-08-27 03:46:59.079035,IF-006,LEGACY_MAINFRAME,SAP_ECC,MATMAS,SUCCESS,68.8,10.48,0
LOG-0004030,2026-08-27 03:51:27.079035,IF-007,SAP_S4HANA,DATA_LAKE,CDC,SUCCESS,42.9,6.16,0
LOG-0002234,2026-08-27 04:14:32.079035,IF-005,SAP_S4HANA,BTP_APP,OData,SUCCESS,27.6,7.46,0
LOG-0002398,2026-08-27 04:21:42.079035,IF-006,LEGACY_MAINFRAME,SAP_ECC,MATMAS,SUCCESS,56.2,20.41,0
LOG-0000331,2026-08-27 04:27:09.079035,IF-001,SAP_ECC,SFDC_CRM,ORDERS,SUCCESS,31.7,8.33,0
LOG-0000855,2026-08-27 04:27:27.079035,IF-002,SAP_S4HANA,WMS_MANHATTAN,DESADV,SUCCESS,22.4,10.77,0
LOG-0003942,2026-08-27 04:42:49.079035,IF-002,SAP_S4HANA,WMS_MANHATTAN,DESADV,FAILED,92.8,45.96,0
LOG-0002032,2026-08-27 05:27:33.079035,IF-006,LEGACY_MAINFRAME,SAP_ECC,MATMAS,SUCCESS,166.9,8.86,0
LOG-0002997,2026-08-27 05:45:28.079035,IF-008,SAP_CPI,3PL_PROVIDER,DESADV,SUCCESS,46.9,2.89,0
LOG-0000262,2026-08-27 06:15:32.079035,IF-004,SAP_ECC,B2B_VAN_SPS,INVOIC,SUCCESS,91.4,7.64,0
LOG-0004113,2026-08-27 06:33:35.079035,IF-003,SAP_S4HANA,ARIBA_NETWORK,ORDRSP,SUCCESS,80.6,0.25,0
LOG-0001101,2026-08-27 06:45:28.079035,IF-008,SAP_CPI,3PL_PROVIDER,DESADV,SUCCESS,41.0,7.62,0
LOG-0001749,2026-08-27 06:59:28.079035,IF-008,SAP_CPI,3PL_PROVIDER,DESADV,SUCCESS,158.7,3.92,0
LOG-0000408,2026-08-27 07:02:40.079035,IF-003,SAP_S4HANA,ARIBA_NETWORK,ORDRSP,SUCCESS,115.5,18.11,0
LOG-0000476,2026-08-27 07:27:06.079035,IF-001,SAP_ECC,SFDC_CRM,ORDERS,SUCCESS,47.8,7.35,0
LOG-0001751,2026-08-27 07:28:22.079035,IF-004,SAP_ECC,B2B_VAN_SPS,INVOIC,SUCCESS,53.1,2.36,0
LOG-0001089,2026-08-27 07:39:20.079035,IF-007,SAP_S4HANA,DATA_LAKE,CDC,SUCCESS,44.3,4.93,0
LOG-0001504,2026-08-27 07:46:36.079035,IF-001,SAP_ECC,SFDC_CRM,ORDERS,SUCCESS,72.2,19.51,0
LOG-0003528,2026-08-27 07:49:03.079035,IF-003,SAP_S4HANA,ARIBA_NETWORK,ORDRSP,SUCCESS,60.1,80.83,0
LOG-0003812,2026-08-27 07:53:06.079035,IF-002,SAP_S4HANA,WMS_MANHATTAN,DESADV,SUCCESS,47.1,2.11,0
LOG-0000954,2026-08-27 08:09:19.079035,IF-006,LEGACY_MAINFRAME,SAP_ECC,MATMAS,SUCCESS,49.5,5.08,0
LOG-0000607,2026-08-27 08:20:18.079035,IF-003,SAP_S4HANA,ARIBA_NETWORK,ORDRSP,SUCCESS,37.3,5.04,0
LOG-0002240,2026-08-27 08:24:55.079035,IF-002,SAP_S4HANA,WMS_MANHATTAN,DESADV,TIMEOUT,147.7,3.71,1
LOG-0001473,2026-08-27 08:31:20.079035,IF-005,SAP_S4HANA,BTP_APP,OData,SUCCESS,62.6,17.96,0
LOG-0000838,2026-08-27 08:40:56.079035,IF-004,SAP_ECC,B2B_VAN_SPS,INVOIC,SUCCESS,112.8,10.0,0
LOG-0000042,2026-08-27 08:41:46.079035,IF-002,SAP_S4HANA,WMS_MANHATTAN,DESADV,SUCCESS,90.3,1.26,0
LOG-0000204,2026-08-27 08:41:48.079035,IF-007,SAP_S4HANA,DATA_LAKE,CDC,RETRY,46.9,7.98,3
LOG-0004618,2026-08-27 08:49:47.079035,IF-008,SAP_CPI,3PL_PROVIDER,DESADV,SUCCESS,54.6,4.35,0
LOG-0004976,2026-08-27 09:03:24.079035,IF-001,SAP_ECC,SFDC_CRM,ORDERS,SUCCESS,25.8,14.72,0
LOG-0001977,2026-08-27 09:13:39.079035,IF-005,SAP_S4HANA,BTP_APP,OData,SUCCESS,112.6,18.62,0
LOG-0003194,2026-08-27 09:14:52.079035,IF-006,LEGACY_MAINFRAME,SAP_ECC,MATMAS,RETRY,121.3,23.81,0
LOG-0002789,2026-08-27 09:29:44.079035,IF-002,SAP_S4HANA,WMS_MANHATTAN,DESADV,SUCCESS,96.8,31.14,0
LOG-0002500,2026-08-27 09:37:01.079035,IF-005,SAP_S4HANA,BTP_APP,OData,SUCCESS,42.2,3.11,0
LOG-0000666,2026-08-27 09:59:01.079035,IF-004,SAP_ECC,B2B_VAN_SPS,INVOIC,SUCCESS,244.3,28.0,0
LOG-0003431,2026-08-27 10:11:39.079035,IF-003,SAP_S4HANA,ARIBA_NETWORK,ORDRSP,SUCCESS,114.3,3.23,0
LOG-0003957,2026-08-27 10:31:55.079035,IF-005,SAP_S4HANA,BTP_APP,OData,SUCCESS,50.9,5.75,0
LOG-0002900,2026-08-27 10:40:19.079035,IF-001,SAP_ECC,SFDC_CRM,ORDERS,SUCCESS,44.9,45.28,0
LOG-0000657,2026-08-27 10:43:39.079035,IF-004,SAP_ECC,B2B_VAN_SPS,INVOIC,SUCCESS,21.7,2.31,0
LOG-0003075,2026-08-27 11:01:05.079035,IF-008,SAP_CPI,3PL_PROVIDER,DESADV,SUCCESS,133.0,28.14,0
LOG-0000006,2026-08-27 11:04:43.079035,IF-007,SAP_S4HANA,DATA_LAKE,CDC,SUCCESS,90.0,1.44,0
LOG-0002513,2026-08-27 11:14:27.079035,IF-007,SAP_S4HANA,DATA_LAKE,CDC,SUCCESS,120.4,10.59,0
LOG-0000433,2026-08-27 11:20:20.079035,IF-006,LEGACY_MAINFRAME,SAP_ECC,MATMAS,SUCCESS,190.1,0.96,0
LOG-0002595,2026-08-27 11:32:04.079035,IF-006,LEGACY_MAINFRAME,SAP_ECC,MATMAS,SUCCESS,57.3,2.36,0
LOG-0002259,2026-08-27 11:33:45.079035,IF-005,SAP_S4HANA,BTP_APP,OData,SUCCESS,33.5,7.87,0
LOG-0002271,2026-08-27 11:38:10.079035,IF-007,SAP_S4HANA,DATA_LAKE,CDC,FAILED,72.9,17.01,3
LOG-0002142,2026-08-27 11:42:54.079035,IF-004,SAP_ECC,B2B_VAN_SPS,INVOIC,SUCCESS,41.5,1.87,0
LOG-0002106,2026-08-27 12:06:06.079035,IF-001,SAP_ECC,SFDC_CRM,ORDERS,SUCCESS,179.0,21.12,0
LOG-0002004,2026-08-27 12:07:10.079035,IF-005,SAP_S4HANA,BTP_APP,OData,SUCCESS,64.5,15.3,0
LOG-0001401,2026-08-27 12:24:07.079035,IF-001,SAP_ECC,SFDC_CRM,ORDERS,SUCCESS,65.7,15.5,0
LOG-0002372,2026-08-27 13:03:38.079035,IF-003,SAP_S4HANA,ARIBA_NETWORK,ORDRSP,SUCCESS,52.1,12.44,0
LOG-0001811,2026-08-27 13:06:19.079035,IF-002,SAP_S4HANA,WMS_MANHATTAN,DESADV,SUCCESS,43.9,67.14,0
LOG-0002491,2026-08-27 13:12:05.079035,IF-008,SAP_CPI,3PL_PROVIDER,DESADV,SUCCESS,81.2,18.6,0
LOG-0001395,2026-08-27 13:36:16.079035,IF-002,SAP_S4HANA,WMS_MANHATTAN,DESADV,SUCCESS,59.5,2.2,0
LOG-0001090,2026-08-27 14:04:33.079035,IF-003,SAP_S4HANA,ARIBA_NETWORK,ORDRSP,SUCCESS,47.6,1.85,0
LOG-0003604,2026-08-27 14:12:52.079035,IF-008,SAP_CPI,3PL_PROVIDER,DESADV,SUCCESS,49.4,2.36,0
LOG-0003349,2026-08-27 14:14:18.079035,IF-008,SAP_CPI,3PL_PROVIDER,DESADV,SUCCESS,52.3,2.54,0
LOG-0001276,2026-08-27 14:14:24.079035,IF-002,SAP_S4HANA,WMS_MANHATTAN,DESADV,SUCCESS,132.8,2.79,0
LOG-0002367,2026-08-27 14:15:12.079035,IF-003,SAP_S4HANA,ARIBA_NETWORK,ORDRSP,SUCCESS,35.3,5.58,0
LOG-0003209,2026-08-27 14:23:15.079035,IF-006,LEGACY_MAINFRAME,SAP_ECC,MATMAS,SUCCESS,60.4,12.43,0
LOG-0003218,2026-08-27 14:32:13.079035,IF-008,SAP_CPI,3PL_PROVIDER,DESADV,FAILED,81.0,2.32,3
LOG-0001231,2026-08-27 14:34:06.079035,IF-008,SAP_CPI,3PL_PROVIDER,DESADV,SUCCESS,151.3,16.9,0
LOG-0001150,2026-08-27 14:50:17.079035,IF-001,SAP_ECC,SFDC_CRM,ORDERS,SUCCESS,125.5,2.83,0
LOG-0002666,2026-08-27 14:50:32.079035,IF-002,SAP_S4HANA,WMS_MANHATTAN,DESADV,SUCCESS,24.5,1.23,0
LOG-0004434,2026-08-27 15:02:01.079035,IF-008,SAP_CPI,3PL_PROVIDER,DESADV,SUCCESS,86.1,9.94,0
LOG-0004411,2026-08-27 15:17:37.079035,IF-001,SAP_ECC,SFDC_CRM,ORDERS,SUCCESS,263.2,10.1,0
LOG-0003759,2026-08-27 15:18:04.079035,IF-001,SAP_ECC,SFDC_CRM,ORDERS,SUCCESS,244.2,4.02,0
LOG-0005000,2026-08-27 15:38:03.079035,IF-001,SAP_ECC,SFDC_CRM,ORDERS,FAILED,202.9,10.5,2
LOG-0003056,2026-08-27 15:45:40.079035,IF-006,LEGACY_MAINFRAME,SAP_ECC,MATMAS,SUCCESS,800.2,18.69,0
LOG-0002197,2026-08-27 15:49:07.079035,IF-008,SAP_CPI,3PL_PROVIDER,DESADV,SUCCESS,115.5,14.77,0
LOG-0004230,2026-08-27 15:56:36.079035,IF-004,SAP_ECC,B2B_VAN_SPS,INVOIC,SUCCESS,145.4,1.46,0
LOG-0001518,2026-08-27 16:05:34.079035,IF-007,SAP_S4HANA,DATA_LAKE,CDC,SUCCESS,41.1,1.43,0
LOG-0003282,2026-08-27 16:23:23.079035,IF-002,SAP_S4HANA,WMS_MANHATTAN,DESADV,SUCCESS,136.5,47.52,0
LOG-0004459,2026-08-27 16:24:57.079035,IF-008,SAP_CPI,3PL_PROVIDER,DESADV,SUCCESS,236.4,13.25,0
LOG-0003668,2026-08-27 16:34:45.079035,IF-001,SAP_ECC,SFDC_CRM,ORDERS,SUCCESS,131.8,15.05,0
LOG-0000057,2026-08-27 16:35:24.079035,IF-001,SAP_ECC,SFDC_CRM,ORDERS,FAILED,127.7,7.0,2
LOG-0003962,2026-08-27 16:52:36.079035,IF-004,SAP_ECC,B2B_VAN_SPS,INVOIC,SUCCESS,132.7,0.79,0
LOG-0001301,2026-08-27 17:04:01.079035,IF-002,SAP_S4HANA,WMS_MANHATTAN,DESADV,SUCCESS,165.3,12.57,0
LOG-0001338,2026-08-27 17:15:28.079035,IF-008,SAP_CPI,3PL_PROVIDER,DESADV,TIMEOUT,450.7,4.4,1
LOG-0002470,2026-08-27 17:19:34.079035,IF-005,SAP_S4HANA,BTP_APP,OData,RETRY,41.5,5.28,3
LOG-0001924,2026-08-27 18:02:11.079035,IF-008,SAP_CPI,3PL_PROVIDER,DESADV,SUCCESS,38.6,16.45,0
LOG-0003180,2026-08-27 18:06:12.079035,IF-008,SAP_CPI,3PL_PROVIDER,DESADV,SUCCESS,35.1,7.46,0
LOG-0004655,2026-08-27 18:06:16.079035,IF-007,SAP_S4HANA,DATA_LAKE,CDC,SUCCESS,141.1,5.02,0
LOG-0001703,2026-08-27 18:17:49.079035,IF-002,SAP_S4HANA,WMS_MANHATTAN,DESADV,FAILED,59.5,22.14,0
LOG-0001134,2026-08-27 18:29:00.079035,IF-002,SAP_S4HANA,WMS_MANHATTAN,DESADV,SUCCESS,64.8,15.51,0
LOG-0001412,2026-08-27 18:32:41.079035,IF-003,SAP_S4HANA,ARIBA_NETWORK,ORDRSP,SUCCESS,108.7,11.19,0
LOG-0003018,2026-08-27 19:07:02.079035,IF-003,SAP_S4HANA,ARIBA_NETWORK,ORDRSP,SUCCESS,43.0,6.15,0
LOG-0001875,2026-08-27 19:09:38.079035,IF-008,SAP_CPI,3PL_PROVIDER,DESADV,SUCCESS,49.1,34.76,0
LOG-0004426,2026-08-27 19:21:38.079035,IF-005,SAP_S4HANA,BTP_APP,OData,FAILED,32.3,0.54,2
LOG-0004963,2026-08-27 19:24:15.079035,IF-003,SAP_S4HANA,ARIBA_NETWORK,ORDRSP,SUCCESS,102.0,74.69,0
LOG-0002929,2026-08-27 19:51:50.079035,IF-007,SAP_S4HANA,DATA_LAKE,CDC,SUCCESS,124.6,88.94,0
LOG-0003406,2026-08-27 20:21:02.079035,IF-001,SAP_ECC,SFDC_CRM,ORDERS,SUCCESS,22.4,17.97,0
LOG-0000632,2026-08-27 20:28:55.079035,IF-001,SAP_ECC,SFDC_CRM,ORDERS,SUCCESS,78.6,4.9,0
LOG-0001945,2026-08-27 20:46:10.079035,IF-004,SAP_ECC,B2B_VAN_SPS,INVOIC,SUCCESS,84.3,3.35,0
LOG-0000962,2026-08-27 20:53:25.079035,IF-007,SAP_S4HANA,DATA_LAKE,CDC,SUCCESS,30.9,4.46,0
LOG-0003795,2026-08-27 21:12:11.079035,IF-004,SAP_ECC,B2B_VAN_SPS,INVOIC,SUCCESS,67.7,6.28,0
LOG-0000856,2026-08-27 21:18:29.079035,IF-005,SAP_S4HANA,BTP_APP,OData,RETRY,33.0,1.13,2
LOG-0002996,2026-08-27 21:24:50.079035,IF-008,SAP_CPI,3PL_PROVIDER,DESADV,SUCCESS,86.6,7.49,0
LOG-0003652,2026-08-27 21:30:26.079035,IF-001,SAP_ECC,SFDC_CRM,ORDERS,SUCCESS,194.4,16.29,0
LOG-0000090,2026-08-27 21:35:22.079035,IF-003,SAP_S4HANA,ARIBA_NETWORK,ORDRSP,SUCCESS,70.2,1.71,0
LOG-0001832,2026-08-27 21:35:33.079035,IF-006,LEGACY_MAINFRAME,SAP_ECC,MATMAS,SUCCESS,30.3,2.59,0
LOG-0004327,2026-08-27 21:39:13.079035,IF-001,SAP_ECC,SFDC_CRM,ORDERS,SUCCESS,79.0,2.39,0
LOG-0001280,2026-08-27 21:59:50.079035,IF-007,SAP_S4HANA,DATA_LAKE,CDC,SUCCESS,160.8,13.37,0
LOG-0004730,2026-08-27 22:49:05.079035,IF-002,SAP_S4HANA,WMS_MANHATTAN,DESADV,SUCCESS,25.8,17.78,0
LOG-0000035,2026-08-27 22:49:33.079035,IF-003,SAP_S4HANA,ARIBA_NETWORK,ORDRSP,SUCCESS,43.3,11.01,0
LOG-0000731,2026-08-27 22:54:03.079035,IF-007,SAP_S4HANA,DATA_LAKE,CDC,SUCCESS,81.2,11.22,0
LOG-0004988,2026-08-27 22:59:10.079035,IF-002,SAP_S4HANA,WMS_MANHATTAN,DESADV,FAILED,44.3,3.82,1
LOG-0001794,2026-08-27 23:26:37.079035,IF-007,SAP_S4HANA,DATA_LAKE,CDC,SUCCESS,50.3,7.53,0
LOG-0003808,2026-08-27 23:32:28.079035,IF-008,SAP_CPI,3PL_PROVIDER,DESADV,SUCCESS,76.9,19.72,0
LOG-0001053,2026-08-27 23:35:08.079035,IF-005,SAP_S4HANA,BTP_APP,OData,FAILED,63.9,14.89,0
LOG-0000480,2026-08-27 23:40:13.079035,IF-005,SAP_S4HANA,BTP_APP,OData,SUCCESS,131.0,2.11,0
LOG-0002505,2026-08-28 00:09:53.079035,IF-002,SAP_S4HANA,WMS_MANHATTAN,DESADV,SUCCESS,187.6,53.54,0
LOG-0000740,2026-08-28 00:16:46.079035,IF-007,SAP_S4HANA,DATA_LAKE,CDC,SUCCESS,114.5,3.62,0
LOG-0004715,2026-08-28 00:34:44.079035,IF-006,LEGACY_MAINFRAME,SAP_ECC,MATMAS,SUCCESS,16.7,1.34,0
LOG-0001760,2026-08-28 00:43:26.079035,IF-007,SAP_S4HANA,DATA_LAKE,CDC,SUCCESS,131.9,45.11,0
LOG-0003301,2026-08-28 00:48:14.079035,IF-007,SAP_S4HANA,DATA_LAKE,CDC,SUCCESS,38.1,3.76,0
LOG-0004744,2026-08-28 00:49:47.079035,IF-007,SAP_S4HANA,DATA_LAKE,CDC,SUCCESS,20.7,0.49,0
LOG-0000493,2026-08-28 00:51:51.079035,IF-007,SAP_S4HANA,DATA_LAKE,CDC,SUCCESS,115.9,7.2,0
LOG-0000706,2026-08-28 01:12:38.079035,IF-001,SAP_ECC,SFDC_CRM,ORDERS,SUCCESS,66.9,7.53,0
LOG-0000263,2026-08-28 01:17:12.079035,IF-008,SAP_CPI,3PL_PROVIDER,DESADV,SUCCESS,99.9,4.34,0
LOG-0002406,2026-08-28 01:20:50.079035,IF-001,SAP_ECC,SFDC_CRM,ORDERS,SUCCESS,32.5,14.15,0
LOG-0002533,2026-08-28 01:25:01.079035,IF-002,SAP_S4HANA,WMS_MANHATTAN,DESADV,SUCCESS,35.9,16.79,0
LOG-0001812,2026-08-28 01:26:05.079035,IF-007,SAP_S4HANA,DATA_LAKE,CDC,SUCCESS,196.0,3.83,0
LOG-0002468,2026-08-28 01:34:05.079035,IF-008,SAP_CPI,3PL_PROVIDER,DESADV,SUCCESS,300.6,24.6,0
LOG-0003727,2026-08-28 01:37:36.079035,IF-003,SAP_S4HANA,ARIBA_NETWORK,ORDRSP,SUCCESS,45.8,20.69,0
LOG-0000999,2026-08-28 01:44:48.079035,IF-004,SAP_ECC,B2B_VAN_SPS,INVOIC,SUCCESS,84.5,28.51,0
LOG-0004018,2026-08-28 01:47:09.079035,IF-007,SAP_S4HANA,DATA_LAKE,CDC,SUCCESS,23.5,7.63,0
LOG-0001159,2026-08-28 01:47:24.079035,IF-001,SAP_ECC,SFDC_CRM,ORDERS,SUCCESS,107.9,2.98,0
LOG-0003379,2026-08-28 01:53:02.079035,IF-001,SAP_ECC,SFDC_CRM,ORDERS,SUCCESS,53.4,9.8,0
LOG-0000472,2026-08-28 02:07:16.079035,IF-006,LEGACY_MAINFRAME,SAP_ECC,MATMAS,SUCCESS,68.7,4.2,0
LOG-0001809,2026-08-28 02:14:19.079035,IF-008,SAP_CPI,3PL_PROVIDER,DESADV,SUCCESS,39.1,11.08,0
LOG-0001523,2026-08-28 02:20:17.079035,IF-008,SAP_CPI,3PL_PROVIDER,DESADV,FAILED,72.6,7.42,0
LOG-0000031,2026-08-28 02:32:56.079035,IF-007,SAP_S4HANA,DATA_LAKE,CDC,SUCCESS,77.8,15.05,0
LOG-0001037,2026-08-28 02:39:28.079035,IF-006,LEGACY_MAINFRAME,SAP_ECC,MATMAS,SUCCESS,65.0,9.65,0
LOG-0004072,2026-08-28 02:43:58.079035,IF-005,SAP_S4HANA,BTP_APP,OData,SUCCESS,209.8,7.29,0
LOG-0002830,2026-08-28 03:02:35.079035,IF-003,SAP_S4HANA,ARIBA_NETWORK,ORDRSP,SUCCESS,33.5,2.27,0
LOG-0004413,2026-08-28 03:05:29.079035,IF-005,SAP_S4HANA,BTP_APP,OData,SUCCESS,53.8,6.47,0
LOG-0003945,2026-08-28 03:24:51.079035,IF-007,SAP_S4HANA,DATA_LAKE,CDC,SUCCESS,45.3,6.14,0
LOG-0001057,2026-08-28 03:31:04.079035,IF-001,SAP_ECC,SFDC_CRM,ORDERS,SUCCESS,28.2,5.02,0
LOG-0002712,2026-08-28 03:42:57.079035,IF-004,SAP_ECC,B2B_VAN_SPS,INVOIC,SUCCESS,28.9,5.69,0
LOG-0003828,2026-08-28 03:53:57.079035,IF-006,LEGACY_MAINFRAME,SAP_ECC,MATMAS,SUCCESS,28.3,7.2,0
LOG-0000784,2026-08-28 03:54:16.079035,IF-006,LEGACY_MAINFRAME,SAP_ECC,MATMAS,SUCCESS,82.7,4.53,0
LOG-0004867,2026-08-28 04:00:19.079035,IF-001,SAP_ECC,SFDC_CRM,ORDERS,SUCCESS,54.1,2.93,0
LOG-0001129,2026-08-28 04:04:49.079035,IF-008,SAP_CPI,3PL_PROVIDER,DESADV,SUCCESS,56.5,13.66,0
LOG-0000885,2026-08-28 04:08:13.079035,IF-002,SAP_S4HANA,WMS_MANHATTAN,DESADV,SUCCESS,15.6,7.13,0
LOG-0000270,2026-08-28 04:17:42.079035,IF-005,SAP_S4HANA,BTP_APP,OData,SUCCESS,21.3,7.08,0
LOG-0004881,2026-08-28 04:36:18.079035,IF-002,SAP_S4HANA,WMS_MANHATTAN,DESADV,SUCCESS,65.3,5.5,0
LOG-0003505,2026-08-28 04:39:21.079035,IF-001,SAP_ECC,SFDC_CRM,ORDERS,FAILED,63.0,3.61,1
LOG-0000772,2026-08-28 04:46:15.079035,IF-007,SAP_S4HANA,DATA_LAKE,CDC,SUCCESS,78.1,22.5,0
LOG-0002390,2026-08-28 04:56:16.079035,IF-002,SAP_S4HANA,WMS_MANHATTAN,DESADV,SUCCESS,47.1,4.27,0
LOG-0000091,2026-08-28 05:45:31.079035,IF-007,SAP_S4HANA,DATA_LAKE,CDC,SUCCESS,97.0,2.67,0
LOG-0002600,2026-08-28 05:52:49.079035,IF-002,SAP_S4HANA,WMS_MANHATTAN,DESADV,SUCCESS,34.4,4.54,0
LOG-0002426,2026-08-28 05:53:53.079035,IF-005,SAP_S4HANA,BTP_APP,OData,SUCCESS,45.3,10.6,0
LOG-0000291,2026-08-28 06:04:43.079035,IF-002,SAP_S4HANA,WMS_MANHATTAN,DESADV,SUCCESS,52.0,3.48,0
LOG-0003264,2026-08-28 06:08:08.079035,IF-004,SAP_ECC,B2B_VAN_SPS,INVOIC,SUCCESS,54.7,1.23,0
LOG-0003816,2026-08-28 06:09:27.079035,IF-007,SAP_S4HANA,DATA_LAKE,CDC,SUCCESS,38.4,4.59,0
LOG-0001622,2026-08-28 06:12:38.079035,IF-007,SAP_S4HANA,DATA_LAKE,CDC,SUCCESS,101.7,9.32,0
LOG-0002093,2026-08-28 06:19:05.079035,IF-003,SAP_S4HANA,ARIBA_NETWORK,ORDRSP,SUCCESS,132.8,3.12,0
LOG-0002718,2026-08-28 06:24:38.079035,IF-004,SAP_ECC,B2B_VAN_SPS,INVOIC,SUCCESS,65.3,33.99,0
LOG-0003443,2026-08-28 06:25:26.079035,IF-005,SAP_S4HANA,BTP_APP,OData,SUCCESS,59.6,8.09,0
LOG-0002577,2026-08-28 06:26:39.079035,IF-005,SAP_S4HANA,BTP_APP,OData,SUCCESS,183.9,6.96,0
LOG-0002667,2026-08-28 06:30:32.079035,IF-008,SAP_CPI,3PL_PROVIDER,DESADV,SUCCESS,71.0,16.78,0
LOG-0002140,2026-08-28 06:37:26.079035,IF-004,SAP_ECC,B2B_VAN_SPS,INVOIC,FAILED,106.2,25.38,3
LOG-0001829,2026-08-28 06:38:49.079035,IF-003,SAP_S4HANA,ARIBA_NETWORK,ORDRSP,RETRY,93.3,7.02,0
LOG-0003867,2026-08-28 06:43:00.079035,IF-004,SAP_ECC,B2B_VAN_SPS,INVOIC,TIMEOUT,67.0,25.05,0
LOG-0000540,2026-08-28 06:53:57.079035,IF-007,SAP_S4HANA,DATA_LAKE,CDC,RETRY,71.9,15.03,3
LOG-0003575,2026-08-28 07:01:43.079035,IF-003,SAP_S4HANA,ARIBA_NETWORK,ORDRSP,SUCCESS,55.7,5.64,0
LOG-0001112,2026-08-28 07:14:48.079035,IF-004,SAP_ECC,B2B_VAN_SPS,INVOIC,SUCCESS,55.2,34.96,0
LOG-0004141,2026-08-28 07:14:59.079035,IF-005,SAP_S4HANA,BTP_APP,OData,SUCCESS,77.5,6.74,0
LOG-0000676,2026-08-28 07:15:34.079035,IF-005,SAP_S4HANA,BTP_APP,OData,RETRY,110.5,3.36,1
LOG-0001732,2026-08-28 07:23:45.079035,IF-005,SAP_S4HANA,BTP_APP,OData,SUCCESS,19.0,1.88,0
LOG-0004974,2026-08-28 07:50:08.079035,IF-003,SAP_S4HANA,ARIBA_NETWORK,ORDRSP,SUCCESS,132.0,1.72,0
LOG-0003480,2026-08-28 08:02:00.079035,IF-007,SAP_S4HANA,DATA_LAKE,CDC,RETRY,1201.7,2.93,3
LOG-0001793,2026-08-28 08:08:28.079035,IF-001,SAP_ECC,SFDC_CRM,ORDERS,SUCCESS,86.4,9.25,0
LOG-0004767,2026-08-28 08:12:51.079035,IF-007,SAP_S4HANA,DATA_LAKE,CDC,SUCCESS,49.7,29.41,0
LOG-0000982,2026-08-28 08:15:14.079035,IF-007,SAP_S4HANA,DATA_LAKE,CDC,SUCCESS,73.3,3.54,0
LOG-0002926,2026-08-28 08:19:41.079035,IF-004,SAP_ECC,B2B_VAN_SPS,INVOIC,TIMEOUT,54.4,5.2,0
LOG-0002976,2026-08-28 08:22:29.079035,IF-003,SAP_S4HANA,ARIBA_NETWORK,ORDRSP,SUCCESS,267.2,2.37,0
LOG-0004954,2026-08-28 08:32:49.079035,IF-008,SAP_CPI,3PL_PROVIDER,DESADV,SUCCESS,218.1,3.56,0
LOG-0000715,2026-08-28 08:36:14.079035,IF-001,SAP_ECC,SFDC_CRM,ORDERS,SUCCESS,127.4,5.99,0
LOG-0001243,2026-08-28 08:48:47.079035,IF-001,SAP_ECC,SFDC_CRM,ORDERS,TIMEOUT,246.0,5.95,2
LOG-0004920,2026-08-28 08:58:47.079035,IF-003,SAP_S4HANA,ARIBA_NETWORK,ORDRSP,SUCCESS,109.1,18.28,0
LOG-0001051,2026-08-28 09:07:18.079035,IF-002,SAP_S4HANA,WMS_MANHATTAN,DESADV,SUCCESS,66.4,2.29,0
LOG-0002945,2026-08-28 09:11:11.079035,IF-002,SAP_S4HANA,WMS_MANHATTAN,DESADV,SUCCESS,15.1,4.02,0
LOG-0001928,2026-08-28 09:14:45.079035,IF-005,SAP_S4HANA,BTP_APP,OData,SUCCESS,92.6,14.1,0
LOG-0004913,2026-08-28 09:28:35.079035,IF-005,SAP_S4HANA,BTP_APP,OData,SUCCESS,103.4,29.4,0
LOG-0000817,2026-08-28 09:35:56.079035,IF-007,SAP_S4HANA,DATA_LAKE,CDC,SUCCESS,230.8,1.65,0
LOG-0004420,2026-08-28 09:48:54.079035,IF-007,SAP_S4HANA,DATA_LAKE,CDC,SUCCESS,60.8,0.64,0
LOG-0003239,2026-08-28 09:48:59.079035,IF-003,SAP_S4HANA,ARIBA_NETWORK,ORDRSP,FAILED,26.9,69.39,1
LOG-0003411,2026-08-28 09:49:46.079035,IF-008,SAP_CPI,3PL_PROVIDER,DESADV,SUCCESS,59.2,37.19,0
LOG-0000359,2026-08-28 10:06:18.079035,IF-001,SAP_ECC,SFDC_CRM,ORDERS,SUCCESS,18.9,2.48,0
LOG-0000210,2026-08-28 10:12:26.079035,IF-004,SAP_ECC,B2B_VAN_SPS,INVOIC,SUCCESS,50.7,5.59,0
LOG-0004097,2026-08-28 10:17:03.079035,IF-004,SAP_ECC,B2B_VAN_SPS,INVOIC,SUCCESS,36.7,9.99,0
LOG-0002653,2026-08-28 10:34:58.079035,IF-003,SAP_S4HANA,ARIBA_NETWORK,ORDRSP,SUCCESS,48.1,1.68,0
LOG-0002040,2026-08-28 10:39:06.079035,IF-003,SAP_S4HANA,ARIBA_NETWORK,ORDRSP,TIMEOUT,53.2,6.52,2
LOG-0004470,2026-08-28 10:46:22.079035,IF-003,SAP_S4HANA,ARIBA_NETWORK,ORDRSP,FAILED,107.5,3.89,2
LOG-0002269,2026-08-28 10:49:43.079035,IF-007,SAP_S4HANA,DATA_LAKE,CDC,SUCCESS,33.7,23.11,0
LOG-0003139,2026-08-28 10:49:58.079035,IF-008,SAP_CPI,3PL_PROVIDER,DESADV,SUCCESS,135.8,10.38,0
LOG-0001296,2026-08-28 10:52:43.079035,IF-007,SAP_S4HANA,DATA_LAKE,CDC,SUCCESS,22.6,2.64,0
LOG-0003023,2026-08-28 11:29:04.079035,IF-004,SAP_ECC,B2B_VAN_SPS,INVOIC,SUCCESS,152.5,5.73,0
LOG-0001671,2026-08-28 11:35:13.079035,IF-005,SAP_S4HANA,BTP_APP,OData,RETRY,304.8,16.73,2
LOG-0002383,2026-08-28 11:50:59.079035,IF-006,LEGACY_MAINFRAME,SAP_ECC,MATMAS,SUCCESS,42.0,11.21,0
LOG-0000362,2026-08-28 11:51:17.079035,IF-008,SAP_CPI,3PL_PROVIDER,DESADV,SUCCESS,74.6,27.07,0
LOG-0002387,2026-08-28 11:51:41.079035,IF-003,SAP_S4HANA,ARIBA_NETWORK,ORDRSP,SUCCESS,46.3,16.18,0
LOG-0002202,2026-08-28 12:20:49.079035,IF-002,SAP_S4HANA,WMS_MANHATTAN,DESADV,SUCCESS,22.3,6.19,0
LOG-0001451,2026-08-28 12:24:45.079035,IF-004,SAP_ECC,B2B_VAN_SPS,INVOIC,SUCCESS,136.6,7.15,0
LOG-0004640,2026-08-28 12:27:57.079035,IF-002,SAP_S4HANA,WMS_MANHATTAN,DESADV,SUCCESS,32.8,3.23,0
LOG-0004659,2026-08-28 12:28:22.079035,IF-003,SAP_S4HANA,ARIBA_NETWORK,ORDRSP,SUCCESS,55.1,12.1,0
LOG-0001942,2026-08-28 12:38:01.079035,IF-001,SAP_ECC,SFDC_CRM,ORDERS,SUCCESS,46.1,1.99,0
LOG-0001736,2026-08-28 12:39:01.079035,IF-002,SAP_S4HANA,WMS_MANHATTAN,DESADV,SUCCESS,26.7,4.31,0
LOG-0000680,2026-08-28 12:40:45.079035,IF-005,SAP_S4HANA,BTP_APP,OData,SUCCESS,52.4,6.84,0
LOG-0004812,2026-08-28 12:57:32.079035,IF-003,SAP_S4HANA,ARIBA_NETWORK,ORDRSP,SUCCESS,17.1,13.05,0
LOG-0002509,2026-08-28 13:00:07.079035,IF-005,SAP_S4HANA,BTP_APP,OData,SUCCESS,222.5,8.65,0
LOG-0003661,2026-08-28 13:14:20.079035,IF-001,SAP_ECC,SFDC_CRM,ORDERS,SUCCESS,60.3,4.61,0
LOG-0004775,2026-08-28 13:23:20.079035,IF-001,SAP_ECC,SFDC_CRM,ORDERS,SUCCESS,50.2,10.74,0
LOG-0002378,2026-08-28 13:32:06.079035,IF-002,SAP_S4HANA,WMS_MANHATTAN,DESADV,SUCCESS,89.2,8.06,0
LOG-0004095,2026-08-28 13:37:25.079035,IF-002,SAP_S4HANA,WMS_MANHATTAN,DESADV,SUCCESS,40.6,9.54,0
LOG-0004452,2026-08-28 13:37:56.079035,IF-005,SAP_S4HANA,BTP_APP,OData,SUCCESS,63.5,6.59,0
LOG-0002284,2026-08-28 13:38:24.079035,IF-004,SAP_ECC,B2B_VAN_SPS,INVOIC,SUCCESS,115.9,4.41,0
LOG-0000770,2026-08-28 13:53:33.079035,IF-005,SAP_S4HANA,BTP_APP,OData,RETRY,22.5,1.58,3
LOG-0002938,2026-08-28 14:10:43.079035,IF-005,SAP_S4HANA,BTP_APP,OData,SUCCESS,20.3,9.43,0
LOG-0000162,2026-08-28 14:30:20.079035,IF-005,SAP_S4HANA,BTP_APP,OData,SUCCESS,44.9,3.8,0
LOG-0000409,2026-08-28 14:32:22.079035,IF-004,SAP_ECC,B2B_VAN_SPS,INVOIC,SUCCESS,82.1,3.08,0
LOG-0003991,2026-08-28 14:32:32.079035,IF-007,SAP_S4HANA,DATA_LAKE,CDC,SUCCESS,55.4,4.07,0
LOG-0004027,2026-08-28 14:36:07.079035,IF-004,SAP_ECC,B2B_VAN_SPS,INVOIC,SUCCESS,118.6,81.34,0
LOG-0004101,2026-08-28 14:36:27.079035,IF-008,SAP_CPI,3PL_PROVIDER,DESADV,SUCCESS,64.9,4.34,0
LOG-0001610,2026-08-28 14:42:19.079035,IF-003,SAP_S4HANA,ARIBA_NETWORK,ORDRSP,SUCCESS,80.9,8.29,0
LOG-0004720,2026-08-28 14:46:38.079035,IF-004,SAP_ECC,B2B_VAN_SPS,INVOIC,FAILED,101.4,4.48,3
LOG-0003631,2026-08-28 14:55:12.079035,IF-005,SAP_S4HANA,BTP_APP,OData,SUCCESS,53.8,5.05,0
LOG-0001853,2026-08-28 15:02:26.079035,IF-004,SAP_ECC,B2B_VAN_SPS,INVOIC,SUCCESS,72.0,4.35,0
LOG-0003452,2026-08-28 15:02:41.079035,IF-003,SAP_S4HANA,ARIBA_NETWORK,ORDRSP,SUCCESS,57.0,5.71,0
LOG-0000998,2026-08-28 15:11:31.079035,IF-005,SAP_S4HANA,BTP_APP,OData,SUCCESS,29.6,3.44,0
LOG-0000105,2026-08-28 15:14:57.079035,IF-006,LEGACY_MAINFRAME,SAP_ECC,MATMAS,SUCCESS,30.5,2.2,0
LOG-0004312,2026-08-28 15:16:04.079035,IF-005,SAP_S4HANA,BTP_APP,OData,SUCCESS,56.9,4.26,0
LOG-0001227,2026-08-28 15:48:59.079035,IF-005,SAP_S4HANA,BTP_APP,OData,SUCCESS,51.2,3.91,0
LOG-0000202,2026-08-28 15:51:12.079035,IF-002,SAP_S4HANA,WMS_MANHATTAN,DESADV,SUCCESS,51.9,2.47,0
LOG-0001358,2026-08-28 15:54:53.079035,IF-006,LEGACY_MAINFRAME,SAP_ECC,MATMAS,SUCCESS,61.4,5.49,0
LOG-0000893,2026-08-28 15:57:26.079035,IF-008,SAP_CPI,3PL_PROVIDER,DESADV,SUCCESS,34.7,16.73,0
LOG-0000957,2026-08-28 16:02:13.079035,IF-005,SAP_S4HANA,BTP_APP,OData,RETRY,38.1,10.96,2
LOG-0003923,2026-08-28 16:12:05.079035,IF-004,SAP_ECC,B2B_VAN_SPS,INVOIC,SUCCESS,30.3,3.55,0
LOG-0003191,2026-08-28 16:13:01.079035,IF-008,SAP_CPI,3PL_PROVIDER,DESADV,RETRY,381.9,13.33,1
LOG-0003307,2026-08-28 16:19:39.079035,IF-001,SAP_ECC,SFDC_CRM,ORDERS,SUCCESS,78.0,1.51,0
LOG-0000449,2026-08-28 16:35:12.079035,IF-008,SAP_CPI,3PL_PROVIDER,DESADV,SUCCESS,60.4,5.01,0
LOG-0000732,2026-08-28 16:39:26.079035,IF-007,SAP_S4HANA,DATA_LAKE,CDC,SUCCESS,73.7,1.66,0
LOG-0001650,2026-08-28 16:41:36.079035,IF-001,SAP_ECC,SFDC_CRM,ORDERS,FAILED,131.4,7.77,2
LOG-0004472,2026-08-28 16:53:23.079035,IF-001,SAP_ECC,SFDC_CRM,ORDERS,SUCCESS,19.2,6.5,0
LOG-0000272,2026-08-28 16:53:47.079035,IF-007,SAP_S4HANA,DATA_LAKE,CDC,SUCCESS,36.2,21.41,0
LOG-0002957,2026-08-28 17:02:10.079035,IF-006,LEGACY_MAINFRAME,SAP_ECC,MATMAS,SUCCESS,132.0,9.88,0
LOG-0001911,2026-08-28 17:14:27.079035,IF-002,SAP_S4HANA,WMS_MANHATTAN,DESADV,SUCCESS,84.4,3.24,0
LOG-0001620,2026-08-28 17:18:54.079035,IF-006,LEGACY_MAINFRAME,SAP_ECC,MATMAS,SUCCESS,33.0,18.62,0
LOG-0000960,2026-08-28 17:40:16.079035,IF-001,SAP_ECC,SFDC_CRM,ORDERS,SUCCESS,189.7,32.65,0
LOG-0002311,2026-08-28 17:50:44.079035,IF-005,SAP_S4HANA,BTP_APP,OData,TIMEOUT,68.8,7.77,0
LOG-0004490,2026-08-28 17:51:03.079035,IF-001,SAP_ECC,SFDC_CRM,ORDERS,SUCCESS,41.0,13.08,0
LOG-0002930,2026-08-28 18:05:21.079035,IF-004,SAP_ECC,B2B_VAN_SPS,INVOIC,SUCCESS,21.9,34.66,0
LOG-0004019,2026-08-28 18:19:34.079035,IF-003,SAP_S4HANA,ARIBA_NETWORK,ORDRSP,SUCCESS,101.4,1.5,0
LOG-0002516,2026-08-28 18:21:17.079035,IF-004,SAP_ECC,B2B_VAN_SPS,INVOIC,SUCCESS,22.4,8.77,0
LOG-0003434,2026-08-28 18:23:26.079035,IF-003,SAP_S4HANA,ARIBA_NETWORK,ORDRSP,SUCCESS,51.6,28.12,0
LOG-0001465,2026-08-28 18:45:14.079035,IF-001,SAP_ECC,SFDC_CRM,ORDERS,SUCCESS,53.4,22.38,0
LOG-0004783,2026-08-28 19:03:21.079035,IF-008,SAP_CPI,3PL_PROVIDER,DESADV,SUCCESS,75.4,48.19,0
LOG-0000047,2026-08-28 19:09:50.079035,IF-001,SAP_ECC,SFDC_CRM,ORDERS,SUCCESS,93.3,5.46,0
LOG-0004090,2026-08-28 19:25:03.079035,IF-004,SAP_ECC,B2B_VAN_SPS,INVOIC,RETRY,663.1,15.59,0
LOG-0001461,2026-08-28 19:29:05.079035,IF-002,SAP_S4HANA,WMS_MANHATTAN,DESADV,SUCCESS,75.7,24.44,0
LOG-0000994,2026-08-28 19:29:35.079035,IF-007,SAP_S4HANA,DATA_LAKE,CDC,SUCCESS,100.6,22.81,0
LOG-0002318,2026-08-28 19:32:30.079035,IF-006,LEGACY_MAINFRAME,SAP_ECC,MATMAS,SUCCESS,29.3,8.59,0
LOG-0000447,2026-08-28 19:35:49.079035,IF-005,SAP_S4HANA,BTP_APP,OData,SUCCESS,39.4,19.17,0
LOG-0002845,2026-08-28 19:42:53.079035,IF-005,SAP_S4HANA,BTP_APP,OData,SUCCESS,44.0,38.51,0
LOG-0001265,2026-08-28 19:49:28.079035,IF-007,SAP_S4HANA,DATA_LAKE,CDC,SUCCESS,106.2,8.2,0
LOG-0002019,2026-08-28 20:22:17.079035,IF-005,SAP_S4HANA,BTP_APP,OData,SUCCESS,34.8,1.2,0
LOG-0002601,2026-08-28 20:22:40.079035,IF-006,LEGACY_MAINFRAME,SAP_ECC,MATMAS,SUCCESS,86.8,5.22,0
LOG-0004925,2026-08-28 20:24:18.079035,IF-002,SAP_S4HANA,WMS_MANHATTAN,DESADV,SUCCESS,63.3,4.71,0
LOG-0000541,2026-08-28 20:28:08.079035,IF-005,SAP_S4HANA,BTP_APP,OData,SUCCESS,77.1,58.63,0
LOG-0003248,2026-08-28 20:32:47.079035,IF-006,LEGACY_MAINFRAME,SAP_ECC,MATMAS,SUCCESS,127.9,3.55,0
LOG-0004295,2026-08-28 20:36:08.079035,IF-003,SAP_S4HANA,ARIBA_NETWORK,ORDRSP,SUCCESS,21.6,19.55,0
LOG-0004564,2026-08-28 20:40:43.079035,IF-006,LEGACY_MAINFRAME,SAP_ECC,MATMAS,SUCCESS,50.5,7.07,0
LOG-0000791,2026-08-28 21:22:28.079035,IF-006,LEGACY_MAINFRAME,SAP_ECC,MATMAS,SUCCESS,189.2,17.37,0
LOG-0002117,2026-08-28 21:27:16.079035,IF-001,SAP_ECC,SFDC_CRM,ORDERS,SUCCESS,74.3,5.97,0
LOG-0003703,2026-08-28 21:36:32.079035,IF-005,SAP_S4HANA,BTP_APP,OData,SUCCESS,79.7,10.54,0
LOG-0004294,2026-08-28 21:41:45.079035,IF-008,SAP_CPI,3PL_PROVIDER,DESADV,SUCCESS,35.1,5.85,0
LOG-0003316,2026-08-28 21:48:24.079035,IF-005,SAP_S4HANA,BTP_APP,OData,SUCCESS,74.2,2.16,0
LOG-0004034,2026-08-28 21:57:13.079035,IF-004,SAP_ECC,B2B_VAN_SPS,INVOIC,SUCCESS,31.8,3.16,0
LOG-0001729,2026-08-28 22:01:33.079035,IF-005,SAP_S4HANA,BTP_APP,OData,SUCCESS,28.0,21.41,0
LOG-0001103,2026-08-28 22:07:51.079035,IF-008,SAP_CPI,3PL_PROVIDER,DESADV,SUCCESS,35.5,1.55,0
LOG-0001165,2026-08-28 22:08:11.079035,IF-003,SAP_S4HANA,ARIBA_NETWORK,ORDRSP,SUCCESS,69.3,17.57,0
LOG-0004285,2026-08-28 22:08:19.079035,IF-008,SAP_CPI,3PL_PROVIDER,DESADV,SUCCESS,154.5,20.92,0
LOG-0003677,2026-08-28 22:22:09.079035,IF-007,SAP_S4HANA,DATA_LAKE,CDC,SUCCESS,49.7,11.76,0
LOG-0000861,2026-08-28 22:30:31.079035,IF-001,SAP_ECC,SFDC_CRM,ORDERS,SUCCESS,109.0,3.33,0
LOG-0004830,2026-08-28 22:38:08.079035,IF-004,SAP_ECC,B2B_VAN_SPS,INVOIC,SUCCESS,43.2,1.57,0
LOG-0004648,2026-08-28 22:42:01.079035,IF-005,SAP_S4HANA,BTP_APP,OData,FAILED,32.5,0.9,0
LOG-0000494,2026-08-28 22:45:18.079035,IF-006,LEGACY_MAINFRAME,SAP_ECC,MATMAS,SUCCESS,35.5,33.85,0
LOG-0003848,2026-08-28 22:58:09.079035,IF-007,SAP_S4HANA,DATA_LAKE,CDC,SUCCESS,17.1,13.08,0
LOG-0004159,2026-08-28 23:13:44.079035,IF-007,SAP_S4HANA,DATA_LAKE,CDC,SUCCESS,102.5,15.24,0
LOG-0001017,2026-08-28 23:13:51.079035,IF-004,SAP_ECC,B2B_VAN_SPS,INVOIC,SUCCESS,50.2,12.16,0
LOG-0000773,2026-08-28 23:20:21.079035,IF-001,SAP_ECC,SFDC_CRM,ORDERS,SUCCESS,71.0,6.95,0
LOG-0003961,2026-08-28 23:27:32.079035,IF-001,SAP_ECC,SFDC_CRM,ORDERS,SUCCESS,73.2,3.71,0
LOG-0000039,2026-08-28 23:36:10.079035,IF-007,SAP_S4HANA,DATA_LAKE,CDC,SUCCESS,51.3,5.03,0
LOG-0000879,2026-08-28 23:39:20.079035,IF-005,SAP_S4HANA,BTP_APP,OData,SUCCESS,62.0,2.07,0
LOG-0003579,2026-08-29 00:01:38.079035,IF-002,SAP_S4HANA,WMS_MANHATTAN,DESADV,SUCCESS,56.9,22.18,0
LOG-0000858,2026-08-29 00:03:47.079035,IF-002,SAP_S4HANA,WMS_MANHATTAN,DESADV,SUCCESS,55.4,19.87,0
LOG-0000699,2026-08-29 00:14:58.079035,IF-008,SAP_CPI,3PL_PROVIDER,DESADV,SUCCESS,61.4,14.63,0
LOG-0001155,2026-08-29 00:18:54.079035,IF-003,SAP_S4HANA,ARIBA_NETWORK,ORDRSP,SUCCESS,42.6,4.11,0
LOG-0002527,2026-08-29 00:26:59.079035,IF-005,SAP_S4HANA,BTP_APP,OData,SUCCESS,165.8,2.54,0
LOG-0004761,2026-08-29 00:39:23.079035,IF-002,SAP_S4HANA,WMS_MANHATTAN,DESADV,RETRY,96.5,56.94,1
LOG-0001025,2026-08-29 00:50:03.079035,IF-004,SAP_ECC,B2B_VAN_SPS,INVOIC,SUCCESS,29.8,2.76,0
LOG-0001962,2026-08-29 00:52:42.079035,IF-003,SAP_S4HANA,ARIBA_NETWORK,ORDRSP,FAILED,92.1,10.72,1
LOG-0002434,2026-08-29 00:54:44.079035,IF-002,SAP_S4HANA,WMS_MANHATTAN,DESADV,SUCCESS,20.1,9.71,0
LOG-0001874,2026-08-29 00:56:29.079035,IF-001,SAP_ECC,SFDC_CRM,ORDERS,SUCCESS,21.1,13.39,0
LOG-0000830,2026-08-29 01:09:27.079035,IF-001,SAP_ECC,SFDC_CRM,ORDERS,SUCCESS,33.4,50.67,0
LOG-0002489,2026-08-29 01:09:52.079035,IF-008,SAP_CPI,3PL_PROVIDER,DESADV,SUCCESS,97.0,1.96,0
LOG-0001660,2026-08-29 01:17:42.079035,IF-004,SAP_ECC,B2B_VAN_SPS,INVOIC,SUCCESS,86.8,13.12,0
LOG-0000250,2026-08-29 01:52:17.079035,IF-002,SAP_S4HANA,WMS_MANHATTAN,DESADV,SUCCESS,30.0,7.01,0
LOG-0003014,2026-08-29 01:57:30.079035,IF-007,SAP_S4HANA,DATA_LAKE,CDC,SUCCESS,71.7,18.92,0
LOG-0004263,2026-08-29 02:02:50.079035,IF-008,SAP_CPI,3PL_PROVIDER,DESADV,RETRY,50.2,3.9,2
LOG-0000930,2026-08-29 02:05:41.079035,IF-007,SAP_S4HANA,DATA_LAKE,CDC,SUCCESS,23.6,3.12,0
LOG-0003921,2026-08-29 02:06:55.079035,IF-007,SAP_S4HANA,DATA_LAKE,CDC,SUCCESS,96.8,4.37,0
LOG-0004317,2026-08-29 02:27:47.079035,IF-001,SAP_ECC,SFDC_CRM,ORDERS,SUCCESS,45.3,12.14,0
LOG-0000150,2026-08-29 02:42:36.079035,IF-001,SAP_ECC,SFDC_CRM,ORDERS,SUCCESS,43.2,6.04,0
LOG-0002422,2026-08-29 02:50:38.079035,IF-002,SAP_S4HANA,WMS_MANHATTAN,DESADV,SUCCESS,100.1,2.78,0
LOG-0002045,2026-08-29 02:52:18.079035,IF-004,SAP_ECC,B2B_VAN_SPS,INVOIC,SUCCESS,35.8,24.19,0
LOG-0004164,2026-08-29 03:08:24.079035,IF-003,SAP_S4HANA,ARIBA_NETWORK,ORDRSP,SUCCESS,43.0,13.75,0
LOG-0000908,2026-08-29 03:15:28.079035,IF-003,SAP_S4HANA,ARIBA_NETWORK,ORDRSP,SUCCESS,159.1,4.23,0
LOG-0002561,2026-08-29 03:16:03.079035,IF-006,LEGACY_MAINFRAME,SAP_ECC,MATMAS,SUCCESS,56.1,15.39,0
LOG-0002156,2026-08-29 03:16:24.079035,IF-004,SAP_ECC,B2B_VAN_SPS,INVOIC,SUCCESS,29.4,4.61,0
LOG-0001878,2026-08-29 03:19:01.079035,IF-008,SAP_CPI,3PL_PROVIDER,DESADV,SUCCESS,56.2,4.9,0
LOG-0000148,2026-08-29 03:21:31.079035,IF-002,SAP_S4HANA,WMS_MANHATTAN,DESADV,SUCCESS,40.0,8.02,0
LOG-0002116,2026-08-29 03:22:30.079035,IF-005,SAP_S4HANA,BTP_APP,OData,SUCCESS,127.1,1.12,0
LOG-0004360,2026-08-29 03:23:17.079035,IF-006,LEGACY_MAINFRAME,SAP_ECC,MATMAS,SUCCESS,14.8,5.76,0
LOG-0000147,2026-08-29 03:25:44.079035,IF-002,SAP_S4HANA,WMS_MANHATTAN,DESADV,FAILED,620.1,8.26,2
LOG-0002656,2026-08-29 03:35:02.079035,IF-002,SAP_S4HANA,WMS_MANHATTAN,DESADV,SUCCESS,40.9,7.27,0
LOG-0002237,2026-08-29 03:51:24.079035,IF-001,SAP_ECC,SFDC_CRM,ORDERS,SUCCESS,63.7,33.59,0
LOG-0000322,2026-08-29 04:15:26.079035,IF-002,SAP_S4HANA,WMS_MANHATTAN,DESADV,SUCCESS,37.9,10.12,0
LOG-0004354,2026-08-29 04:39:03.079035,IF-002,SAP_S4HANA,WMS_MANHATTAN,DESADV,SUCCESS,38.3,4.26,0
LOG-0001949,2026-08-29 04:55:07.079035,IF-008,SAP_CPI,3PL_PROVIDER,DESADV,SUCCESS,69.5,8.26,0
LOG-0004929,2026-08-29 04:55:46.079035,IF-005,SAP_S4HANA,BTP_APP,OData,SUCCESS,76.6,4.86,0
LOG-0002479,2026-08-29 05:06:09.079035,IF-003,SAP_S4HANA,ARIBA_NETWORK,ORDRSP,SUCCESS,23.8,22.72,0
LOG-0000515,2026-08-29 05:22:35.079035,IF-001,SAP_ECC,SFDC_CRM,ORDERS,SUCCESS,54.1,26.45,0
LOG-0003474,2026-08-29 05:23:43.079035,IF-001,SAP_ECC,SFDC_CRM,ORDERS,SUCCESS,82.4,6.7,0
LOG-0001191,2026-08-29 05:25:57.079035,IF-004,SAP_ECC,B2B_VAN_SPS,INVOIC,SUCCESS,67.7,16.53,0
LOG-0004653,2026-08-29 05:36:26.079035,IF-003,SAP_S4HANA,ARIBA_NETWORK,ORDRSP,SUCCESS,51.4,5.53,0
LOG-0000390,2026-08-29 05:39:42.079035,IF-003,SAP_S4HANA,ARIBA_NETWORK,ORDRSP,SUCCESS,74.2,9.36,0
LOG-0001607,2026-08-29 05:49:36.079035,IF-002,SAP_S4HANA,WMS_MANHATTAN,DESADV,SUCCESS,77.2,2.57,0
LOG-0004939,2026-08-29 05:52:55.079035,IF-007,SAP_S4HANA,DATA_LAKE,CDC,SUCCESS,99.0,5.02,0
LOG-0003024,2026-08-29 06:03:01.079035,IF-006,LEGACY_MAINFRAME,SAP_ECC,MATMAS,SUCCESS,28.9,14.72,0
LOG-0002157,2026-08-29 06:35:33.079035,IF-007,SAP_S4HANA,DATA_LAKE,CDC,SUCCESS,49.0,4.03,0
LOG-0002458,2026-08-29 06:38:26.079035,IF-003,SAP_S4HANA,ARIBA_NETWORK,ORDRSP,SUCCESS,49.4,60.49,0
LOG-0002292,2026-08-29 06:41:36.079035,IF-004,SAP_ECC,B2B_VAN_SPS,INVOIC,SUCCESS,90.6,10.32,0
LOG-0003361,2026-08-29 06:41:40.079035,IF-003,SAP_S4HANA,ARIBA_NETWORK,ORDRSP,FAILED,128.5,6.55,1
LOG-0001495,2026-08-29 06:42:41.079035,IF-003,SAP_S4HANA,ARIBA_NETWORK,ORDRSP,RETRY,110.2,4.52,1
LOG-0001973,2026-08-29 06:53:46.079035,IF-003,SAP_S4HANA,ARIBA_NETWORK,ORDRSP,SUCCESS,33.0,17.28,0
LOG-0002917,2026-08-29 06:54:16.079035,IF-008,SAP_CPI,3PL_PROVIDER,DESADV,SUCCESS,100.8,4.5,0
LOG-0003226,2026-08-29 07:08:19.079035,IF-002,SAP_S4HANA,WMS_MANHATTAN,DESADV,SUCCESS,53.4,9.64,0
LOG-0004252,2026-08-29 07:16:35.079035,IF-007,SAP_S4HANA,DATA_LAKE,CDC,SUCCESS,31.5,1.57,0
LOG-0001091,2026-08-29 07:20:54.079035,IF-005,SAP_S4HANA,BTP_APP,OData,SUCCESS,61.4,27.77,0
LOG-0003609,2026-08-29 07:44:43.079035,IF-007,SAP_S4HANA,DATA_LAKE,CDC,SUCCESS,62.6,22.99,0
LOG-0002879,2026-08-29 07:45:41.079035,IF-005,SAP_S4HANA,BTP_APP,OData,SUCCESS,70.8,23.93,0
LOG-0003919,2026-08-29 07:46:45.079035,IF-002,SAP_S4HANA,WMS_MANHATTAN,DESADV,SUCCESS,47.3,18.28,0
LOG-0003009,2026-08-29 07:52:56.079035,IF-003,SAP_S4HANA,ARIBA_NETWORK,ORDRSP,SUCCESS,48.0,37.9,0
LOG-0001188,2026-08-29 08:02:57.079035,IF-006,LEGACY_MAINFRAME,SAP_ECC,MATMAS,SUCCESS,41.8,53.0,0
LOG-0003082,2026-08-29 08:04:12.079035,IF-002,SAP_S4HANA,WMS_MANHATTAN,DESADV,SUCCESS,43.1,13.72,0
LOG-0001080,2026-08-29 08:21:01.079035,IF-001,SAP_ECC,SFDC_CRM,ORDERS,SUCCESS,78.8,6.41,0
LOG-0003684,2026-08-29 08:25:03.079035,IF-006,LEGACY_MAINFRAME,SAP_ECC,MATMAS,SUCCESS,65.9,18.73,0
LOG-0004293,2026-08-29 08:29:19.079035,IF-005,SAP_S4HANA,BTP_APP,OData,SUCCESS,74.4,50.79,0
LOG-0003043,2026-08-29 09:10:00.079035,IF-002,SAP_S4HANA,WMS_MANHATTAN,DESADV,SUCCESS,33.5,16.23,0
LOG-0004045,2026-08-29 09:17:08.079035,IF-006,LEGACY_MAINFRAME,SAP_ECC,MATMAS,SUCCESS,128.9,1.54,0
LOG-0001269,2026-08-29 09:32:53.079035,IF-005,SAP_S4HANA,BTP_APP,OData,RETRY,72.6,8.24,3
LOG-0004859,2026-08-29 09:33:05.079035,IF-005,SAP_S4HANA,BTP_APP,OData,SUCCESS,71.6,5.6,0
LOG-0000131,2026-08-29 09:36:10.079035,IF-002,SAP_S4HANA,WMS_MANHATTAN,DESADV,SUCCESS,60.8,3.99,0
LOG-0002394,2026-08-29 09:43:10.079035,IF-007,SAP_S4HANA,DATA_LAKE,CDC,SUCCESS,39.2,4.14,0
LOG-0002895,2026-08-29 09:49:36.079035,IF-001,SAP_ECC,SFDC_CRM,ORDERS,SUCCESS,70.0,11.31,0
LOG-0002961,2026-08-29 09:54:28.079035,IF-002,SAP_S4HANA,WMS_MANHATTAN,DESADV,SUCCESS,286.1,40.71,0
LOG-0000979,2026-08-29 10:06:12.079035,IF-006,LEGACY_MAINFRAME,SAP_ECC,MATMAS,SUCCESS,223.7,0.85,0
LOG-0000176,2026-08-29 10:11:55.079035,IF-003,SAP_S4HANA,ARIBA_NETWORK,ORDRSP,SUCCESS,117.2,38.7,0
LOG-0003790,2026-08-29 10:15:10.079035,IF-001,SAP_ECC,SFDC_CRM,ORDERS,SUCCESS,89.3,8.9,0
LOG-0004766,2026-08-29 10:27:24.079035,IF-008,SAP_CPI,3PL_PROVIDER,DESADV,SUCCESS,289.8,6.49,0
LOG-0003463,2026-08-29 10:31:25.079035,IF-007,SAP_S4HANA,DATA_LAKE,CDC,SUCCESS,73.0,14.03,0
LOG-0001460,2026-08-29 10:33:38.079035,IF-005,SAP_S4HANA,BTP_APP,OData,SUCCESS,83.7,14.15,0
LOG-0002129,2026-08-29 10:34:22.079035,IF-001,SAP_ECC,SFDC_CRM,ORDERS,SUCCESS,83.3,6.29,0
LOG-0000589,2026-08-29 10:46:19.079035,IF-005,SAP_S4HANA,BTP_APP,OData,SUCCESS,26.6,2.62,0
LOG-0001931,2026-08-29 11:01:53.079035,IF-003,SAP_S4HANA,ARIBA_NETWORK,ORDRSP,SUCCESS,75.6,23.4,0
LOG-0000219,2026-08-29 11:03:06.079035,IF-002,SAP_S4HANA,WMS_MANHATTAN,DESADV,SUCCESS,87.6,5.55,0
LOG-0004790,2026-08-29 11:12:06.079035,IF-002,SAP_S4HANA,WMS_MANHATTAN,DESADV,SUCCESS,66.5,3.75,0
LOG-0004394,2026-08-29 11:33:23.079035,IF-008,SAP_CPI,3PL_PROVIDER,DESADV,SUCCESS,83.0,53.03,0
LOG-0000193,2026-08-29 11:34:59.079035,IF-001,SAP_ECC,SFDC_CRM,ORDERS,SUCCESS,27.9,12.83,0
LOG-0001370,2026-08-29 11:54:33.079035,IF-008,SAP_CPI,3PL_PROVIDER,DESADV,FAILED,42.8,21.31,1
LOG-0000888,2026-08-29 12:08:01.079035,IF-004,SAP_ECC,B2B_VAN_SPS,INVOIC,SUCCESS,67.5,3.45,0
LOG-0002236,2026-08-29 12:13:20.079035,IF-006,LEGACY_MAINFRAME,SAP_ECC,MATMAS,SUCCESS,46.7,7.82,0
LOG-0000711,2026-08-29 12:14:07.079035,IF-003,SAP_S4HANA,ARIBA_NETWORK,ORDRSP,SUCCESS,49.1,13.31,0
LOG-0003999,2026-08-29 12:37:34.079035,IF-004,SAP_ECC,B2B_VAN_SPS,INVOIC,SUCCESS,90.8,5.41,0
LOG-0003724,2026-08-29 12:39:03.079035,IF-001,SAP_ECC,SFDC_CRM,ORDERS,SUCCESS,163.7,1.94,0
LOG-0003022,2026-08-29 12:39:54.079035,IF-004,SAP_ECC,B2B_VAN_SPS,INVOIC,SUCCESS,60.8,6.32,0
LOG-0001437,2026-08-29 12:41:16.079035,IF-007,SAP_S4HANA,DATA_LAKE,CDC,SUCCESS,45.9,2.13,0
LOG-0003645,2026-08-29 12:42:22.079035,IF-002,SAP_S4HANA,WMS_MANHATTAN,DESADV,SUCCESS,47.7,1.85,0
LOG-0000080,2026-08-29 12:47:22.079035,IF-002,SAP_S4HANA,WMS_MANHATTAN,DESADV,SUCCESS,102.3,10.65,0
LOG-0004844,2026-08-29 13:02:48.079035,IF-001,SAP_ECC,SFDC_CRM,ORDERS,SUCCESS,26.3,21.16,0
LOG-0004163,2026-08-29 13:06:33.079035,IF-003,SAP_S4HANA,ARIBA_NETWORK,ORDRSP,SUCCESS,65.4,3.2,0
LOG-0003328,2026-08-29 13:16:18.079035,IF-001,SAP_ECC,SFDC_CRM,ORDERS,FAILED,82.4,5.9,1
LOG-0003054,2026-08-29 13:26:07.079035,IF-002,SAP_S4HANA,WMS_MANHATTAN,DESADV,SUCCESS,71.0,0.79,0
LOG-0003708,2026-08-29 13:28:08.079035,IF-006,LEGACY_MAINFRAME,SAP_ECC,MATMAS,SUCCESS,49.1,2.58,0
LOG-0000739,2026-08-29 13:34:06.079035,IF-008,SAP_CPI,3PL_PROVIDER,DESADV,SUCCESS,44.4,15.89,0
LOG-0000434,2026-08-29 13:35:31.079035,IF-007,SAP_S4HANA,DATA_LAKE,CDC,SUCCESS,73.2,3.28,0
LOG-0002160,2026-08-29 13:37:19.079035,IF-006,LEGACY_MAINFRAME,SAP_ECC,MATMAS,SUCCESS,58.1,29.6,0
LOG-0004102,2026-08-29 13:49:03.079035,IF-001,SAP_ECC,SFDC_CRM,ORDERS,SUCCESS,61.8,4.62,0
LOG-0004520,2026-08-29 13:51:25.079035,IF-006,LEGACY_MAINFRAME,SAP_ECC,MATMAS,SUCCESS,24.5,3.19,0
LOG-0000571,2026-08-29 14:16:02.079035,IF-008,SAP_CPI,3PL_PROVIDER,DESADV,SUCCESS,55.9,3.08,0
LOG-0001197,2026-08-29 14:24:15.079035,IF-004,SAP_ECC,B2B_VAN_SPS,INVOIC,SUCCESS,106.6,6.71,0
LOG-0004578,2026-08-29 14:29:01.079035,IF-003,SAP_S4HANA,ARIBA_NETWORK,ORDRSP,RETRY,94.4,23.65,3
LOG-0003736,2026-08-29 14:32:36.079035,IF-004,SAP_ECC,B2B_VAN_SPS,INVOIC,SUCCESS,164.7,12.33,0
LOG-0002042,2026-08-29 14:35:26.079035,IF-007,SAP_S4HANA,DATA_LAKE,CDC,SUCCESS,40.5,4.35,0
LOG-0000354,2026-08-29 14:50:25.079035,IF-008,SAP_CPI,3PL_PROVIDER,DESADV,SUCCESS,185.3,3.12,0
LOG-0003955,2026-08-29 14:55:19.079035,IF-003,SAP_S4HANA,ARIBA_NETWORK,ORDRSP,SUCCESS,32.3,11.96,0
LOG-0001587,2026-08-29 14:55:29.079035,IF-002,SAP_S4HANA,WMS_MANHATTAN,DESADV,SUCCESS,43.6,4.87,0
LOG-0001976,2026-08-29 14:55:59.079035,IF-006,LEGACY_MAINFRAME,SAP_ECC,MATMAS,FAILED,56.2,17.04,2
LOG-0003383,2026-08-29 15:03:12.079035,IF-005,SAP_S4HANA,BTP_APP,OData,FAILED,32.0,19.72,1
LOG-0001613,2026-08-29 15:14:35.079035,IF-007,SAP_S4HANA,DATA_LAKE,CDC,SUCCESS,54.1,5.29,0
LOG-0003080,2026-08-29 15:20:40.079035,IF-004,SAP_ECC,B2B_VAN_SPS,INVOIC,TIMEOUT,70.0,37.05,2
LOG-0000878,2026-08-29 15:22:38.079035,IF-002,SAP_S4HANA,WMS_MANHATTAN,DESADV,SUCCESS,195.1,8.67,0
LOG-0000164,2026-08-29 15:37:46.079035,IF-004,SAP_ECC,B2B_VAN_SPS,INVOIC,RETRY,50.1,1.45,3
LOG-0000470,2026-08-29 15:57:18.079035,IF-003,SAP_S4HANA,ARIBA_NETWORK,ORDRSP,FAILED,286.0,13.02,2
LOG-0004242,2026-08-29 16:00:47.079035,IF-003,SAP_S4HANA,ARIBA_NETWORK,ORDRSP,TIMEOUT,63.5,11.09,3
LOG-0000947,2026-08-29 16:13:51.079035,IF-004,SAP_ECC,B2B_VAN_SPS,INVOIC,SUCCESS,57.8,6.63,0
LOG-0000509,2026-08-29 16:18:17.079035,IF-005,SAP_S4HANA,BTP_APP,OData,SUCCESS,37.5,10.62,0
LOG-0000217,2026-08-29 16:19:34.079035,IF-004,SAP_ECC,B2B_VAN_SPS,INVOIC,SUCCESS,51.4,8.72,0
LOG-0000669,2026-08-29 16:25:39.079035,IF-005,SAP_S4HANA,BTP_APP,OData,SUCCESS,221.5,0.6,0
LOG-0004375,2026-08-29 16:35:10.079035,IF-006,LEGACY_MAINFRAME,SAP_ECC,MATMAS,SUCCESS,55.0,0.82,0
LOG-0004803,2026-08-29 16:56:58.079035,IF-006,LEGACY_MAINFRAME,SAP_ECC,MATMAS,TIMEOUT,41.2,1.31,1
LOG-0000898,2026-08-29 16:57:55.079035,IF-004,SAP_ECC,B2B_VAN_SPS,INVOIC,SUCCESS,101.4,23.03,0
LOG-0000110,2026-08-29 17:08:33.079035,IF-004,SAP_ECC,B2B_VAN_SPS,INVOIC,SUCCESS,25.6,9.09,0
LOG-0003714,2026-08-29 17:13:54.079035,IF-003,SAP_S4HANA,ARIBA_NETWORK,ORDRSP,SUCCESS,20.2,3.95,0
LOG-0000227,2026-08-29 17:15:06.079035,IF-003,SAP_S4HANA,ARIBA_NETWORK,ORDRSP,SUCCESS,117.3,2.46,0
LOG-0001408,2026-08-29 17:17:00.079035,IF-001,SAP_ECC,SFDC_CRM,ORDERS,SUCCESS,106.1,6.05,0
LOG-0004643,2026-08-29 17:26:32.079035,IF-006,LEGACY_MAINFRAME,SAP_ECC,MATMAS,SUCCESS,58.9,5.23,0
LOG-0000872,2026-08-29 17:31:55.079035,IF-008,SAP_CPI,3PL_PROVIDER,DESADV,SUCCESS,37.5,1.05,0
LOG-0000014,2026-08-29 17:33:45.079035,IF-002,SAP_S4HANA,WMS_MANHATTAN,DESADV,SUCCESS,54.6,10.57,0
LOG-0004528,2026-08-29 17:52:14.079035,IF-004,SAP_ECC,B2B_VAN_SPS,INVOIC,RETRY,998.0,11.47,1
LOG-0000379,2026-08-29 18:11:12.079035,IF-001,SAP_ECC,SFDC_CRM,ORDERS,SUCCESS,88.2,8.03,0
LOG-0000603,2026-08-29 18:11:38.079035,IF-003,SAP_S4HANA,ARIBA_NETWORK,ORDRSP,SUCCESS,69.5,29.57,0
LOG-0004780,2026-08-29 18:20:44.079035,IF-001,SAP_ECC,SFDC_CRM,ORDERS,SUCCESS,111.9,1.78,0
LOG-0003445,2026-08-29 18:23:43.079035,IF-007,SAP_S4HANA,DATA_LAKE,CDC,SUCCESS,61.4,1.85,0
LOG-0004557,2026-08-29 18:25:05.079035,IF-003,SAP_S4HANA,ARIBA_NETWORK,ORDRSP,SUCCESS,78.6,3.37,0
LOG-0000744,2026-08-29 18:25:43.079035,IF-006,LEGACY_MAINFRAME,SAP_ECC,MATMAS,SUCCESS,72.3,2.85,0
LOG-0000030,2026-08-29 18:28:06.079035,IF-008,SAP_CPI,3PL_PROVIDER,DESADV,SUCCESS,50.8,2.34,0
LOG-0004377,2026-08-29 18:41:57.079035,IF-006,LEGACY_MAINFRAME,SAP_ECC,MATMAS,SUCCESS,73.6,4.86,0
LOG-0001396,2026-08-29 19:31:28.079035,IF-002,SAP_S4HANA,WMS_MANHATTAN,DESADV,SUCCESS,30.0,4.97,0
LOG-0003625,2026-08-29 19:37:32.079035,IF-006,LEGACY_MAINFRAME,SAP_ECC,MATMAS,SUCCESS,36.6,5.67,0
LOG-0004110,2026-08-29 19:39:25.079035,IF-001,SAP_ECC,SFDC_CRM,ORDERS,SUCCESS,74.5,5.42,0
LOG-0002351,2026-08-29 19:44:17.079035,IF-001,SAP_ECC,SFDC_CRM,ORDERS,SUCCESS,604.1,2.85,0
LOG-0004805,2026-08-29 19:48:08.079035,IF-006,LEGACY_MAINFRAME,SAP_ECC,MATMAS,SUCCESS,121.0,4.82,0
LOG-0000802,2026-08-29 20:00:16.079035,IF-006,LEGACY_MAINFRAME,SAP_ECC,MATMAS,SUCCESS,99.3,11.74,0
LOG-0000895,2026-08-29 20:03:42.079035,IF-008,SAP_CPI,3PL_PROVIDER,DESADV,SUCCESS,68.4,9.87,0
LOG-0001952,2026-08-29 20:06:27.079035,IF-002,SAP_S4HANA,WMS_MANHATTAN,DESADV,SUCCESS,76.4,4.68,0
LOG-0001002,2026-08-29 20:07:07.079035,IF-005,SAP_S4HANA,BTP_APP,OData,RETRY,53.4,2.97,3
LOG-0002911,2026-08-29 20:08:33.079035,IF-002,SAP_S4HANA,WMS_MANHATTAN,DESADV,SUCCESS,61.1,12.44,0
LOG-0003750,2026-08-29 20:27:52.079035,IF-006,LEGACY_MAINFRAME,SAP_ECC,MATMAS,SUCCESS,33.4,6.54,0
LOG-0004184,2026-08-29 20:28:22.079035,IF-003,SAP_S4HANA,ARIBA_NETWORK,ORDRSP,SUCCESS,82.1,34.89,0
LOG-0004583,2026-08-29 21:10:56.079035,IF-007,SAP_S4HANA,DATA_LAKE,CDC,SUCCESS,168.2,14.62,0
LOG-0002661,2026-08-29 21:19:35.079035,IF-002,SAP_S4HANA,WMS_MANHATTAN,DESADV,SUCCESS,52.6,4.67,0
LOG-0002914,2026-08-29 21:46:22.079035,IF-007,SAP_S4HANA,DATA_LAKE,CDC,SUCCESS,35.2,3.38,0
LOG-0001045,2026-08-29 21:49:51.079035,IF-001,SAP_ECC,SFDC_CRM,ORDERS,SUCCESS,74.1,9.83,0
LOG-0003013,2026-08-29 21:59:51.079035,IF-008,SAP_CPI,3PL_PROVIDER,DESADV,SUCCESS,160.4,6.63,0
LOG-0004328,2026-08-29 22:12:28.079035,IF-007,SAP_S4HANA,DATA_LAKE,CDC,SUCCESS,41.8,0.45,0
LOG-0000707,2026-08-29 22:19:11.079035,IF-004,SAP_ECC,B2B_VAN_SPS,INVOIC,FAILED,128.0,5.05,1
LOG-0001488,2026-08-29 22:21:38.079035,IF-003,SAP_S4HANA,ARIBA_NETWORK,ORDRSP,RETRY,118.8,11.42,2
LOG-0001570,2026-08-29 22:22:57.079035,IF-004,SAP_ECC,B2B_VAN_SPS,INVOIC,SUCCESS,155.3,9.98,0
LOG-0003145,2026-08-29 22:34:31.079035,IF-002,SAP_S4HANA,WMS_MANHATTAN,DESADV,SUCCESS,52.3,5.19,0
LOG-0002877,2026-08-29 22:35:47.079035,IF-008,SAP_CPI,3PL_PROVIDER,DESADV,SUCCESS,25.2,8.26,0
LOG-0004941,2026-08-29 22:37:42.079035,IF-008,SAP_CPI,3PL_PROVIDER,DESADV,SUCCESS,85.7,17.8,0
LOG-0003692,2026-08-29 22:38:23.079035,IF-003,SAP_S4HANA,ARIBA_NETWORK,ORDRSP,SUCCESS,77.2,13.26,0
LOG-0004707,2026-08-29 22:41:14.079035,IF-007,SAP_S4HANA,DATA_LAKE,CDC,SUCCESS,32.0,5.81,0
LOG-0000123,2026-08-29 22:45:22.079035,IF-007,SAP_S4HANA,DATA_LAKE,CDC,SUCCESS,40.4,8.93,0
LOG-0003231,2026-08-29 22:54:02.079035,IF-007,SAP_S4HANA,DATA_LAKE,CDC,SUCCESS,78.3,7.99,0
LOG-0003666,2026-08-29 22:55:35.079035,IF-005,SAP_S4HANA,BTP_APP,OData,SUCCESS,55.7,8.11,0
LOG-0000264,2026-08-29 23:21:43.079035,IF-006,LEGACY_MAINFRAME,SAP_ECC,MATMAS,SUCCESS,89.0,15.04,0
LOG-0000609,2026-08-29 23:24:07.079035,IF-001,SAP_ECC,SFDC_CRM,ORDERS,SUCCESS,50.3,6.26,0
LOG-0002720,2026-08-29 23:43:27.079035,IF-001,SAP_ECC,SFDC_CRM,ORDERS,SUCCESS,52.6,5.35,0
LOG-0001485,2026-08-29 23:58:01.079035,IF-005,SAP_S4HANA,BTP_APP,OData,TIMEOUT,101.9,5.81,1
LOG-0002400,2026-08-30 00:05:59.079035,IF-007,SAP_S4HANA,DATA_LAKE,CDC,SUCCESS,68.6,5.48,0
LOG-0003249,2026-08-30 00:11:24.079035,IF-007,SAP_S4HANA,DATA_LAKE,CDC,SUCCESS,38.5,10.72,0
LOG-0001334,2026-08-30 00:17:38.079035,IF-003,SAP_S4HANA,ARIBA_NETWORK,ORDRSP,SUCCESS,29.9,7.87,0
LOG-0003008,2026-08-30 00:22:09.079035,IF-004,SAP_ECC,B2B_VAN_SPS,INVOIC,SUCCESS,43.9,1.55,0
LOG-0001123,2026-08-30 00:42:54.079035,IF-007,SAP_S4HANA,DATA_LAKE,CDC,FAILED,279.0,9.84,3
LOG-0000212,2026-08-30 00:46:34.079035,IF-005,SAP_S4HANA,BTP_APP,OData,RETRY,306.1,26.76,2
LOG-0001455,2026-08-30 01:23:40.079035,IF-006,LEGACY_MAINFRAME,SAP_ECC,MATMAS,SUCCESS,128.4,7.58,0
LOG-0001044,2026-08-30 01:30:59.079035,IF-007,SAP_S4HANA,DATA_LAKE,CDC,SUCCESS,113.1,33.12,0
LOG-0002563,2026-08-30 01:32:45.079035,IF-005,SAP_S4HANA,BTP_APP,OData,SUCCESS,72.7,17.51,0
LOG-0000141,2026-08-30 01:34:22.079035,IF-001,SAP_ECC,SFDC_CRM,ORDERS,SUCCESS,116.7,2.54,0
LOG-0004523,2026-08-30 01:36:49.079035,IF-008,SAP_CPI,3PL_PROVIDER,DESADV,SUCCESS,68.5,5.88,0
LOG-0004446,2026-08-30 01:38:27.079035,IF-004,SAP_ECC,B2B_VAN_SPS,INVOIC,SUCCESS,21.4,2.45,0
LOG-0003896,2026-08-30 01:46:56.079035,IF-004,SAP_ECC,B2B_VAN_SPS,INVOIC,SUCCESS,58.5,14.11,0
LOG-0004930,2026-08-30 02:14:22.079035,IF-007,SAP_S4HANA,DATA_LAKE,CDC,SUCCESS,61.7,2.12,0
LOG-0002033,2026-08-30 02:27:58.079035,IF-003,SAP_S4HANA,ARIBA_NETWORK,ORDRSP,SUCCESS,51.7,3.88,0
LOG-0001757,2026-08-30 02:32:24.079035,IF-003,SAP_S4HANA,ARIBA_NETWORK,ORDRSP,TIMEOUT,29.6,1.16,1
LOG-0003183,2026-08-30 02:36:22.079035,IF-001,SAP_ECC,SFDC_CRM,ORDERS,SUCCESS,81.8,7.07,0
LOG-0000542,2026-08-30 02:43:19.079035,IF-008,SAP_CPI,3PL_PROVIDER,DESADV,RETRY,85.9,10.1,2
LOG-0004628,2026-08-30 02:49:39.079035,IF-002,SAP_S4HANA,WMS_MANHATTAN,DESADV,SUCCESS,90.9,38.71,0
LOG-0002453,2026-08-30 02:52:35.079035,IF-003,SAP_S4HANA,ARIBA_NETWORK,ORDRSP,SUCCESS,30.2,0.79,0
LOG-0000306,2026-08-30 03:06:43.079035,IF-005,SAP_S4HANA,BTP_APP,OData,SUCCESS,81.6,7.97,0
LOG-0001164,2026-08-30 03:23:23.079035,IF-002,SAP_S4HANA,WMS_MANHATTAN,DESADV,SUCCESS,40.3,13.58,0
LOG-0000701,2026-08-30 03:24:28.079035,IF-004,SAP_ECC,B2B_VAN_SPS,INVOIC,SUCCESS,42.9,8.33,0
LOG-0001763,2026-08-30 03:44:45.079035,IF-002,SAP_S4HANA,WMS_MANHATTAN,DESADV,FAILED,971.0,0.92,2
LOG-0000207,2026-08-30 03:49:32.079035,IF-003,SAP_S4HANA,ARIBA_NETWORK,ORDRSP,SUCCESS,45.9,1.47,0
LOG-0001427,2026-08-30 03:53:17.079035,IF-001,SAP_ECC,SFDC_CRM,ORDERS,RETRY,54.7,23.24,0
LOG-0000635,2026-08-30 04:18:53.079035,IF-002,SAP_S4HANA,WMS_MANHATTAN,DESADV,SUCCESS,112.4,5.07,0
LOG-0004343,2026-08-30 04:20:18.079035,IF-001,SAP_ECC,SFDC_CRM,ORDERS,SUCCESS,140.9,11.98,0
LOG-0002998,2026-08-30 04:20:28.079035,IF-005,SAP_S4HANA,BTP_APP,OData,SUCCESS,51.8,1.11,0
LOG-0000981,2026-08-30 04:32:15.079035,IF-004,SAP_ECC,B2B_VAN_SPS,INVOIC,SUCCESS,48.7,10.31,0
LOG-0000594,2026-08-30 04:32:47.079035,IF-008,SAP_CPI,3PL_PROVIDER,DESADV,SUCCESS,52.0,9.64,0
LOG-0001415,2026-08-30 04:37:50.079035,IF-007,SAP_S4HANA,DATA_LAKE,CDC,SUCCESS,63.7,15.11,0
LOG-0003882,2026-08-30 04:52:30.079035,IF-007,SAP_S4HANA,DATA_LAKE,CDC,SUCCESS,31.9,29.65,0
LOG-0002247,2026-08-30 05:03:16.079035,IF-005,SAP_S4HANA,BTP_APP,OData,SUCCESS,66.7,11.12,0
LOG-0000786,2026-08-30 05:11:07.079035,IF-002,SAP_S4HANA,WMS_MANHATTAN,DESADV,SUCCESS,45.8,8.02,0
LOG-0002487,2026-08-30 05:14:07.079035,IF-001,SAP_ECC,SFDC_CRM,ORDERS,SUCCESS,189.2,6.34,0
LOG-0000007,2026-08-30 05:16:49.079035,IF-008,SAP_CPI,3PL_PROVIDER,DESADV,SUCCESS,53.3,33.45,0
LOG-0004546,2026-08-30 05:20:50.079035,IF-005,SAP_S4HANA,BTP_APP,OData,SUCCESS,14.2,13.35,0
LOG-0002686,2026-08-30 05:33:36.079035,IF-003,SAP_S4HANA,ARIBA_NETWORK,ORDRSP,SUCCESS,38.9,2.37,0
LOG-0000570,2026-08-30 05:45:12.079035,IF-001,SAP_ECC,SFDC_CRM,ORDERS,SUCCESS,31.8,2.73,0
LOG-0003473,2026-08-30 05:47:03.079035,IF-007,SAP_S4HANA,DATA_LAKE,CDC,SUCCESS,103.8,19.56,0
LOG-0004173,2026-08-30 05:49:33.079035,IF-003,SAP_S4HANA,ARIBA_NETWORK,ORDRSP,SUCCESS,19.5,28.52,0
LOG-0004273,2026-08-30 05:56:43.079035,IF-003,SAP_S4HANA,ARIBA_NETWORK,ORDRSP,SUCCESS,98.7,7.6,0
LOG-0002162,2026-08-30 06:03:11.079035,IF-004,SAP_ECC,B2B_VAN_SPS,INVOIC,SUCCESS,39.6,10.32,0
LOG-0003646,2026-08-30 06:04:32.079035,IF-004,SAP_ECC,B2B_VAN_SPS,INVOIC,SUCCESS,48.9,41.27,0
LOG-0002448,2026-08-30 06:13:06.079035,IF-002,SAP_S4HANA,WMS_MANHATTAN,DESADV,SUCCESS,37.7,5.59,0
LOG-0004435,2026-08-30 06:24:08.079035,IF-005,SAP_S4HANA,BTP_APP,OData,SUCCESS,32.2,1.38,0
LOG-0004892,2026-08-30 06:46:16.079035,IF-008,SAP_CPI,3PL_PROVIDER,DESADV,TIMEOUT,37.8,21.36,0
LOG-0002041,2026-08-30 06:49:44.079035,IF-005,SAP_S4HANA,BTP_APP,OData,SUCCESS,225.2,4.79,0
LOG-0002296,2026-08-30 06:54:18.079035,IF-005,SAP_S4HANA,BTP_APP,OData,RETRY,84.9,3.28,3
LOG-0001070,2026-08-30 06:55:28.079035,IF-007,SAP_S4HANA,DATA_LAKE,CDC,SUCCESS,54.2,4.27,0
LOG-0000076,2026-08-30 06:58:20.079035,IF-004,SAP_ECC,B2B_VAN_SPS,INVOIC,SUCCESS,97.9,22.61,0
LOG-0003172,2026-08-30 07:00:29.079035,IF-004,SAP_ECC,B2B_VAN_SPS,INVOIC,FAILED,1013.4,5.68,0
LOG-0004549,2026-08-30 07:21:40.079035,IF-001,SAP_ECC,SFDC_CRM,ORDERS,SUCCESS,46.4,19.78,0
LOG-0001360,2026-08-30 07:23:01.079035,IF-002,SAP_S4HANA,WMS_MANHATTAN,DESADV,SUCCESS,41.0,25.37,0
LOG-0003895,2026-08-30 07:29:47.079035,IF-006,LEGACY_MAINFRAME,SAP_ECC,MATMAS,SUCCESS,16.4,3.78,0
LOG-0001963,2026-08-30 07:34:58.079035,IF-001,SAP_ECC,SFDC_CRM,ORDERS,SUCCESS,29.1,10.26,0
LOG-0000797,2026-08-30 07:37:25.079035,IF-002,SAP_S4HANA,WMS_MANHATTAN,DESADV,SUCCESS,50.0,12.98,0
LOG-0000990,2026-08-30 07:40:09.079035,IF-003,SAP_S4HANA,ARIBA_NETWORK,ORDRSP,SUCCESS,326.4,5.1,0
LOG-0002890,2026-08-30 07:40:16.079035,IF-002,SAP_S4HANA,WMS_MANHATTAN,DESADV,SUCCESS,57.2,51.09,0
LOG-0004127,2026-08-30 07:43:30.079035,IF-002,SAP_S4HANA,WMS_MANHATTAN,DESADV,SUCCESS,95.7,9.98,0
LOG-0002892,2026-08-30 07:59:01.079035,IF-004,SAP_ECC,B2B_VAN_SPS,INVOIC,SUCCESS,76.3,7.1,0
LOG-0001833,2026-08-30 08:10:58.079035,IF-001,SAP_ECC,SFDC_CRM,ORDERS,SUCCESS,140.6,3.39,0
LOG-0002135,2026-08-30 08:18:07.079035,IF-003,SAP_S4HANA,ARIBA_NETWORK,ORDRSP,SUCCESS,43.2,4.03,0
LOG-0000294,2026-08-30 08:22:57.079035,IF-005,SAP_S4HANA,BTP_APP,OData,SUCCESS,23.6,6.59,0
LOG-0000118,2026-08-30 08:23:04.079035,IF-004,SAP_ECC,B2B_VAN_SPS,INVOIC,SUCCESS,40.1,5.3,0
LOG-0003699,2026-08-30 08:58:20.079035,IF-005,SAP_S4HANA,BTP_APP,OData,RETRY,305.8,3.45,3
LOG-0004553,2026-08-30 09:02:18.079035,IF-002,SAP_S4HANA,WMS_MANHATTAN,DESADV,SUCCESS,76.1,21.87,0
LOG-0004456,2026-08-30 09:24:46.079035,IF-008,SAP_CPI,3PL_PROVIDER,DESADV,SUCCESS,170.4,6.57,0
LOG-0001161,2026-08-30 09:36:19.079035,IF-006,LEGACY_MAINFRAME,SAP_ECC,MATMAS,SUCCESS,84.0,27.09,0
LOG-0003165,2026-08-30 09:40:31.079035,IF-002,SAP_S4HANA,WMS_MANHATTAN,DESADV,FAILED,53.9,6.96,3
LOG-0000400,2026-08-30 10:13:21.079035,IF-002,SAP_S4HANA,WMS_MANHATTAN,DESADV,SUCCESS,44.5,33.13,0
LOG-0002242,2026-08-30 10:38:27.079035,IF-002,SAP_S4HANA,WMS_MANHATTAN,DESADV,SUCCESS,51.6,30.62,0
LOG-0002736,2026-08-30 10:43:26.079035,IF-003,SAP_S4HANA,ARIBA_NETWORK,ORDRSP,SUCCESS,43.0,52.36,0
LOG-0000152,2026-08-30 10:43:36.079035,IF-007,SAP_S4HANA,DATA_LAKE,CDC,SUCCESS,36.7,21.82,0
LOG-0000887,2026-08-30 10:51:08.079035,IF-002,SAP_S4HANA,WMS_MANHATTAN,DESADV,SUCCESS,45.0,2.3,0
LOG-0004225,2026-08-30 10:55:02.079035,IF-005,SAP_S4HANA,BTP_APP,OData,SUCCESS,79.6,0.92,0
LOG-0000835,2026-08-30 11:01:41.079035,IF-005,SAP_S4HANA,BTP_APP,OData,SUCCESS,81.3,0.47,0
LOG-0000453,2026-08-30 11:02:04.079035,IF-007,SAP_S4HANA,DATA_LAKE,CDC,SUCCESS,78.3,14.66,0
LOG-0002970,2026-08-30 11:02:45.079035,IF-004,SAP_ECC,B2B_VAN_SPS,INVOIC,RETRY,29.8,4.93,0
LOG-0002973,2026-08-30 11:20:44.079035,IF-001,SAP_ECC,SFDC_CRM,ORDERS,TIMEOUT,22.2,9.12,2
LOG-0004845,2026-08-30 11:20:57.079035,IF-002,SAP_S4HANA,WMS_MANHATTAN,DESADV,SUCCESS,35.2,3.7,0
LOG-0002386,2026-08-30 11:23:34.079035,IF-003,SAP_S4HANA,ARIBA_NETWORK,ORDRSP,SUCCESS,45.6,7.33,0
LOG-0004383,2026-08-30 11:28:33.079035,IF-005,SAP_S4HANA,BTP_APP,OData,SUCCESS,50.7,18.17,0
LOG-0000153,2026-08-30 11:30:25.079035,IF-004,SAP_ECC,B2B_VAN_SPS,INVOIC,SUCCESS,83.1,1.42,0
LOG-0002066,2026-08-30 11:41:30.079035,IF-006,LEGACY_MAINFRAME,SAP_ECC,MATMAS,SUCCESS,92.4,8.45,0
LOG-0001535,2026-08-30 12:00:39.079035,IF-001,SAP_ECC,SFDC_CRM,ORDERS,SUCCESS,70.5,14.73,0
LOG-0004510,2026-08-30 12:02:55.079035,IF-004,SAP_ECC,B2B_VAN_SPS,INVOIC,SUCCESS,39.3,0.55,0
LOG-0002285,2026-08-30 12:34:46.079035,IF-004,SAP_ECC,B2B_VAN_SPS,INVOIC,SUCCESS,42.8,9.62,0
LOG-0000099,2026-08-30 12:41:20.079035,IF-004,SAP_ECC,B2B_VAN_SPS,INVOIC,SUCCESS,156.6,5.87,0
LOG-0004028,2026-08-30 12:49:31.079035,IF-001,SAP_ECC,SFDC_CRM,ORDERS,FAILED,123.2,3.7,2
LOG-0003925,2026-08-30 13:00:14.079035,IF-001,SAP_ECC,SFDC_CRM,ORDERS,SUCCESS,117.8,44.51,0
LOG-0004024,2026-08-30 13:04:06.079035,IF-006,LEGACY_MAINFRAME,SAP_ECC,MATMAS,RETRY,411.6,21.07,2
LOG-0002625,2026-08-30 13:08:17.079035,IF-002,SAP_S4HANA,WMS_MANHATTAN,DESADV,SUCCESS,46.4,27.19,0
LOG-0000126,2026-08-30 13:38:07.079035,IF-006,LEGACY_MAINFRAME,SAP_ECC,MATMAS,SUCCESS,83.3,12.44,0
LOG-0000049,2026-08-30 13:52:53.079035,IF-006,LEGACY_MAINFRAME,SAP_ECC,MATMAS,SUCCESS,45.3,8.41,0
LOG-0002180,2026-08-30 14:19:26.079035,IF-006,LEGACY_MAINFRAME,SAP_ECC,MATMAS,SUCCESS,50.1,24.14,0
LOG-0003602,2026-08-30 14:21:49.079035,IF-007,SAP_S4HANA,DATA_LAKE,CDC,SUCCESS,331.4,8.7,0
LOG-0000071,2026-08-30 14:39:38.079035,IF-006,LEGACY_MAINFRAME,SAP_ECC,MATMAS,SUCCESS,58.2,8.87,0
LOG-0004044,2026-08-30 14:44:15.079035,IF-007,SAP_S4HANA,DATA_LAKE,CDC,SUCCESS,42.7,5.85,0
LOG-0001596,2026-08-30 15:03:44.079035,IF-003,SAP_S4HANA,ARIBA_NETWORK,ORDRSP,SUCCESS,96.9,34.52,0
LOG-0003412,2026-08-30 15:04:06.079035,IF-008,SAP_CPI,3PL_PROVIDER,DESADV,SUCCESS,43.3,11.53,0
LOG-0003348,2026-08-30 15:08:27.079035,IF-002,SAP_S4HANA,WMS_MANHATTAN,DESADV,FAILED,95.9,4.85,1
LOG-0004560,2026-08-30 15:14:20.079035,IF-004,SAP_ECC,B2B_VAN_SPS,INVOIC,TIMEOUT,65.9,4.68,3
LOG-0004574,2026-08-30 15:27:36.079035,IF-003,SAP_S4HANA,ARIBA_NETWORK,ORDRSP,SUCCESS,324.6,9.84,0
LOG-0002417,2026-08-30 15:28:27.079035,IF-003,SAP_S4HANA,ARIBA_NETWORK,ORDRSP,SUCCESS,46.1,7.27,0
LOG-0000081,2026-08-30 15:54:44.079035,IF-007,SAP_S4HANA,DATA_LAKE,CDC,SUCCESS,36.2,66.58,0
LOG-0004984,2026-08-30 16:04:04.079035,IF-003,SAP_S4HANA,ARIBA_NETWORK,ORDRSP,SUCCESS,35.0,10.7,0
LOG-0001642,2026-08-30 16:26:35.079035,IF-001,SAP_ECC,SFDC_CRM,ORDERS,SUCCESS,79.7,10.14,0
LOG-0004395,2026-08-30 16:26:38.079035,IF-005,SAP_S4HANA,BTP_APP,OData,RETRY,80.4,1.96,2
LOG-0004115,2026-08-30 17:05:20.079035,IF-003,SAP_S4HANA,ARIBA_NETWORK,ORDRSP,SUCCESS,25.4,15.83,0
LOG-0001526,2026-08-30 17:19:09.079035,IF-002,SAP_S4HANA,WMS_MANHATTAN,DESADV,SUCCESS,70.4,29.0,0
LOG-0000233,2026-08-30 17:31:17.079035,IF-003,SAP_S4HANA,ARIBA_NETWORK,ORDRSP,SUCCESS,68.0,47.08,0
LOG-0000022,2026-08-30 17:32:31.079035,IF-005,SAP_S4HANA,BTP_APP,OData,SUCCESS,42.7,9.67,0
LOG-0004160,2026-08-30 17:48:33.079035,IF-003,SAP_S4HANA,ARIBA_NETWORK,ORDRSP,SUCCESS,149.6,46.55,0
LOG-0002695,2026-08-30 17:57:19.079035,IF-003,SAP_S4HANA,ARIBA_NETWORK,ORDRSP,SUCCESS,205.7,15.0,0
LOG-0000682,2026-08-30 18:25:37.079035,IF-006,LEGACY_MAINFRAME,SAP_ECC,MATMAS,SUCCESS,72.6,41.37,0
LOG-0000303,2026-08-30 18:26:56.079035,IF-003,SAP_S4HANA,ARIBA_NETWORK,ORDRSP,SUCCESS,83.0,2.99,0
LOG-0002703,2026-08-30 18:30:35.079035,IF-007,SAP_S4HANA,DATA_LAKE,CDC,SUCCESS,93.4,90.0,0
LOG-0000581,2026-08-30 18:43:50.079035,IF-008,SAP_CPI,3PL_PROVIDER,DESADV,SUCCESS,117.6,3.34,0
LOG-0004200,2026-08-30 18:44:31.079035,IF-002,SAP_S4HANA,WMS_MANHATTAN,DESADV,SUCCESS,47.0,13.93,0
LOG-0004584,2026-08-30 18:48:47.079035,IF-005,SAP_S4HANA,BTP_APP,OData,SUCCESS,49.8,15.97,0
LOG-0000522,2026-08-30 18:59:09.079035,IF-003,SAP_S4HANA,ARIBA_NETWORK,ORDRSP,SUCCESS,21.3,13.08,0
LOG-0000195,2026-08-30 19:11:37.079035,IF-002,SAP_S4HANA,WMS_MANHATTAN,DESADV,SUCCESS,97.4,11.24,0
LOG-0002824,2026-08-30 19:20:38.079035,IF-003,SAP_S4HANA,ARIBA_NETWORK,ORDRSP,SUCCESS,236.1,17.21,0
LOG-0000146,2026-08-30 19:31:43.079035,IF-006,LEGACY_MAINFRAME,SAP_ECC,MATMAS,SUCCESS,102.6,5.16,0
LOG-0001447,2026-08-30 19:40:03.079035,IF-006,LEGACY_MAINFRAME,SAP_ECC,MATMAS,SUCCESS,93.2,7.3,0
LOG-0004165,2026-08-30 19:40:25.079035,IF-004,SAP_ECC,B2B_VAN_SPS,INVOIC,SUCCESS,88.3,96.7,0
LOG-0003421,2026-08-30 19:45:28.079035,IF-003,SAP_S4HANA,ARIBA_NETWORK,ORDRSP,RETRY,198.2,36.68,2
LOG-0002663,2026-08-30 19:48:10.079035,IF-001,SAP_ECC,SFDC_CRM,ORDERS,SUCCESS,34.3,2.09,0
LOG-0002363,2026-08-30 20:05:20.079035,IF-007,SAP_S4HANA,DATA_LAKE,CDC,SUCCESS,134.4,2.5,0
LOG-0002264,2026-08-30 20:06:27.079035,IF-001,SAP_ECC,SFDC_CRM,ORDERS,SUCCESS,61.2,12.94,0
LOG-0004743,2026-08-30 20:15:48.079035,IF-007,SAP_S4HANA,DATA_LAKE,CDC,RETRY,413.0,6.26,3
LOG-0001886,2026-08-30 20:36:20.079035,IF-007,SAP_S4HANA,DATA_LAKE,CDC,SUCCESS,65.4,5.81,0
LOG-0003915,2026-08-30 20:45:33.079035,IF-002,SAP_S4HANA,WMS_MANHATTAN,DESADV,SUCCESS,60.6,3.35,0
LOG-0003850,2026-08-30 20:48:27.079035,IF-008,SAP_CPI,3PL_PROVIDER,DESADV,SUCCESS,222.1,7.18,0
LOG-0004908,2026-08-30 20:55:03.079035,IF-006,LEGACY_MAINFRAME,SAP_ECC,MATMAS,SUCCESS,62.6,13.41,0
LOG-0000087,2026-08-30 20:55:17.079035,IF-002,SAP_S4HANA,WMS_MANHATTAN,DESADV,SUCCESS,114.6,3.32,0
LOG-0001773,2026-08-30 20:58:42.079035,IF-003,SAP_S4HANA,ARIBA_NETWORK,ORDRSP,SUCCESS,32.4,19.32,0
LOG-0002512,2026-08-30 21:22:46.079035,IF-006,LEGACY_MAINFRAME,SAP_ECC,MATMAS,SUCCESS,45.2,4.32,0
LOG-0002710,2026-08-30 21:25:16.079035,IF-008,SAP_CPI,3PL_PROVIDER,DESADV,SUCCESS,30.0,6.94,0
LOG-0002192,2026-08-30 21:26:26.079035,IF-004,SAP_ECC,B2B_VAN_SPS,INVOIC,SUCCESS,62.7,9.68,0
LOG-0002950,2026-08-30 22:18:02.079035,IF-008,SAP_CPI,3PL_PROVIDER,DESADV,SUCCESS,77.1,2.54,0
LOG-0004827,2026-08-30 22:19:50.079035,IF-005,SAP_S4HANA,BTP_APP,OData,SUCCESS,76.2,2.39,0
LOG-0003784,2026-08-30 22:20:49.079035,IF-004,SAP_ECC,B2B_VAN_SPS,INVOIC,SUCCESS,106.5,1.3,0
LOG-0001802,2026-08-30 23:14:52.079035,IF-001,SAP_ECC,SFDC_CRM,ORDERS,SUCCESS,126.7,136.41,0
LOG-0002951,2026-08-30 23:34:59.079035,IF-007,SAP_S4HANA,DATA_LAKE,CDC,SUCCESS,82.8,4.19,0
LOG-0000987,2026-08-30 23:40:25.079035,IF-001,SAP_ECC,SFDC_CRM,ORDERS,SUCCESS,60.5,21.34,0
LOG-0002782,2026-08-30 23:48:51.079035,IF-007,SAP_S4HANA,DATA_LAKE,CDC,SUCCESS,40.7,7.3,0
LOG-0002291,2026-08-30 23:51:14.079035,IF-005,SAP_S4HANA,BTP_APP,OData,SUCCESS,119.1,12.27,0
LOG-0000959,2026-08-31 00:01:17.079035,IF-001,SAP_ECC,SFDC_CRM,ORDERS,SUCCESS,117.8,11.06,0
LOG-0002481,2026-08-31 00:08:18.079035,IF-004,SAP_ECC,B2B_VAN_SPS,INVOIC,SUCCESS,60.4,1.37,0
LOG-0003281,2026-08-31 00:14:45.079035,IF-003,SAP_S4HANA,ARIBA_NETWORK,ORDRSP,SUCCESS,68.3,2.03,0
LOG-0004329,2026-08-31 00:16:41.079035,IF-006,LEGACY_MAINFRAME,SAP_ECC,MATMAS,SUCCESS,41.0,3.57,0
LOG-0004035,2026-08-31 00:17:01.079035,IF-002,SAP_S4HANA,WMS_MANHATTAN,DESADV,SUCCESS,67.5,10.17,0
LOG-0004610,2026-08-31 00:21:14.079035,IF-005,SAP_S4HANA,BTP_APP,OData,SUCCESS,85.6,1.93,0
LOG-0002338,2026-08-31 00:22:56.079035,IF-003,SAP_S4HANA,ARIBA_NETWORK,ORDRSP,SUCCESS,107.1,5.32,0
LOG-0000528,2026-08-31 00:29:08.079035,IF-008,SAP_CPI,3PL_PROVIDER,DESADV,SUCCESS,166.1,3.95,0
LOG-0000824,2026-08-31 00:33:22.079035,IF-007,SAP_S4HANA,DATA_LAKE,CDC,SUCCESS,64.7,3.34,0
LOG-0002519,2026-08-31 00:48:51.079035,IF-001,SAP_ECC,SFDC_CRM,ORDERS,SUCCESS,20.4,26.79,0
LOG-0000317,2026-08-31 01:24:32.079035,IF-008,SAP_CPI,3PL_PROVIDER,DESADV,SUCCESS,54.9,2.0,0
LOG-0003765,2026-08-31 01:34:40.079035,IF-008,SAP_CPI,3PL_PROVIDER,DESADV,SUCCESS,46.3,4.16,0
LOG-0001664,2026-08-31 01:58:15.079035,IF-004,SAP_ECC,B2B_VAN_SPS,INVOIC,SUCCESS,107.0,8.91,0
LOG-0002347,2026-08-31 02:04:09.079035,IF-005,SAP_S4HANA,BTP_APP,OData,SUCCESS,19.2,20.31,0
LOG-0003672,2026-08-31 02:32:28.079035,IF-007,SAP_S4HANA,DATA_LAKE,CDC,SUCCESS,47.5,4.88,0
LOG-0001232,2026-08-31 02:34:31.079035,IF-002,SAP_S4HANA,WMS_MANHATTAN,DESADV,SUCCESS,100.7,1.91,0
LOG-0003810,2026-08-31 02:43:12.079035,IF-008,SAP_CPI,3PL_PROVIDER,DESADV,SUCCESS,94.5,14.11,0
LOG-0003417,2026-08-31 02:50:33.079035,IF-007,SAP_S4HANA,DATA_LAKE,CDC,SUCCESS,38.6,61.88,0
LOG-0001639,2026-08-31 02:59:07.079035,IF-007,SAP_S4HANA,DATA_LAKE,CDC,RETRY,17.0,17.83,0
LOG-0002063,2026-08-31 02:59:18.079035,IF-002,SAP_S4HANA,WMS_MANHATTAN,DESADV,RETRY,474.7,2.93,2
LOG-0004712,2026-08-31 03:08:34.079035,IF-003,SAP_S4HANA,ARIBA_NETWORK,ORDRSP,SUCCESS,84.6,11.22,0
LOG-0001068,2026-08-31 03:09:58.079035,IF-004,SAP_ECC,B2B_VAN_SPS,INVOIC,FAILED,76.2,9.35,2
LOG-0000897,2026-08-31 03:10:08.079035,IF-006,LEGACY_MAINFRAME,SAP_ECC,MATMAS,TIMEOUT,81.2,27.46,0
LOG-0004577,2026-08-31 03:16:08.079035,IF-001,SAP_ECC,SFDC_CRM,ORDERS,SUCCESS,33.3,1.34,0
LOG-0004611,2026-08-31 03:28:34.079035,IF-003,SAP_S4HANA,ARIBA_NETWORK,ORDRSP,SUCCESS,80.9,14.93,0
LOG-0002741,2026-08-31 03:32:03.079035,IF-001,SAP_ECC,SFDC_CRM,ORDERS,SUCCESS,62.2,0.94,0
LOG-0000201,2026-08-31 03:32:16.079035,IF-001,SAP_ECC,SFDC_CRM,ORDERS,SUCCESS,149.5,4.22,0
LOG-0000171,2026-08-31 03:40:11.079035,IF-002,SAP_S4HANA,WMS_MANHATTAN,DESADV,SUCCESS,44.4,1.76,0
LOG-0004878,2026-08-31 03:54:27.079035,IF-007,SAP_S4HANA,DATA_LAKE,CDC,SUCCESS,68.7,3.91,0
LOG-0000301,2026-08-31 03:55:42.079035,IF-002,SAP_S4HANA,WMS_MANHATTAN,DESADV,TIMEOUT,201.7,5.87,3
LOG-0000406,2026-08-31 04:01:20.079035,IF-005,SAP_S4HANA,BTP_APP,OData,SUCCESS,22.8,3.0,0
LOG-0000748,2026-08-31 04:12:23.079035,IF-005,SAP_S4HANA,BTP_APP,OData,SUCCESS,52.2,9.99,0
LOG-0004692,2026-08-31 04:20:28.079035,IF-007,SAP_S4HANA,DATA_LAKE,CDC,FAILED,334.9,27.35,0
LOG-0001418,2026-08-31 04:26:34.079035,IF-007,SAP_S4HANA,DATA_LAKE,CDC,SUCCESS,65.8,7.02,0
LOG-0003586,2026-08-31 04:31:37.079035,IF-003,SAP_S4HANA,ARIBA_NETWORK,ORDRSP,SUCCESS,90.6,2.03,0
LOG-0003479,2026-08-31 05:02:38.079035,IF-001,SAP_ECC,SFDC_CRM,ORDERS,SUCCESS,47.1,37.79,0
LOG-0003986,2026-08-31 05:08:03.079035,IF-003,SAP_S4HANA,ARIBA_NETWORK,ORDRSP,SUCCESS,43.3,10.17,0
LOG-0001527,2026-08-31 05:11:11.079035,IF-008,SAP_CPI,3PL_PROVIDER,DESADV,SUCCESS,34.1,8.12,0
LOG-0002225,2026-08-31 05:12:24.079035,IF-007,SAP_S4HANA,DATA_LAKE,CDC,SUCCESS,106.2,4.47,0
LOG-0001648,2026-08-31 05:21:26.079035,IF-003,SAP_S4HANA,ARIBA_NETWORK,ORDRSP,SUCCESS,55.5,6.99,0
LOG-0003700,2026-08-31 05:25:59.079035,IF-004,SAP_ECC,B2B_VAN_SPS,INVOIC,SUCCESS,153.7,13.38,0
LOG-0002327,2026-08-31 05:36:06.079035,IF-003,SAP_S4HANA,ARIBA_NETWORK,ORDRSP,SUCCESS,39.8,66.7,0
LOG-0001545,2026-08-31 05:37:45.079035,IF-006,LEGACY_MAINFRAME,SAP_ECC,MATMAS,SUCCESS,25.2,1.16,0
LOG-0001956,2026-08-31 05:38:59.079035,IF-005,SAP_S4HANA,BTP_APP,OData,SUCCESS,30.8,3.65,0
LOG-0001621,2026-08-31 05:52:19.079035,IF-001,SAP_ECC,SFDC_CRM,ORDERS,SUCCESS,191.4,33.61,0
LOG-0001905,2026-08-31 05:54:46.079035,IF-003,SAP_S4HANA,ARIBA_NETWORK,ORDRSP,SUCCESS,76.8,22.08,0
LOG-0004488,2026-08-31 05:59:56.079035,IF-004,SAP_ECC,B2B_VAN_SPS,INVOIC,SUCCESS,45.0,5.12,0
LOG-0004359,2026-08-31 06:00:23.079035,IF-007,SAP_S4HANA,DATA_LAKE,CDC,SUCCESS,25.5,4.85,0
LOG-0004914,2026-08-31 06:01:01.079035,IF-001,SAP_ECC,SFDC_CRM,ORDERS,SUCCESS,160.0,1.28,0
LOG-0002572,2026-08-31 06:24:42.079035,IF-007,SAP_S4HANA,DATA_LAKE,CDC,SUCCESS,43.7,38.8,0
LOG-0003887,2026-08-31 06:26:53.079035,IF-004,SAP_ECC,B2B_VAN_SPS,INVOIC,SUCCESS,242.5,8.4,0
LOG-0003317,2026-08-31 06:31:40.079035,IF-006,LEGACY_MAINFRAME,SAP_ECC,MATMAS,FAILED,126.0,9.94,0
LOG-0000927,2026-08-31 06:37:06.079035,IF-004,SAP_ECC,B2B_VAN_SPS,INVOIC,SUCCESS,47.3,22.96,0
LOG-0000671,2026-08-31 06:47:01.079035,IF-007,SAP_S4HANA,DATA_LAKE,CDC,SUCCESS,76.2,31.9,0
LOG-0002947,2026-08-31 07:07:42.079035,IF-007,SAP_S4HANA,DATA_LAKE,CDC,SUCCESS,49.5,8.99,0
LOG-0000101,2026-08-31 07:28:03.079035,IF-001,SAP_ECC,SFDC_CRM,ORDERS,SUCCESS,34.3,4.82,0
LOG-0000535,2026-08-31 07:49:03.079035,IF-004,SAP_ECC,B2B_VAN_SPS,INVOIC,SUCCESS,21.5,16.27,0
LOG-0001348,2026-08-31 07:49:04.079035,IF-005,SAP_S4HANA,BTP_APP,OData,SUCCESS,127.4,1.39,0
LOG-0000479,2026-08-31 07:50:12.079035,IF-003,SAP_S4HANA,ARIBA_NETWORK,ORDRSP,SUCCESS,51.4,8.73,0
LOG-0003629,2026-08-31 07:57:35.079035,IF-007,SAP_S4HANA,DATA_LAKE,CDC,SUCCESS,95.7,2.47,0
LOG-0000426,2026-08-31 08:03:01.079035,IF-001,SAP_ECC,SFDC_CRM,ORDERS,SUCCESS,73.0,2.83,0
LOG-0001781,2026-08-31 08:11:32.079035,IF-001,SAP_ECC,SFDC_CRM,ORDERS,SUCCESS,17.1,7.12,0
LOG-0001157,2026-08-31 08:16:26.079035,IF-003,SAP_S4HANA,ARIBA_NETWORK,ORDRSP,SUCCESS,563.4,1.33,0
LOG-0003461,2026-08-31 08:23:38.079035,IF-005,SAP_S4HANA,BTP_APP,OData,SUCCESS,99.6,8.27,0
LOG-0001737,2026-08-31 08:23:41.079035,IF-006,LEGACY_MAINFRAME,SAP_ECC,MATMAS,SUCCESS,22.1,9.84,0
LOG-0000316,2026-08-31 08:38:24.079035,IF-005,SAP_S4HANA,BTP_APP,OData,SUCCESS,100.9,4.84,0
LOG-0002889,2026-08-31 08:57:35.079035,IF-002,SAP_S4HANA,WMS_MANHATTAN,DESADV,SUCCESS,33.3,10.95,0
LOG-0002862,2026-08-31 09:02:42.079035,IF-005,SAP_S4HANA,BTP_APP,OData,SUCCESS,41.4,30.85,0
LOG-0002733,2026-08-31 09:10:32.079035,IF-006,LEGACY_MAINFRAME,SAP_ECC,MATMAS,SUCCESS,109.3,10.08,0
LOG-0002231,2026-08-31 09:11:20.079035,IF-001,SAP_ECC,SFDC_CRM,ORDERS,SUCCESS,98.6,3.26,0
LOG-0004001,2026-08-31 09:17:44.079035,IF-005,SAP_S4HANA,BTP_APP,OData,SUCCESS,77.4,17.17,0
LOG-0004810,2026-08-31 09:43:33.079035,IF-002,SAP_S4HANA,WMS_MANHATTAN,DESADV,FAILED,115.1,3.83,0
LOG-0003761,2026-08-31 09:51:29.079035,IF-006,LEGACY_MAINFRAME,SAP_ECC,MATMAS,TIMEOUT,81.8,1.89,0
LOG-0000640,2026-08-31 10:22:53.079035,IF-006,LEGACY_MAINFRAME,SAP_ECC,MATMAS,RETRY,93.9,4.83,2
LOG-0003337,2026-08-31 10:29:32.079035,IF-006,LEGACY_MAINFRAME,SAP_ECC,MATMAS,SUCCESS,81.4,2.88,0
LOG-0003393,2026-08-31 10:34:37.079035,IF-004,SAP_ECC,B2B_VAN_SPS,INVOIC,SUCCESS,49.4,11.59,0
LOG-0001107,2026-08-31 10:41:56.079035,IF-001,SAP_ECC,SFDC_CRM,ORDERS,SUCCESS,32.9,22.29,0
LOG-0002562,2026-08-31 10:44:38.079035,IF-008,SAP_CPI,3PL_PROVIDER,DESADV,SUCCESS,26.8,6.95,0
LOG-0002266,2026-08-31 10:57:59.079035,IF-002,SAP_S4HANA,WMS_MANHATTAN,DESADV,SUCCESS,56.5,13.6,0
LOG-0002178,2026-08-31 11:03:32.079035,IF-006,LEGACY_MAINFRAME,SAP_ECC,MATMAS,SUCCESS,33.2,55.02,0
LOG-0003228,2026-08-31 11:08:50.079035,IF-006,LEGACY_MAINFRAME,SAP_ECC,MATMAS,SUCCESS,58.0,1.25,0
LOG-0002322,2026-08-31 11:11:46.079035,IF-008,SAP_CPI,3PL_PROVIDER,DESADV,SUCCESS,48.0,4.19,0
LOG-0002928,2026-08-31 11:31:04.079035,IF-003,SAP_S4HANA,ARIBA_NETWORK,ORDRSP,SUCCESS,64.4,9.08,0
LOG-0004685,2026-08-31 11:42:56.079035,IF-002,SAP_S4HANA,WMS_MANHATTAN,DESADV,SUCCESS,31.2,0.84,0
LOG-0001170,2026-08-31 11:46:42.079035,IF-003,SAP_S4HANA,ARIBA_NETWORK,ORDRSP,SUCCESS,67.5,1.83,0
LOG-0002860,2026-08-31 11:58:17.079035,IF-007,SAP_S4HANA,DATA_LAKE,CDC,SUCCESS,56.1,4.76,0
LOG-0003197,2026-08-31 12:15:05.079035,IF-003,SAP_S4HANA,ARIBA_NETWORK,ORDRSP,SUCCESS,152.7,5.85,0
LOG-0002882,2026-08-31 12:15:25.079035,IF-008,SAP_CPI,3PL_PROVIDER,DESADV,SUCCESS,30.0,3.15,0
LOG-0001764,2026-08-31 12:17:02.079035,IF-002,SAP_S4HANA,WMS_MANHATTAN,DESADV,FAILED,143.4,34.13,3
LOG-0004405,2026-08-31 12:24:51.079035,IF-003,SAP_S4HANA,ARIBA_NETWORK,ORDRSP,SUCCESS,79.6,1.18,0
LOG-0001606,2026-08-31 12:27:08.079035,IF-004,SAP_ECC,B2B_VAN_SPS,INVOIC,SUCCESS,85.5,2.74,0
LOG-0000254,2026-08-31 12:41:22.079035,IF-002,SAP_S4HANA,WMS_MANHATTAN,DESADV,SUCCESS,74.4,5.49,0
LOG-0003167,2026-08-31 12:45:48.079035,IF-006,LEGACY_MAINFRAME,SAP_ECC,MATMAS,SUCCESS,71.9,6.12,0
LOG-0000558,2026-08-31 12:49:43.079035,IF-004,SAP_ECC,B2B_VAN_SPS,INVOIC,SUCCESS,53.1,8.83,0
LOG-0000350,2026-08-31 12:56:10.079035,IF-002,SAP_S4HANA,WMS_MANHATTAN,DESADV,SUCCESS,72.2,29.4,0
LOG-0001585,2026-08-31 12:58:09.079035,IF-004,SAP_ECC,B2B_VAN_SPS,INVOIC,SUCCESS,51.3,9.49,0
LOG-0004428,2026-08-31 13:04:02.079035,IF-008,SAP_CPI,3PL_PROVIDER,DESADV,SUCCESS,73.5,1.18,0
LOG-0000996,2026-08-31 13:05:44.079035,IF-006,LEGACY_MAINFRAME,SAP_ECC,MATMAS,SUCCESS,56.8,10.37,0
LOG-0004822,2026-08-31 13:08:19.079035,IF-002,SAP_S4HANA,WMS_MANHATTAN,DESADV,SUCCESS,44.4,17.83,0
LOG-0004739,2026-08-31 13:19:26.079035,IF-007,SAP_S4HANA,DATA_LAKE,CDC,SUCCESS,68.1,19.94,0
LOG-0001804,2026-08-31 13:29:29.079035,IF-003,SAP_S4HANA,ARIBA_NETWORK,ORDRSP,SUCCESS,100.1,3.23,0
LOG-0004879,2026-08-31 13:54:31.079035,IF-004,SAP_ECC,B2B_VAN_SPS,INVOIC,SUCCESS,48.2,5.84,0
LOG-0000611,2026-08-31 14:03:31.079035,IF-007,SAP_S4HANA,DATA_LAKE,CDC,SUCCESS,126.6,6.47,0
LOG-0000111,2026-08-31 14:05:04.079035,IF-002,SAP_S4HANA,WMS_MANHATTAN,DESADV,SUCCESS,62.1,6.37,0
LOG-0002526,2026-08-31 14:07:03.079035,IF-007,SAP_S4HANA,DATA_LAKE,CDC,SUCCESS,168.6,2.63,0
LOG-0001237,2026-08-31 14:26:42.079035,IF-002,SAP_S4HANA,WMS_MANHATTAN,DESADV,SUCCESS,37.8,8.56,0
LOG-0000519,2026-08-31 14:29:56.079035,IF-006,LEGACY_MAINFRAME,SAP_ECC,MATMAS,SUCCESS,232.0,4.19,0
LOG-0004432,2026-08-31 14:31:47.079035,IF-008,SAP_CPI,3PL_PROVIDER,DESADV,SUCCESS,189.5,12.62,0
LOG-0001590,2026-08-31 14:38:27.079035,IF-001,SAP_ECC,SFDC_CRM,ORDERS,SUCCESS,39.5,7.53,0
LOG-0002085,2026-08-31 14:57:06.079035,IF-006,LEGACY_MAINFRAME,SAP_ECC,MATMAS,SUCCESS,43.5,5.24,0
LOG-0002510,2026-08-31 15:00:16.079035,IF-008,SAP_CPI,3PL_PROVIDER,DESADV,SUCCESS,102.4,5.83,0
LOG-0002747,2026-08-31 15:02:48.079035,IF-003,SAP_S4HANA,ARIBA_NETWORK,ORDRSP,SUCCESS,102.2,8.86,0
LOG-0002262,2026-08-31 15:16:18.079035,IF-005,SAP_S4HANA,BTP_APP,OData,SUCCESS,134.2,2.82,0
LOG-0004992,2026-08-31 15:18:24.079035,IF-004,SAP_ECC,B2B_VAN_SPS,INVOIC,SUCCESS,129.4,4.45,0
LOG-0001210,2026-08-31 15:21:24.079035,IF-001,SAP_ECC,SFDC_CRM,ORDERS,SUCCESS,53.1,8.68,0
LOG-0004669,2026-08-31 15:24:25.079035,IF-003,SAP_S4HANA,ARIBA_NETWORK,ORDRSP,SUCCESS,144.0,11.8,0
LOG-0002784,2026-08-31 15:27:14.079035,IF-006,LEGACY_MAINFRAME,SAP_ECC,MATMAS,SUCCESS,77.4,13.14,0
LOG-0000608,2026-08-31 15:47:44.079035,IF-005,SAP_S4HANA,BTP_APP,OData,SUCCESS,76.4,5.59,0
LOG-0003134,2026-08-31 15:52:44.079035,IF-002,SAP_S4HANA,WMS_MANHATTAN,DESADV,SUCCESS,123.0,32.61,0
LOG-0003370,2026-08-31 15:55:02.079035,IF-001,SAP_ECC,SFDC_CRM,ORDERS,SUCCESS,86.3,49.54,0
LOG-0002794,2026-08-31 15:59:07.079035,IF-004,SAP_ECC,B2B_VAN_SPS,INVOIC,SUCCESS,42.0,7.3,0
LOG-0000485,2026-08-31 16:12:55.079035,IF-007,SAP_S4HANA,DATA_LAKE,CDC,SUCCESS,37.4,22.13,0
LOG-0002207,2026-08-31 16:24:50.079035,IF-008,SAP_CPI,3PL_PROVIDER,DESADV,SUCCESS,47.3,3.01,0
LOG-0002278,2026-08-31 16:28:10.079035,IF-002,SAP_S4HANA,WMS_MANHATTAN,DESADV,SUCCESS,86.2,10.58,0
LOG-0004647,2026-08-31 16:30:37.079035,IF-003,SAP_S4HANA,ARIBA_NETWORK,ORDRSP,SUCCESS,115.0,15.85,0
LOG-0003550,2026-08-31 16:31:09.079035,IF-003,SAP_S4HANA,ARIBA_NETWORK,ORDRSP,SUCCESS,161.4,22.99,0
LOG-0002076,2026-08-31 16:50:19.079035,IF-005,SAP_S4HANA,BTP_APP,OData,SUCCESS,40.5,5.12,0
LOG-0004683,2026-08-31 16:56:17.079035,IF-001,SAP_ECC,SFDC_CRM,ORDERS,TIMEOUT,159.2,3.98,3
LOG-0000664,2026-08-31 16:58:07.079035,IF-004,SAP_ECC,B2B_VAN_SPS,INVOIC,SUCCESS,23.9,18.24,0
LOG-0001202,2026-08-31 17:14:18.079035,IF-008,SAP_CPI,3PL_PROVIDER,DESADV,SUCCESS,43.1,3.65,0
LOG-0004514,2026-08-31 17:15:00.079035,IF-001,SAP_ECC,SFDC_CRM,ORDERS,FAILED,28.7,23.71,2
LOG-0002265,2026-08-31 17:18:47.079035,IF-007,SAP_S4HANA,DATA_LAKE,CDC,SUCCESS,64.5,7.92,0
LOG-0003596,2026-08-31 17:22:09.079035,IF-006,LEGACY_MAINFRAME,SAP_ECC,MATMAS,SUCCESS,229.6,38.59,0
LOG-0003648,2026-08-31 17:27:04.079035,IF-001,SAP_ECC,SFDC_CRM,ORDERS,SUCCESS,44.5,2.38,0
LOG-0002144,2026-08-31 17:31:34.079035,IF-002,SAP_S4HANA,WMS_MANHATTAN,DESADV,SUCCESS,31.9,1.13,0
LOG-0004145,2026-08-31 17:39:40.079035,IF-003,SAP_S4HANA,ARIBA_NETWORK,ORDRSP,SUCCESS,88.6,2.1,0
LOG-0002982,2026-08-31 17:40:36.079035,IF-004,SAP_ECC,B2B_VAN_SPS,INVOIC,SUCCESS,59.1,4.39,0
LOG-0004968,2026-08-31 17:45:17.079035,IF-003,SAP_S4HANA,ARIBA_NETWORK,ORDRSP,SUCCESS,148.2,5.98,0
LOG-0003378,2026-08-31 17:47:26.079035,IF-003,SAP_S4HANA,ARIBA_NETWORK,ORDRSP,SUCCESS,63.7,4.97,0
LOG-0004943,2026-08-31 17:52:55.079035,IF-002,SAP_S4HANA,WMS_MANHATTAN,DESADV,SUCCESS,104.0,8.5,0
LOG-0003161,2026-08-31 17:57:16.079035,IF-002,SAP_S4HANA,WMS_MANHATTAN,DESADV,SUCCESS,37.4,5.61,0
LOG-0004275,2026-08-31 18:07:29.079035,IF-004,SAP_ECC,B2B_VAN_SPS,INVOIC,SUCCESS,101.5,58.99,0
LOG-0001378,2026-08-31 18:08:50.079035,IF-008,SAP_CPI,3PL_PROVIDER,DESADV,SUCCESS,43.2,5.52,0
LOG-0000061,2026-08-31 18:29:34.079035,IF-004,SAP_ECC,B2B_VAN_SPS,INVOIC,RETRY,43.1,1.92,0
LOG-0002567,2026-08-31 18:29:57.079035,IF-007,SAP_S4HANA,DATA_LAKE,CDC,SUCCESS,90.2,8.44,0
LOG-0001389,2026-08-31 19:40:57.079035,IF-006,LEGACY_MAINFRAME,SAP_ECC,MATMAS,SUCCESS,57.1,5.48,0
LOG-0003593,2026-08-31 19:46:03.079035,IF-005,SAP_S4HANA,BTP_APP,OData,RETRY,43.4,5.66,3
LOG-0001595,2026-08-31 19:48:42.079035,IF-006,LEGACY_MAINFRAME,SAP_ECC,MATMAS,SUCCESS,63.6,3.73,0
LOG-0001481,2026-08-31 19:51:14.079035,IF-008,SAP_CPI,3PL_PROVIDER,DESADV,FAILED,76.3,44.06,2
LOG-0000754,2026-08-31 19:59:01.079035,IF-006,LEGACY_MAINFRAME,SAP_ECC,MATMAS,SUCCESS,101.2,20.77,0
LOG-0000010,2026-08-31 20:05:54.079035,IF-002,SAP_S4HANA,WMS_MANHATTAN,DESADV,FAILED,488.9,16.0,0
LOG-0003984,2026-08-31 20:18:45.079035,IF-003,SAP_S4HANA,ARIBA_NETWORK,ORDRSP,SUCCESS,44.0,1.41,0
LOG-0001899,2026-08-31 20:57:03.079035,IF-005,SAP_S4HANA,BTP_APP,OData,SUCCESS,47.8,15.04,0
LOG-0001020,2026-08-31 21:03:50.079035,IF-006,LEGACY_MAINFRAME,SAP_ECC,MATMAS,TIMEOUT,798.2,44.92,0
LOG-0002276,2026-08-31 21:12:28.079035,IF-008,SAP_CPI,3PL_PROVIDER,DESADV,SUCCESS,67.5,10.93,0
LOG-0001690,2026-08-31 21:18:36.079035,IF-004,SAP_ECC,B2B_VAN_SPS,INVOIC,SUCCESS,25.4,8.43,0
LOG-0003071,2026-08-31 21:22:05.079035,IF-006,LEGACY_MAINFRAME,SAP_ECC,MATMAS,SUCCESS,25.3,9.58,0
LOG-0002620,2026-08-31 21:29:04.079035,IF-005,SAP_S4HANA,BTP_APP,OData,SUCCESS,86.1,7.7,0
LOG-0004341,2026-08-31 21:30:58.079035,IF-005,SAP_S4HANA,BTP_APP,OData,SUCCESS,102.8,1.69,0
LOG-0002665,2026-08-31 21:43:53.079035,IF-006,LEGACY_MAINFRAME,SAP_ECC,MATMAS,SUCCESS,18.6,7.85,0
LOG-0001081,2026-08-31 21:45:12.079035,IF-006,LEGACY_MAINFRAME,SAP_ECC,MATMAS,SUCCESS,146.1,4.04,0
LOG-0002850,2026-08-31 22:17:36.079035,IF-002,SAP_S4HANA,WMS_MANHATTAN,DESADV,SUCCESS,74.7,12.91,0
LOG-0002415,2026-08-31 22:41:29.079035,IF-006,LEGACY_MAINFRAME,SAP_ECC,MATMAS,SUCCESS,38.1,6.77,0
LOG-0001097,2026-08-31 22:44:09.079035,IF-007,SAP_S4HANA,DATA_LAKE,CDC,SUCCESS,51.6,5.79,0
LOG-0002189,2026-08-31 23:00:40.079035,IF-008,SAP_CPI,3PL_PROVIDER,DESADV,SUCCESS,108.2,5.68,0
LOG-0003553,2026-08-31 23:05:06.079035,IF-005,SAP_S4HANA,BTP_APP,OData,SUCCESS,67.9,2.81,0
LOG-0000374,2026-08-31 23:20:23.079035,IF-004,SAP_ECC,B2B_VAN_SPS,INVOIC,SUCCESS,29.0,3.77,0
LOG-0003752,2026-08-31 23:23:42.079035,IF-006,LEGACY_MAINFRAME,SAP_ECC,MATMAS,SUCCESS,30.3,12.49,0
LOG-0003712,2026-08-31 23:24:03.079035,IF-003,SAP_S4HANA,ARIBA_NETWORK,ORDRSP,SUCCESS,120.6,21.35,0
LOG-0002871,2026-08-31 23:38:46.079035,IF-005,SAP_S4HANA,BTP_APP,OData,SUCCESS,35.4,4.73,0
LOG-0003843,2026-08-31 23:39:22.079035,IF-004,SAP_ECC,B2B_VAN_SPS,INVOIC,SUCCESS,26.7,5.54,0
LOG-0000565,2026-08-31 23:51:02.079035,IF-003,SAP_S4HANA,ARIBA_NETWORK,ORDRSP,SUCCESS,179.5,2.17,0
LOG-0002248,2026-08-31 23:59:52.079035,IF-004,SAP_ECC,B2B_VAN_SPS,INVOIC,TIMEOUT,41.4,5.15,1
LOG-0001594,2026-09-01 00:19:27.079035,IF-001,SAP_ECC,SFDC_CRM,ORDERS,SUCCESS,413.7,3.9,0
LOG-0001540,2026-09-01 00:42:04.079035,IF-003,SAP_S4HANA,ARIBA_NETWORK,ORDRSP,SUCCESS,180.6,1.35,0
LOG-0000289,2026-09-01 00:57:27.079035,IF-006,LEGACY_MAINFRAME,SAP_ECC,MATMAS,SUCCESS,26.4,16.85,0
LOG-0004757,2026-09-01 01:03:32.079035,IF-002,SAP_S4HANA,WMS_MANHATTAN,DESADV,SUCCESS,190.8,5.94,0
LOG-0000799,2026-09-01 01:29:54.079035,IF-002,SAP_S4HANA,WMS_MANHATTAN,DESADV,SUCCESS,150.9,7.79,0
LOG-0003749,2026-09-01 01:31:36.079035,IF-006,LEGACY_MAINFRAME,SAP_ECC,MATMAS,SUCCESS,266.6,67.04,0
LOG-0004270,2026-09-01 01:34:29.079035,IF-005,SAP_S4HANA,BTP_APP,OData,SUCCESS,69.3,6.79,0
LOG-0002591,2026-09-01 01:41:58.079035,IF-004,SAP_ECC,B2B_VAN_SPS,INVOIC,SUCCESS,78.3,7.95,0
LOG-0001246,2026-09-01 01:48:53.079035,IF-007,SAP_S4HANA,DATA_LAKE,CDC,TIMEOUT,125.8,8.43,1
LOG-0001677,2026-09-01 01:50:03.079035,IF-001,SAP_ECC,SFDC_CRM,ORDERS,TIMEOUT,40.9,5.6,2
LOG-0001552,2026-09-01 01:50:23.079035,IF-001,SAP_ECC,SFDC_CRM,ORDERS,SUCCESS,46.3,5.34,0
LOG-0000145,2026-09-01 02:04:17.079035,IF-001,SAP_ECC,SFDC_CRM,ORDERS,SUCCESS,219.2,3.15,0
LOG-0001459,2026-09-01 02:05:59.079035,IF-008,SAP_CPI,3PL_PROVIDER,DESADV,SUCCESS,64.2,26.89,0
LOG-0000593,2026-09-01 02:14:16.079035,IF-004,SAP_ECC,B2B_VAN_SPS,INVOIC,SUCCESS,46.5,20.27,0
LOG-0003963,2026-09-01 02:26:32.079035,IF-007,SAP_S4HANA,DATA_LAKE,CDC,SUCCESS,28.8,5.14,0
LOG-0001347,2026-09-01 02:28:44.079035,IF-001,SAP_ECC,SFDC_CRM,ORDERS,SUCCESS,56.5,23.78,0
LOG-0000847,2026-09-01 02:34:49.079035,IF-003,SAP_S4HANA,ARIBA_NETWORK,ORDRSP,SUCCESS,86.0,2.33,0
LOG-0004935,2026-09-01 02:46:20.079035,IF-002,SAP_S4HANA,WMS_MANHATTAN,DESADV,RETRY,24.0,4.03,3
LOG-0001082,2026-09-01 02:46:49.079035,IF-008,SAP_CPI,3PL_PROVIDER,DESADV,SUCCESS,78.1,5.44,0
LOG-0003556,2026-09-01 02:48:24.079035,IF-008,SAP_CPI,3PL_PROVIDER,DESADV,FAILED,309.1,20.46,1
LOG-0001321,2026-09-01 02:49:24.079035,IF-005,SAP_S4HANA,BTP_APP,OData,SUCCESS,57.5,4.0,0
LOG-0002103,2026-09-01 03:13:32.079035,IF-007,SAP_S4HANA,DATA_LAKE,CDC,SUCCESS,34.4,5.29,0
LOG-0000849,2026-09-01 03:20:33.079035,IF-001,SAP_ECC,SFDC_CRM,ORDERS,SUCCESS,94.8,26.96,0
LOG-0004137,2026-09-01 03:42:07.079035,IF-008,SAP_CPI,3PL_PROVIDER,DESADV,SUCCESS,41.2,5.9,0
LOG-0003471,2026-09-01 03:43:31.079035,IF-005,SAP_S4HANA,BTP_APP,OData,SUCCESS,60.0,15.82,0
LOG-0004254,2026-09-01 04:04:00.079035,IF-003,SAP_S4HANA,ARIBA_NETWORK,ORDRSP,SUCCESS,30.8,3.81,0
LOG-0004883,2026-09-01 04:16:21.079035,IF-001,SAP_ECC,SFDC_CRM,ORDERS,SUCCESS,106.3,0.86,0
LOG-0003775,2026-09-01 04:20:02.079035,IF-002,SAP_S4HANA,WMS_MANHATTAN,DESADV,SUCCESS,35.5,5.4,0
LOG-0001429,2026-09-01 04:21:45.079035,IF-006,LEGACY_MAINFRAME,SAP_ECC,MATMAS,SUCCESS,30.1,2.75,0
LOG-0004205,2026-09-01 04:55:08.079035,IF-006,LEGACY_MAINFRAME,SAP_ECC,MATMAS,SUCCESS,101.6,2.87,0
LOG-0004501,2026-09-01 05:07:01.079035,IF-006,LEGACY_MAINFRAME,SAP_ECC,MATMAS,SUCCESS,42.6,1.3,0
LOG-0000623,2026-09-01 05:14:11.079035,IF-004,SAP_ECC,B2B_VAN_SPS,INVOIC,SUCCESS,42.0,6.48,0
LOG-0000920,2026-09-01 05:30:45.079035,IF-004,SAP_ECC,B2B_VAN_SPS,INVOIC,SUCCESS,153.3,7.9,0
LOG-0000587,2026-09-01 05:30:58.079035,IF-007,SAP_S4HANA,DATA_LAKE,CDC,SUCCESS,71.2,3.71,0
LOG-0000438,2026-09-01 05:32:33.079035,IF-003,SAP_S4HANA,ARIBA_NETWORK,ORDRSP,SUCCESS,24.8,10.18,0
LOG-0002508,2026-09-01 05:40:08.079035,IF-003,SAP_S4HANA,ARIBA_NETWORK,ORDRSP,SUCCESS,73.5,59.8,0
LOG-0000810,2026-09-01 05:56:11.079035,IF-002,SAP_S4HANA,WMS_MANHATTAN,DESADV,SUCCESS,102.8,3.51,0
LOG-0001974,2026-09-01 05:57:55.079035,IF-007,SAP_S4HANA,DATA_LAKE,CDC,SUCCESS,63.5,2.78,0
LOG-0000866,2026-09-01 06:16:33.079035,IF-003,SAP_S4HANA,ARIBA_NETWORK,ORDRSP,SUCCESS,63.5,1.59,0
LOG-0002228,2026-09-01 06:55:16.079035,IF-004,SAP_ECC,B2B_VAN_SPS,INVOIC,SUCCESS,194.3,9.7,0
LOG-0003195,2026-09-01 07:16:25.079035,IF-003,SAP_S4HANA,ARIBA_NETWORK,ORDRSP,SUCCESS,50.5,3.17,0
LOG-0004694,2026-09-01 07:26:57.079035,IF-004,SAP_ECC,B2B_VAN_SPS,INVOIC,SUCCESS,55.0,6.59,0
LOG-0003449,2026-09-01 07:31:59.079035,IF-006,LEGACY_MAINFRAME,SAP_ECC,MATMAS,SUCCESS,66.6,14.18,0
LOG-0004801,2026-09-01 07:36:40.079035,IF-007,SAP_S4HANA,DATA_LAKE,CDC,RETRY,30.3,6.14,1
LOG-0003067,2026-09-01 07:38:24.079035,IF-002,SAP_S4HANA,WMS_MANHATTAN,DESADV,SUCCESS,138.0,7.03,0
LOG-0000463,2026-09-01 07:46:30.079035,IF-008,SAP_CPI,3PL_PROVIDER,DESADV,SUCCESS,46.5,8.22,0
LOG-0001141,2026-09-01 07:56:39.079035,IF-008,SAP_CPI,3PL_PROVIDER,DESADV,SUCCESS,113.2,8.37,0
LOG-0002094,2026-09-01 08:01:25.079035,IF-005,SAP_S4HANA,BTP_APP,OData,SUCCESS,110.9,5.54,0
LOG-0003339,2026-09-01 08:22:32.079035,IF-008,SAP_CPI,3PL_PROVIDER,DESADV,SUCCESS,250.5,7.63,0
LOG-0003061,2026-09-01 08:31:24.079035,IF-007,SAP_S4HANA,DATA_LAKE,CDC,SUCCESS,38.9,6.4,0
LOG-0000968,2026-09-01 08:48:20.079035,IF-002,SAP_S4HANA,WMS_MANHATTAN,DESADV,SUCCESS,98.3,7.28,0
LOG-0003446,2026-09-01 08:50:52.079035,IF-003,SAP_S4HANA,ARIBA_NETWORK,ORDRSP,SUCCESS,39.4,72.62,0
LOG-0003089,2026-09-01 08:58:23.079035,IF-003,SAP_S4HANA,ARIBA_NETWORK,ORDRSP,SUCCESS,71.1,10.51,0
LOG-0002553,2026-09-01 09:01:10.079035,IF-007,SAP_S4HANA,DATA_LAKE,CDC,SUCCESS,181.9,14.06,0
LOG-0000833,2026-09-01 09:13:18.079035,IF-002,SAP_S4HANA,WMS_MANHATTAN,DESADV,SUCCESS,40.2,3.08,0
LOG-0001744,2026-09-01 09:13:39.079035,IF-007,SAP_S4HANA,DATA_LAKE,CDC,SUCCESS,158.8,3.03,0
LOG-0004786,2026-09-01 09:22:28.079035,IF-004,SAP_ECC,B2B_VAN_SPS,INVOIC,SUCCESS,59.1,19.44,0
LOG-0003193,2026-09-01 09:27:35.079035,IF-005,SAP_S4HANA,BTP_APP,OData,SUCCESS,39.7,2.48,0
LOG-0001288,2026-09-01 09:30:11.079035,IF-003,SAP_S4HANA,ARIBA_NETWORK,ORDRSP,SUCCESS,122.9,3.88,0
LOG-0002414,2026-09-01 09:48:15.079035,IF-001,SAP_ECC,SFDC_CRM,ORDERS,SUCCESS,75.1,0.66,0
LOG-0004036,2026-09-01 09:48:33.079035,IF-006,LEGACY_MAINFRAME,SAP_ECC,MATMAS,SUCCESS,37.8,8.18,0
LOG-0004967,2026-09-01 09:57:43.079035,IF-002,SAP_S4HANA,WMS_MANHATTAN,DESADV,SUCCESS,68.8,4.22,0
LOG-0000738,2026-09-01 10:07:05.079035,IF-004,SAP_ECC,B2B_VAN_SPS,INVOIC,RETRY,78.7,11.09,1
LOG-0004657,2026-09-01 10:10:08.079035,IF-008,SAP_CPI,3PL_PROVIDER,DESADV,SUCCESS,51.1,8.73,0
LOG-0003041,2026-09-01 10:16:38.079035,IF-008,SAP_CPI,3PL_PROVIDER,DESADV,SUCCESS,42.0,3.85,0
LOG-0003836,2026-09-01 10:25:42.079035,IF-007,SAP_S4HANA,DATA_LAKE,CDC,TIMEOUT,54.1,26.73,1
LOG-0002015,2026-09-01 10:27:07.079035,IF-003,SAP_S4HANA,ARIBA_NETWORK,ORDRSP,SUCCESS,57.0,21.11,0
LOG-0000826,2026-09-01 10:30:11.079035,IF-005,SAP_S4HANA,BTP_APP,OData,SUCCESS,40.4,5.27,0
LOG-0002298,2026-09-01 10:34:58.079035,IF-002,SAP_S4HANA,WMS_MANHATTAN,DESADV,SUCCESS,48.5,9.64,0
LOG-0002145,2026-09-01 10:45:21.079035,IF-006,LEGACY_MAINFRAME,SAP_ECC,MATMAS,SUCCESS,55.5,11.24,0
LOG-0000491,2026-09-01 10:56:12.079035,IF-005,SAP_S4HANA,BTP_APP,OData,SUCCESS,180.1,2.77,0
LOG-0003486,2026-09-01 10:56:54.079035,IF-003,SAP_S4HANA,ARIBA_NETWORK,ORDRSP,SUCCESS,65.9,24.33,0
LOG-0003108,2026-09-01 11:01:29.079035,IF-008,SAP_CPI,3PL_PROVIDER,DESADV,SUCCESS,81.4,25.73,0
LOG-0003170,2026-09-01 11:04:41.079035,IF-004,SAP_ECC,B2B_VAN_SPS,INVOIC,SUCCESS,140.7,2.31,0
LOG-0001917,2026-09-01 11:15:35.079035,IF-004,SAP_ECC,B2B_VAN_SPS,INVOIC,SUCCESS,110.7,1.2,0
LOG-0003766,2026-09-01 11:28:59.079035,IF-005,SAP_S4HANA,BTP_APP,OData,SUCCESS,47.1,5.88,0
LOG-0001387,2026-09-01 11:39:43.079035,IF-003,SAP_S4HANA,ARIBA_NETWORK,ORDRSP,SUCCESS,70.7,38.82,0
LOG-0003512,2026-09-01 11:40:45.079035,IF-007,SAP_S4HANA,DATA_LAKE,CDC,SUCCESS,115.1,4.79,0
LOG-0003655,2026-09-01 11:46:49.079035,IF-003,SAP_S4HANA,ARIBA_NETWORK,ORDRSP,SUCCESS,47.6,6.21,0
LOG-0001687,2026-09-01 11:56:36.079035,IF-001,SAP_ECC,SFDC_CRM,ORDERS,SUCCESS,195.0,10.75,0
LOG-0003188,2026-09-01 12:01:17.079035,IF-004,SAP_ECC,B2B_VAN_SPS,INVOIC,SUCCESS,49.3,85.49,0
LOG-0003179,2026-09-01 12:07:27.079035,IF-003,SAP_S4HANA,ARIBA_NETWORK,ORDRSP,SUCCESS,40.8,38.89,0
LOG-0001175,2026-09-01 12:08:19.079035,IF-003,SAP_S4HANA,ARIBA_NETWORK,ORDRSP,SUCCESS,89.2,3.8,0
LOG-0001779,2026-09-01 12:14:42.079035,IF-002,SAP_S4HANA,WMS_MANHATTAN,DESADV,SUCCESS,36.8,41.44,0
LOG-0003797,2026-09-01 12:27:14.079035,IF-005,SAP_S4HANA,BTP_APP,OData,SUCCESS,83.8,3.83,0
LOG-0002633,2026-09-01 12:49:48.079035,IF-002,SAP_S4HANA,WMS_MANHATTAN,DESADV,SUCCESS,111.6,2.55,0
LOG-0002740,2026-09-01 13:00:38.079035,IF-006,LEGACY_MAINFRAME,SAP_ECC,MATMAS,SUCCESS,50.2,15.71,0
LOG-0001730,2026-09-01 13:18:11.079035,IF-003,SAP_S4HANA,ARIBA_NETWORK,ORDRSP,SUCCESS,42.0,0.73,0
LOG-0001079,2026-09-01 13:21:55.079035,IF-008,SAP_CPI,3PL_PROVIDER,DESADV,SUCCESS,40.3,5.25,0
LOG-0000934,2026-09-01 13:26:37.079035,IF-001,SAP_ECC,SFDC_CRM,ORDERS,SUCCESS,55.1,5.38,0
LOG-0002299,2026-09-01 13:31:13.079035,IF-002,SAP_S4HANA,WMS_MANHATTAN,DESADV,SUCCESS,56.0,2.47,0
LOG-0001967,2026-09-01 13:42:20.079035,IF-004,SAP_ECC,B2B_VAN_SPS,INVOIC,SUCCESS,97.6,2.97,0
LOG-0001411,2026-09-01 13:51:11.079035,IF-007,SAP_S4HANA,DATA_LAKE,CDC,SUCCESS,43.5,4.57,0
LOG-0002855,2026-09-01 13:53:56.079035,IF-002,SAP_S4HANA,WMS_MANHATTAN,DESADV,SUCCESS,31.6,10.7,0
LOG-0000915,2026-09-01 13:53:58.079035,IF-008,SAP_CPI,3PL_PROVIDER,DESADV,SUCCESS,46.6,3.12,0
LOG-0004710,2026-09-01 14:03:51.079035,IF-002,SAP_S4HANA,WMS_MANHATTAN,DESADV,SUCCESS,44.1,13.57,0
LOG-0001771,2026-09-01 14:04:05.079035,IF-005,SAP_S4HANA,BTP_APP,OData,FAILED,219.8,14.03,3
LOG-0002817,2026-09-01 14:12:12.079035,IF-006,LEGACY_MAINFRAME,SAP_ECC,MATMAS,SUCCESS,38.4,29.75,0
LOG-0004679,2026-09-01 14:23:35.079035,IF-005,SAP_S4HANA,BTP_APP,OData,SUCCESS,95.9,5.69,0
LOG-0001913,2026-09-01 14:25:24.079035,IF-001,SAP_ECC,SFDC_CRM,ORDERS,SUCCESS,57.6,7.67,0
LOG-0004233,2026-09-01 14:33:43.079035,IF-004,SAP_ECC,B2B_VAN_SPS,INVOIC,SUCCESS,78.3,4.37,0
LOG-0004951,2026-09-01 14:46:51.079035,IF-006,LEGACY_MAINFRAME,SAP_ECC,MATMAS,SUCCESS,40.7,1.48,0
LOG-0002822,2026-09-01 14:48:34.079035,IF-005,SAP_S4HANA,BTP_APP,OData,SUCCESS,68.9,8.51,0
LOG-0002846,2026-09-01 15:08:49.079035,IF-004,SAP_ECC,B2B_VAN_SPS,INVOIC,RETRY,30.3,7.3,3
LOG-0002630,2026-09-01 15:16:34.079035,IF-006,LEGACY_MAINFRAME,SAP_ECC,MATMAS,SUCCESS,60.2,2.48,0
LOG-0004940,2026-09-01 15:26:39.079035,IF-008,SAP_CPI,3PL_PROVIDER,DESADV,SUCCESS,40.2,6.49,0
LOG-0001359,2026-09-01 15:39:46.079035,IF-003,SAP_S4HANA,ARIBA_NETWORK,ORDRSP,SUCCESS,74.7,8.7,0
LOG-0002115,2026-09-01 15:43:50.079035,IF-006,LEGACY_MAINFRAME,SAP_ECC,MATMAS,SUCCESS,172.3,13.3,0
LOG-0002609,2026-09-01 15:53:19.079035,IF-005,SAP_S4HANA,BTP_APP,OData,SUCCESS,109.9,122.5,0
LOG-0000834,2026-09-01 15:54:33.079035,IF-008,SAP_CPI,3PL_PROVIDER,DESADV,SUCCESS,45.3,7.52,0
LOG-0003262,2026-09-01 15:59:36.079035,IF-002,SAP_S4HANA,WMS_MANHATTAN,DESADV,FAILED,104.6,14.95,2
LOG-0002280,2026-09-01 16:04:23.079035,IF-006,LEGACY_MAINFRAME,SAP_ECC,MATMAS,FAILED,57.5,9.28,1
LOG-0002791,2026-09-01 16:37:17.079035,IF-003,SAP_S4HANA,ARIBA_NETWORK,ORDRSP,SUCCESS,88.7,13.92,0
LOG-0002783,2026-09-01 16:41:36.079035,IF-008,SAP_CPI,3PL_PROVIDER,DESADV,SUCCESS,34.2,5.86,0
LOG-0001196,2026-09-01 16:45:32.079035,IF-003,SAP_S4HANA,ARIBA_NETWORK,ORDRSP,SUCCESS,966.7,5.8,0
LOG-0004070,2026-09-01 16:55:39.079035,IF-005,SAP_S4HANA,BTP_APP,OData,FAILED,132.9,6.33,2
LOG-0002502,2026-09-01 16:59:06.079035,IF-006,LEGACY_MAINFRAME,SAP_ECC,MATMAS,SUCCESS,43.1,8.04,0
LOG-0004506,2026-09-01 17:00:39.079035,IF-004,SAP_ECC,B2B_VAN_SPS,INVOIC,SUCCESS,111.5,8.5,0
LOG-0001998,2026-09-01 17:02:46.079035,IF-002,SAP_S4HANA,WMS_MANHATTAN,DESADV,SUCCESS,59.1,3.82,0
LOG-0002766,2026-09-01 17:17:06.079035,IF-002,SAP_S4HANA,WMS_MANHATTAN,DESADV,SUCCESS,239.7,19.83,0
LOG-0004630,2026-09-01 17:21:02.079035,IF-002,SAP_S4HANA,WMS_MANHATTAN,DESADV,SUCCESS,47.3,23.48,0
LOG-0004535,2026-09-01 17:26:18.079035,IF-008,SAP_CPI,3PL_PROVIDER,DESADV,SUCCESS,41.6,19.06,0
LOG-0002462,2026-09-01 17:30:56.079035,IF-004,SAP_ECC,B2B_VAN_SPS,INVOIC,SUCCESS,35.4,3.28,0
LOG-0002438,2026-09-01 17:32:14.079035,IF-007,SAP_S4HANA,DATA_LAKE,CDC,RETRY,111.6,4.99,2
LOG-0002216,2026-09-01 17:42:18.079035,IF-005,SAP_S4HANA,BTP_APP,OData,SUCCESS,353.8,2.9,0
LOG-0002039,2026-09-01 17:49:13.079035,IF-007,SAP_S4HANA,DATA_LAKE,CDC,RETRY,65.7,8.49,0
LOG-0000595,2026-09-01 18:14:17.079035,IF-004,SAP_ECC,B2B_VAN_SPS,INVOIC,SUCCESS,29.9,5.34,0
LOG-0004398,2026-09-01 18:14:49.079035,IF-001,SAP_ECC,SFDC_CRM,ORDERS,SUCCESS,58.1,14.72,0
LOG-0000588,2026-09-01 18:31:41.079035,IF-006,LEGACY_MAINFRAME,SAP_ECC,MATMAS,SUCCESS,105.9,30.39,0
LOG-0004438,2026-09-01 18:38:25.079035,IF-006,LEGACY_MAINFRAME,SAP_ECC,MATMAS,SUCCESS,38.8,11.57,0
LOG-0002885,2026-09-01 18:39:42.079035,IF-007,SAP_S4HANA,DATA_LAKE,CDC,SUCCESS,133.4,6.23,0
LOG-0000616,2026-09-01 18:50:40.079035,IF-002,SAP_S4HANA,WMS_MANHATTAN,DESADV,SUCCESS,58.4,2.89,0
LOG-0002808,2026-09-01 19:00:15.079035,IF-007,SAP_S4HANA,DATA_LAKE,CDC,SUCCESS,87.7,2.05,0
LOG-0000161,2026-09-01 19:09:40.079035,IF-004,SAP_ECC,B2B_VAN_SPS,INVOIC,SUCCESS,107.2,7.03,0
LOG-0003777,2026-09-01 19:13:49.079035,IF-005,SAP_S4HANA,BTP_APP,OData,SUCCESS,56.8,2.97,0
LOG-0001364,2026-09-01 19:15:01.079035,IF-003,SAP_S4HANA,ARIBA_NETWORK,ORDRSP,SUCCESS,100.9,3.71,0
LOG-0004251,2026-09-01 19:16:18.079035,IF-004,SAP_ECC,B2B_VAN_SPS,INVOIC,SUCCESS,120.6,5.28,0
LOG-0002724,2026-09-01 19:37:47.079035,IF-003,SAP_S4HANA,ARIBA_NETWORK,ORDRSP,SUCCESS,43.8,4.7,0
LOG-0001163,2026-09-01 19:44:07.079035,IF-005,SAP_S4HANA,BTP_APP,OData,SUCCESS,178.7,5.75,0
LOG-0000918,2026-09-01 19:47:13.079035,IF-008,SAP_CPI,3PL_PROVIDER,DESADV,SUCCESS,61.4,2.34,0
LOG-0004831,2026-09-01 20:05:45.079035,IF-006,LEGACY_MAINFRAME,SAP_ECC,MATMAS,SUCCESS,31.9,1.78,0
LOG-0004502,2026-09-01 20:10:21.079035,IF-003,SAP_S4HANA,ARIBA_NETWORK,ORDRSP,SUCCESS,31.2,3.64,0
LOG-0001885,2026-09-01 20:10:32.079035,IF-003,SAP_S4HANA,ARIBA_NETWORK,ORDRSP,SUCCESS,895.7,4.42,0
LOG-0003601,2026-09-01 20:40:42.079035,IF-003,SAP_S4HANA,ARIBA_NETWORK,ORDRSP,SUCCESS,78.3,2.66,0
LOG-0004689,2026-09-01 20:41:06.079035,IF-007,SAP_S4HANA,DATA_LAKE,CDC,SUCCESS,49.0,11.8,0
LOG-0001968,2026-09-01 20:42:59.079035,IF-005,SAP_S4HANA,BTP_APP,OData,RETRY,76.2,2.72,3
LOG-0001043,2026-09-01 20:43:44.079035,IF-001,SAP_ECC,SFDC_CRM,ORDERS,TIMEOUT,55.9,9.6,0
LOG-0001516,2026-09-01 20:45:37.079035,IF-006,LEGACY_MAINFRAME,SAP_ECC,MATMAS,SUCCESS,62.3,42.54,0
LOG-0000729,2026-09-01 20:52:10.079035,IF-008,SAP_CPI,3PL_PROVIDER,DESADV,TIMEOUT,29.7,13.24,0
LOG-0000778,2026-09-01 20:52:44.079035,IF-004,SAP_ECC,B2B_VAN_SPS,INVOIC,SUCCESS,32.0,19.66,0
LOG-0001240,2026-09-01 20:58:12.079035,IF-001,SAP_ECC,SFDC_CRM,ORDERS,SUCCESS,107.6,13.68,0
LOG-0003781,2026-09-01 20:59:39.079035,IF-004,SAP_ECC,B2B_VAN_SPS,INVOIC,SUCCESS,44.8,0.65,0
LOG-0004946,2026-09-01 21:03:54.079035,IF-006,LEGACY_MAINFRAME,SAP_ECC,MATMAS,SUCCESS,44.8,5.22,0
LOG-0002096,2026-09-01 21:07:36.079035,IF-004,SAP_ECC,B2B_VAN_SPS,INVOIC,SUCCESS,30.8,37.77,0
LOG-0002556,2026-09-01 21:14:34.079035,IF-001,SAP_ECC,SFDC_CRM,ORDERS,SUCCESS,43.4,3.17,0
LOG-0000500,2026-09-01 21:18:37.079035,IF-004,SAP_ECC,B2B_VAN_SPS,INVOIC,RETRY,76.5,3.77,0
LOG-0004971,2026-09-01 21:28:18.079035,IF-006,LEGACY_MAINFRAME,SAP_ECC,MATMAS,SUCCESS,66.9,5.41,0
LOG-0001430,2026-09-01 21:28:59.079035,IF-008,SAP_CPI,3PL_PROVIDER,DESADV,SUCCESS,368.9,3.88,0
LOG-0001782,2026-09-01 21:35:35.079035,IF-003,SAP_S4HANA,ARIBA_NETWORK,ORDRSP,TIMEOUT,108.3,17.71,3
LOG-0002893,2026-09-01 21:35:43.079035,IF-005,SAP_S4HANA,BTP_APP,OData,SUCCESS,19.4,5.01,0
LOG-0004598,2026-09-01 21:37:24.079035,IF-006,LEGACY_MAINFRAME,SAP_ECC,MATMAS,SUCCESS,66.1,3.65,0
LOG-0001235,2026-09-01 21:44:57.079035,IF-002,SAP_S4HANA,WMS_MANHATTAN,DESADV,SUCCESS,87.1,87.72,0
LOG-0000764,2026-09-01 21:53:28.079035,IF-005,SAP_S4HANA,BTP_APP,OData,SUCCESS,60.0,8.61,0
LOG-0000531,2026-09-01 21:56:35.079035,IF-007,SAP_S4HANA,DATA_LAKE,CDC,SUCCESS,47.6,2.16,0
LOG-0004068,2026-09-01 22:18:03.079035,IF-001,SAP_ECC,SFDC_CRM,ORDERS,SUCCESS,114.2,3.64,0
LOG-0004918,2026-09-01 22:22:36.079035,IF-002,SAP_S4HANA,WMS_MANHATTAN,DESADV,SUCCESS,51.2,55.77,0
LOG-0000403,2026-09-01 22:22:37.079035,IF-003,SAP_S4HANA,ARIBA_NETWORK,ORDRSP,SUCCESS,34.1,23.48,0
LOG-0003306,2026-09-01 22:36:23.079035,IF-001,SAP_ECC,SFDC_CRM,ORDERS,SUCCESS,168.5,3.67,0
LOG-0000973,2026-09-01 22:39:36.079035,IF-001,SAP_ECC,SFDC_CRM,ORDERS,SUCCESS,245.5,6.48,0
LOG-0000655,2026-09-01 22:39:47.079035,IF-002,SAP_S4HANA,WMS_MANHATTAN,DESADV,SUCCESS,51.5,71.18,0
LOG-0001255,2026-09-01 22:41:19.079035,IF-002,SAP_S4HANA,WMS_MANHATTAN,DESADV,SUCCESS,49.9,6.3,0
LOG-0001722,2026-09-01 22:53:07.079035,IF-008,SAP_CPI,3PL_PROVIDER,DESADV,SUCCESS,62.9,10.8,0
LOG-0004863,2026-09-01 22:53:48.079035,IF-004,SAP_ECC,B2B_VAN_SPS,INVOIC,SUCCESS,90.3,56.27,0
LOG-0000440,2026-09-01 22:55:44.079035,IF-007,SAP_S4HANA,DATA_LAKE,CDC,SUCCESS,66.6,1.22,0
LOG-0002511,2026-09-01 22:59:30.079035,IF-006,LEGACY_MAINFRAME,SAP_ECC,MATMAS,SUCCESS,82.4,10.87,0
LOG-0003493,2026-09-01 23:00:06.079035,IF-007,SAP_S4HANA,DATA_LAKE,CDC,SUCCESS,155.8,51.37,0
LOG-0002404,2026-09-01 23:14:34.079035,IF-003,SAP_S4HANA,ARIBA_NETWORK,ORDRSP,SUCCESS,93.7,32.23,0
LOG-0004808,2026-09-01 23:38:11.079035,IF-006,LEGACY_MAINFRAME,SAP_ECC,MATMAS,SUCCESS,85.8,4.12,0
LOG-0004243,2026-09-01 23:40:17.079035,IF-001,SAP_ECC,SFDC_CRM,ORDERS,SUCCESS,98.2,13.34,0
LOG-0001094,2026-09-02 00:09:46.079035,IF-007,SAP_S4HANA,DATA_LAKE,CDC,SUCCESS,64.8,3.98,0
LOG-0001569,2026-09-02 00:12:35.079035,IF-004,SAP_ECC,B2B_VAN_SPS,INVOIC,SUCCESS,60.2,6.46,0
LOG-0002875,2026-09-02 00:42:20.079035,IF-006,LEGACY_MAINFRAME,SAP_ECC,MATMAS,SUCCESS,50.0,8.93,0
LOG-0000055,2026-09-02 00:46:14.079035,IF-001,SAP_ECC,SFDC_CRM,ORDERS,SUCCESS,158.6,2.93,0
LOG-0000405,2026-09-02 00:50:43.079035,IF-008,SAP_CPI,3PL_PROVIDER,DESADV,FAILED,73.4,16.79,0
LOG-0002395,2026-09-02 00:51:07.079035,IF-002,SAP_S4HANA,WMS_MANHATTAN,DESADV,SUCCESS,101.7,5.22,0
LOG-0004138,2026-09-02 01:05:52.079035,IF-006,LEGACY_MAINFRAME,SAP_ECC,MATMAS,SUCCESS,92.0,1.67,0
LOG-0002272,2026-09-02 01:09:22.079035,IF-002,SAP_S4HANA,WMS_MANHATTAN,DESADV,SUCCESS,61.0,8.45,0
LOG-0000028,2026-09-02 01:32:58.079035,IF-005,SAP_S4HANA,BTP_APP,OData,SUCCESS,83.5,2.1,0
LOG-0003773,2026-09-02 02:02:19.079035,IF-002,SAP_S4HANA,WMS_MANHATTAN,DESADV,SUCCESS,178.2,34.95,0
LOG-0002113,2026-09-02 02:02:38.079035,IF-002,SAP_S4HANA,WMS_MANHATTAN,DESADV,SUCCESS,79.7,3.84,0
LOG-0003583,2026-09-02 02:05:08.079035,IF-008,SAP_CPI,3PL_PROVIDER,DESADV,SUCCESS,66.0,1.91,0
LOG-0000984,2026-09-02 02:05:30.079035,IF-003,SAP_S4HANA,ARIBA_NETWORK,ORDRSP,SUCCESS,56.8,6.92,0
LOG-0003647,2026-09-02 02:07:45.079035,IF-008,SAP_CPI,3PL_PROVIDER,DESADV,SUCCESS,34.9,5.01,0
LOG-0002568,2026-09-02 02:15:41.079035,IF-007,SAP_S4HANA,DATA_LAKE,CDC,FAILED,39.2,4.03,0
LOG-0003603,2026-09-02 02:21:28.079035,IF-007,SAP_S4HANA,DATA_LAKE,CDC,SUCCESS,249.2,20.09,0
LOG-0004911,2026-09-02 02:24:21.079035,IF-005,SAP_S4HANA,BTP_APP,OData,RETRY,27.7,33.42,1
LOG-0001708,2026-09-02 02:27:31.079035,IF-008,SAP_CPI,3PL_PROVIDER,DESADV,SUCCESS,38.8,7.06,0
LOG-0001517,2026-09-02 02:44:48.079035,IF-002,SAP_S4HANA,WMS_MANHATTAN,DESADV,SUCCESS,16.8,4.97,0
LOG-0004782,2026-09-02 02:46:36.079035,IF-005,SAP_S4HANA,BTP_APP,OData,SUCCESS,19.8,4.54,0
LOG-0003236,2026-09-02 02:55:37.079035,IF-001,SAP_ECC,SFDC_CRM,ORDERS,FAILED,54.8,6.11,0
LOG-0001168,2026-09-02 03:02:44.079035,IF-001,SAP_ECC,SFDC_CRM,ORDERS,SUCCESS,55.9,6.31,0
LOG-0002235,2026-09-02 03:11:22.079035,IF-008,SAP_CPI,3PL_PROVIDER,DESADV,SUCCESS,25.1,1.91,0
LOG-0003465,2026-09-02 03:21:01.079035,IF-006,LEGACY_MAINFRAME,SAP_ECC,MATMAS,SUCCESS,17.5,11.82,0
LOG-0001234,2026-09-02 03:24:23.079035,IF-001,SAP_ECC,SFDC_CRM,ORDERS,TIMEOUT,410.2,2.05,3
LOG-0002155,2026-09-02 03:30:04.079035,IF-004,SAP_ECC,B2B_VAN_SPS,INVOIC,RETRY,157.0,2.36,3
LOG-0000189,2026-09-02 03:33:39.079035,IF-005,SAP_S4HANA,BTP_APP,OData,FAILED,434.3,8.97,2
LOG-0001694,2026-09-02 03:46:11.079035,IF-008,SAP_CPI,3PL_PROVIDER,DESADV,SUCCESS,41.8,3.26,0
LOG-0002920,2026-09-02 04:02:09.079035,IF-001,SAP_ECC,SFDC_CRM,ORDERS,SUCCESS,75.0,8.66,0
LOG-0004621,2026-09-02 04:08:21.079035,IF-001,SAP_ECC,SFDC_CRM,ORDERS,SUCCESS,102.1,3.36,0
LOG-0002022,2026-09-02 04:09:13.079035,IF-005,SAP_S4HANA,BTP_APP,OData,SUCCESS,106.5,16.78,0
LOG-0003794,2026-09-02 04:09:17.079035,IF-002,SAP_S4HANA,WMS_MANHATTAN,DESADV,SUCCESS,46.3,40.06,0
LOG-0002902,2026-09-02 04:20:53.079035,IF-004,SAP_ECC,B2B_VAN_SPS,INVOIC,SUCCESS,47.9,1.76,0
LOG-0004193,2026-09-02 04:23:19.079035,IF-003,SAP_S4HANA,ARIBA_NETWORK,ORDRSP,SUCCESS,31.9,102.29,0
LOG-0001472,2026-09-02 04:42:24.079035,IF-003,SAP_S4HANA,ARIBA_NETWORK,ORDRSP,SUCCESS,68.1,3.28,0
LOG-0002966,2026-09-02 04:47:40.079035,IF-007,SAP_S4HANA,DATA_LAKE,CDC,SUCCESS,29.8,1.26,0
LOG-0002419,2026-09-02 04:49:47.079035,IF-006,LEGACY_MAINFRAME,SAP_ECC,MATMAS,SUCCESS,58.5,21.38,0
LOG-0003104,2026-09-02 04:53:46.079035,IF-002,SAP_S4HANA,WMS_MANHATTAN,DESADV,SUCCESS,66.5,3.27,0
LOG-0000356,2026-09-02 04:57:56.079035,IF-006,LEGACY_MAINFRAME,SAP_ECC,MATMAS,SUCCESS,171.1,1.04,0
LOG-0002382,2026-09-02 05:04:23.079035,IF-001,SAP_ECC,SFDC_CRM,ORDERS,SUCCESS,90.6,6.47,0
LOG-0002673,2026-09-02 05:33:53.079035,IF-007,SAP_S4HANA,DATA_LAKE,CDC,SUCCESS,125.7,14.82,0
LOG-0000020,2026-09-02 05:45:08.079035,IF-002,SAP_S4HANA,WMS_MANHATTAN,DESADV,SUCCESS,161.0,5.58,0
LOG-0004054,2026-09-02 06:16:22.079035,IF-004,SAP_ECC,B2B_VAN_SPS,INVOIC,SUCCESS,36.1,1.21,0
LOG-0001748,2026-09-02 06:18:29.079035,IF-003,SAP_S4HANA,ARIBA_NETWORK,ORDRSP,SUCCESS,66.8,8.0,0
LOG-0000332,2026-09-02 06:20:30.079035,IF-006,LEGACY_MAINFRAME,SAP_ECC,MATMAS,SUCCESS,77.5,18.27,0
LOG-0000199,2026-09-02 06:27:09.079035,IF-007,SAP_S4HANA,DATA_LAKE,CDC,TIMEOUT,79.9,11.44,3
LOG-0001762,2026-09-02 06:34:07.079035,IF-002,SAP_S4HANA,WMS_MANHATTAN,DESADV,SUCCESS,95.7,4.63,0
LOG-0000238,2026-09-02 06:38:05.079035,IF-006,LEGACY_MAINFRAME,SAP_ECC,MATMAS,SUCCESS,71.0,3.76,0
LOG-0002190,2026-09-02 06:45:07.079035,IF-001,SAP_ECC,SFDC_CRM,ORDERS,SUCCESS,79.0,11.3,0
LOG-0001012,2026-09-02 06:46:38.079035,IF-005,SAP_S4HANA,BTP_APP,OData,SUCCESS,139.9,3.6,0
LOG-0004763,2026-09-02 06:55:30.079035,IF-001,SAP_ECC,SFDC_CRM,ORDERS,SUCCESS,54.0,9.45,0
LOG-0000138,2026-09-02 06:56:20.079035,IF-008,SAP_CPI,3PL_PROVIDER,DESADV,SUCCESS,22.6,8.29,0
LOG-0003825,2026-09-02 06:57:03.079035,IF-005,SAP_S4HANA,BTP_APP,OData,SUCCESS,58.8,4.26,0
LOG-0000068,2026-09-02 06:59:50.079035,IF-008,SAP_CPI,3PL_PROVIDER,DESADV,SUCCESS,112.8,38.03,0
LOG-0003640,2026-09-02 07:07:45.079035,IF-001,SAP_ECC,SFDC_CRM,ORDERS,SUCCESS,106.0,6.98,0
LOG-0004436,2026-09-02 07:35:55.079035,IF-008,SAP_CPI,3PL_PROVIDER,DESADV,SUCCESS,61.6,11.03,0
LOG-0000538,2026-09-02 08:00:13.079035,IF-001,SAP_ECC,SFDC_CRM,ORDERS,SUCCESS,32.9,3.1,0
LOG-0004022,2026-09-02 08:00:26.079035,IF-001,SAP_ECC,SFDC_CRM,ORDERS,SUCCESS,37.3,12.53,0
LOG-0003976,2026-09-02 08:20:56.079035,IF-002,SAP_S4HANA,WMS_MANHATTAN,DESADV,SUCCESS,17.8,4.86,0
LOG-0000775,2026-09-02 08:31:25.079035,IF-007,SAP_S4HANA,DATA_LAKE,CDC,SUCCESS,58.7,1.24,0
LOG-0001848,2026-09-02 08:33:39.079035,IF-001,SAP_ECC,SFDC_CRM,ORDERS,SUCCESS,44.5,8.47,0
LOG-0003375,2026-09-02 08:40:13.079035,IF-003,SAP_S4HANA,ARIBA_NETWORK,ORDRSP,SUCCESS,55.0,5.51,0
LOG-0002529,2026-09-02 08:55:20.079035,IF-003,SAP_S4HANA,ARIBA_NETWORK,ORDRSP,FAILED,109.6,2.63,0
LOG-0001709,2026-09-02 09:02:02.079035,IF-008,SAP_CPI,3PL_PROVIDER,DESADV,SUCCESS,31.0,9.49,0
LOG-0004099,2026-09-02 09:24:39.079035,IF-007,SAP_S4HANA,DATA_LAKE,CDC,SUCCESS,39.0,4.74,0
LOG-0002232,2026-09-02 09:36:54.079035,IF-006,LEGACY_MAINFRAME,SAP_ECC,MATMAS,FAILED,150.5,42.12,0
LOG-0000896,2026-09-02 09:43:19.079035,IF-003,SAP_S4HANA,ARIBA_NETWORK,ORDRSP,SUCCESS,93.1,0.98,0
LOG-0004267,2026-09-02 09:55:19.079035,IF-005,SAP_S4HANA,BTP_APP,OData,SUCCESS,144.4,17.72,0
LOG-0000402,2026-09-02 09:57:39.079035,IF-006,LEGACY_MAINFRAME,SAP_ECC,MATMAS,SUCCESS,170.9,5.87,0
LOG-0000673,2026-09-02 10:15:21.079035,IF-001,SAP_ECC,SFDC_CRM,ORDERS,FAILED,260.0,4.08,3
LOG-0002205,2026-09-02 10:19:36.079035,IF-005,SAP_S4HANA,BTP_APP,OData,SUCCESS,56.8,15.92,0
LOG-0001921,2026-09-02 10:45:35.079035,IF-001,SAP_ECC,SFDC_CRM,ORDERS,SUCCESS,21.1,2.4,0
LOG-0001880,2026-09-02 10:47:03.079035,IF-004,SAP_ECC,B2B_VAN_SPS,INVOIC,SUCCESS,74.3,16.07,0
LOG-0002647,2026-09-02 10:50:05.079035,IF-001,SAP_ECC,SFDC_CRM,ORDERS,SUCCESS,144.6,2.98,0
LOG-0000205,2026-09-02 10:56:54.079035,IF-006,LEGACY_MAINFRAME,SAP_ECC,MATMAS,SUCCESS,23.3,22.03,0
LOG-0000326,2026-09-02 11:10:19.079035,IF-008,SAP_CPI,3PL_PROVIDER,DESADV,SUCCESS,57.2,6.97,0
LOG-0003192,2026-09-02 11:22:14.079035,IF-006,LEGACY_MAINFRAME,SAP_ECC,MATMAS,SUCCESS,62.4,23.5,0
LOG-0001780,2026-09-02 11:26:21.079035,IF-003,SAP_S4HANA,ARIBA_NETWORK,ORDRSP,FAILED,63.9,2.96,0
LOG-0002908,2026-09-02 11:31:55.079035,IF-002,SAP_S4HANA,WMS_MANHATTAN,DESADV,SUCCESS,42.2,58.71,0
LOG-0003420,2026-09-02 11:33:03.079035,IF-006,LEGACY_MAINFRAME,SAP_ECC,MATMAS,SUCCESS,66.0,3.91,0
LOG-0001988,2026-09-02 11:35:01.079035,IF-003,SAP_S4HANA,ARIBA_NETWORK,ORDRSP,SUCCESS,77.6,12.82,0
LOG-0002699,2026-09-02 11:46:43.079035,IF-006,LEGACY_MAINFRAME,SAP_ECC,MATMAS,SUCCESS,30.5,1.98,0
LOG-0001216,2026-09-02 11:47:38.079035,IF-003,SAP_S4HANA,ARIBA_NETWORK,ORDRSP,SUCCESS,50.5,1.69,0
LOG-0003829,2026-09-02 11:51:23.079035,IF-006,LEGACY_MAINFRAME,SAP_ECC,MATMAS,SUCCESS,66.0,4.64,0
LOG-0002933,2026-09-02 11:51:38.079035,IF-003,SAP_S4HANA,ARIBA_NETWORK,ORDRSP,SUCCESS,95.1,36.69,0
LOG-0004741,2026-09-02 12:03:23.079035,IF-003,SAP_S4HANA,ARIBA_NETWORK,ORDRSP,FAILED,514.8,17.65,2
LOG-0002953,2026-09-02 12:04:15.079035,IF-002,SAP_S4HANA,WMS_MANHATTAN,DESADV,SUCCESS,166.8,2.23,0
LOG-0000435,2026-09-02 12:09:00.079035,IF-004,SAP_ECC,B2B_VAN_SPS,INVOIC,SUCCESS,24.3,8.18,0
LOG-0000743,2026-09-02 12:12:29.079035,IF-006,LEGACY_MAINFRAME,SAP_ECC,MATMAS,SUCCESS,14.0,1.69,0
LOG-0002439,2026-09-02 12:27:01.079035,IF-004,SAP_ECC,B2B_VAN_SPS,INVOIC,SUCCESS,60.8,5.23,0
LOG-0004700,2026-09-02 12:45:50.079035,IF-007,SAP_S4HANA,DATA_LAKE,CDC,SUCCESS,257.1,15.21,0
LOG-0004849,2026-09-02 13:09:51.079035,IF-006,LEGACY_MAINFRAME,SAP_ECC,MATMAS,SUCCESS,136.4,6.26,0
LOG-0000776,2026-09-02 13:20:42.079035,IF-002,SAP_S4HANA,WMS_MANHATTAN,DESADV,SUCCESS,26.5,1.83,0
LOG-0002396,2026-09-02 13:23:08.079035,IF-003,SAP_S4HANA,ARIBA_NETWORK,ORDRSP,SUCCESS,97.4,5.51,0
LOG-0002369,2026-09-02 13:42:10.079035,IF-003,SAP_S4HANA,ARIBA_NETWORK,ORDRSP,SUCCESS,40.6,4.22,0
LOG-0001213,2026-09-02 13:43:45.079035,IF-003,SAP_S4HANA,ARIBA_NETWORK,ORDRSP,SUCCESS,66.8,6.51,0
LOG-0004224,2026-09-02 14:02:14.079035,IF-002,SAP_S4HANA,WMS_MANHATTAN,DESADV,SUCCESS,45.5,9.55,0
LOG-0002798,2026-09-02 14:03:43.079035,IF-006,LEGACY_MAINFRAME,SAP_ECC,MATMAS,SUCCESS,109.7,2.67,0
LOG-0004356,2026-09-02 14:09:31.079035,IF-008,SAP_CPI,3PL_PROVIDER,DESADV,SUCCESS,67.0,4.58,0
LOG-0000876,2026-09-02 14:39:34.079035,IF-007,SAP_S4HANA,DATA_LAKE,CDC,SUCCESS,38.3,1.61,0
LOG-0000353,2026-09-02 14:50:39.079035,IF-002,SAP_S4HANA,WMS_MANHATTAN,DESADV,SUCCESS,61.2,7.01,0
LOG-0001179,2026-09-02 14:58:04.079035,IF-005,SAP_S4HANA,BTP_APP,OData,SUCCESS,78.0,14.57,0
LOG-0002706,2026-09-02 15:26:30.079035,IF-002,SAP_S4HANA,WMS_MANHATTAN,DESADV,SUCCESS,57.0,2.81,0
LOG-0002043,2026-09-02 15:27:52.079035,IF-004,SAP_ECC,B2B_VAN_SPS,INVOIC,FAILED,34.1,16.36,1
LOG-0002770,2026-09-02 15:28:22.079035,IF-003,SAP_S4HANA,ARIBA_NETWORK,ORDRSP,FAILED,290.9,20.63,3
LOG-0000097,2026-09-02 15:30:41.079035,IF-005,SAP_S4HANA,BTP_APP,OData,SUCCESS,88.6,4.98,0
LOG-0003987,2026-09-02 15:40:53.079035,IF-004,SAP_ECC,B2B_VAN_SPS,INVOIC,SUCCESS,83.5,2.05,0
LOG-0001716,2026-09-02 15:42:20.079035,IF-005,SAP_S4HANA,BTP_APP,OData,SUCCESS,94.4,4.43,0
LOG-0003716,2026-09-02 15:44:37.079035,IF-007,SAP_S4HANA,DATA_LAKE,CDC,SUCCESS,50.9,55.1,0
LOG-0001229,2026-09-02 15:51:13.079035,IF-005,SAP_S4HANA,BTP_APP,OData,SUCCESS,45.9,9.33,0
LOG-0004552,2026-09-02 15:59:35.079035,IF-006,LEGACY_MAINFRAME,SAP_ECC,MATMAS,SUCCESS,196.2,4.26,0
LOG-0002865,2026-09-02 16:30:51.079035,IF-008,SAP_CPI,3PL_PROVIDER,DESADV,SUCCESS,92.2,7.47,0
LOG-0003220,2026-09-02 16:33:36.079035,IF-003,SAP_S4HANA,ARIBA_NETWORK,ORDRSP,FAILED,106.1,30.17,3
LOG-0003931,2026-09-02 16:45:05.079035,IF-006,LEGACY_MAINFRAME,SAP_ECC,MATMAS,SUCCESS,73.5,6.16,0
LOG-0002402,2026-09-02 16:51:21.079035,IF-007,SAP_S4HANA,DATA_LAKE,CDC,SUCCESS,44.6,3.96,0
LOG-0003376,2026-09-02 16:55:33.079035,IF-003,SAP_S4HANA,ARIBA_NETWORK,ORDRSP,SUCCESS,103.4,6.18,0
LOG-0003597,2026-09-02 16:59:14.079035,IF-007,SAP_S4HANA,DATA_LAKE,CDC,SUCCESS,84.8,9.01,0
LOG-0002670,2026-09-02 16:59:16.079035,IF-005,SAP_S4HANA,BTP_APP,OData,SUCCESS,45.8,5.28,0
LOG-0004046,2026-09-02 17:11:31.079035,IF-002,SAP_S4HANA,WMS_MANHATTAN,DESADV,SUCCESS,56.1,4.53,0
LOG-0001604,2026-09-02 17:18:23.079035,IF-008,SAP_CPI,3PL_PROVIDER,DESADV,SUCCESS,79.6,3.57,0
LOG-0004953,2026-09-02 17:34:21.079035,IF-006,LEGACY_MAINFRAME,SAP_ECC,MATMAS,SUCCESS,95.9,26.12,0
LOG-0003532,2026-09-02 17:34:30.079035,IF-004,SAP_ECC,B2B_VAN_SPS,INVOIC,SUCCESS,78.9,58.4,0
LOG-0000555,2026-09-02 17:36:53.079035,IF-002,SAP_S4HANA,WMS_MANHATTAN,DESADV,SUCCESS,62.5,2.63,0
LOG-0001549,2026-09-02 17:36:55.079035,IF-008,SAP_CPI,3PL_PROVIDER,DESADV,RETRY,215.8,5.81,1
LOG-0001462,2026-09-02 18:02:51.079035,IF-007,SAP_S4HANA,DATA_LAKE,CDC,SUCCESS,130.2,0.58,0
LOG-0001475,2026-09-02 18:03:04.079035,IF-005,SAP_S4HANA,BTP_APP,OData,SUCCESS,47.6,6.91,0
LOG-0002251,2026-09-02 18:22:11.079035,IF-007,SAP_S4HANA,DATA_LAKE,CDC,SUCCESS,91.4,3.07,0
LOG-0003581,2026-09-02 18:29:11.079035,IF-002,SAP_S4HANA,WMS_MANHATTAN,DESADV,SUCCESS,20.8,30.32,0
LOG-0000488,2026-09-02 18:41:02.079035,IF-005,SAP_S4HANA,BTP_APP,OData,SUCCESS,62.0,17.5,0
LOG-0000769,2026-09-02 18:46:36.079035,IF-005,SAP_S4HANA,BTP_APP,OData,SUCCESS,41.8,7.12,0
LOG-0003565,2026-09-02 19:03:04.079035,IF-006,LEGACY_MAINFRAME,SAP_ECC,MATMAS,SUCCESS,157.1,4.58,0
LOG-0001426,2026-09-02 19:07:00.079035,IF-004,SAP_ECC,B2B_VAN_SPS,INVOIC,SUCCESS,53.7,8.49,0
LOG-0004986,2026-09-02 19:07:27.079035,IF-005,SAP_S4HANA,BTP_APP,OData,SUCCESS,131.3,6.27,0
LOG-0000882,2026-09-02 19:10:05.079035,IF-003,SAP_S4HANA,ARIBA_NETWORK,ORDRSP,SUCCESS,43.2,45.54,0
LOG-0003883,2026-09-02 19:18:08.079035,IF-007,SAP_S4HANA,DATA_LAKE,CDC,SUCCESS,67.0,17.53,0
LOG-0004422,2026-09-02 19:44:57.079035,IF-004,SAP_ECC,B2B_VAN_SPS,INVOIC,SUCCESS,137.8,15.81,0
LOG-0000688,2026-09-02 19:45:54.079035,IF-008,SAP_CPI,3PL_PROVIDER,DESADV,SUCCESS,33.3,12.93,0
LOG-0002449,2026-09-02 20:15:45.079035,IF-006,LEGACY_MAINFRAME,SAP_ECC,MATMAS,SUCCESS,247.3,11.05,0
LOG-0003416,2026-09-02 20:17:27.079035,IF-004,SAP_ECC,B2B_VAN_SPS,INVOIC,SUCCESS,137.7,8.79,0
LOG-0002924,2026-09-02 20:33:25.079035,IF-002,SAP_S4HANA,WMS_MANHATTAN,DESADV,SUCCESS,49.9,8.97,0
LOG-0002061,2026-09-02 20:43:07.079035,IF-001,SAP_ECC,SFDC_CRM,ORDERS,SUCCESS,222.9,6.25,0
LOG-0001659,2026-09-02 20:43:24.079035,IF-002,SAP_S4HANA,WMS_MANHATTAN,DESADV,RETRY,64.2,14.93,0
LOG-0004465,2026-09-02 20:56:44.079035,IF-007,SAP_S4HANA,DATA_LAKE,CDC,SUCCESS,90.6,4.26,0
LOG-0000652,2026-09-02 21:15:21.079035,IF-006,LEGACY_MAINFRAME,SAP_ECC,MATMAS,SUCCESS,143.2,9.26,0
LOG-0004143,2026-09-02 21:17:18.079035,IF-001,SAP_ECC,SFDC_CRM,ORDERS,SUCCESS,90.8,3.09,0
LOG-0002452,2026-09-02 21:35:40.079035,IF-001,SAP_ECC,SFDC_CRM,ORDERS,SUCCESS,117.3,6.53,0
LOG-0001838,2026-09-02 21:36:20.079035,IF-006,LEGACY_MAINFRAME,SAP_ECC,MATMAS,SUCCESS,56.5,24.94,0
LOG-0004651,2026-09-02 21:37:02.079035,IF-005,SAP_S4HANA,BTP_APP,OData,SUCCESS,26.4,34.83,0
LOG-0000521,2026-09-02 21:43:06.079035,IF-002,SAP_S4HANA,WMS_MANHATTAN,DESADV,SUCCESS,34.7,4.21,0
LOG-0000936,2026-09-02 21:44:52.079035,IF-006,LEGACY_MAINFRAME,SAP_ECC,MATMAS,SUCCESS,55.6,5.44,0
LOG-0002075,2026-09-02 21:49:58.079035,IF-005,SAP_S4HANA,BTP_APP,OData,SUCCESS,94.0,2.96,0
LOG-0002335,2026-09-02 21:56:02.079035,IF-002,SAP_S4HANA,WMS_MANHATTAN,DESADV,SUCCESS,72.5,16.11,0
LOG-0004904,2026-09-02 21:56:36.079035,IF-005,SAP_S4HANA,BTP_APP,OData,SUCCESS,94.2,10.16,0
LOG-0002095,2026-09-02 21:58:05.079035,IF-008,SAP_CPI,3PL_PROVIDER,DESADV,SUCCESS,96.2,5.88,0
LOG-0004197,2026-09-02 22:03:56.079035,IF-007,SAP_S4HANA,DATA_LAKE,CDC,SUCCESS,15.8,16.87,0
LOG-0002722,2026-09-02 22:26:36.079035,IF-003,SAP_S4HANA,ARIBA_NETWORK,ORDRSP,SUCCESS,65.1,44.25,0
LOG-0003981,2026-09-02 22:39:08.079035,IF-006,LEGACY_MAINFRAME,SAP_ECC,MATMAS,SUCCESS,59.3,66.99,0
LOG-0003390,2026-09-02 22:40:02.079035,IF-008,SAP_CPI,3PL_PROVIDER,DESADV,SUCCESS,86.1,13.36,0
LOG-0003459,2026-09-02 23:06:14.079035,IF-006,LEGACY_MAINFRAME,SAP_ECC,MATMAS,SUCCESS,109.9,97.18,0
LOG-0004342,2026-09-02 23:13:05.079035,IF-002,SAP_S4HANA,WMS_MANHATTAN,DESADV,SUCCESS,47.3,5.83,0
LOG-0002224,2026-09-02 23:33:32.079035,IF-001,SAP_ECC,SFDC_CRM,ORDERS,SUCCESS,94.4,22.71,0
LOG-0002764,2026-09-02 23:37:25.079035,IF-007,SAP_S4HANA,DATA_LAKE,CDC,SUCCESS,165.4,4.43,0
LOG-0004633,2026-09-02 23:37:28.079035,IF-002,SAP_S4HANA,WMS_MANHATTAN,DESADV,SUCCESS,86.1,1.47,0
LOG-0002989,2026-09-02 23:42:34.079035,IF-008,SAP_CPI,3PL_PROVIDER,DESADV,SUCCESS,107.3,23.03,0
LOG-0000279,2026-09-03 00:03:51.079035,IF-003,SAP_S4HANA,ARIBA_NETWORK,ORDRSP,SUCCESS,155.4,1.57,0
LOG-0001125,2026-09-03 00:08:28.079035,IF-004,SAP_ECC,B2B_VAN_SPS,INVOIC,SUCCESS,91.6,14.53,0
LOG-0003526,2026-09-03 00:11:56.079035,IF-006,LEGACY_MAINFRAME,SAP_ECC,MATMAS,SUCCESS,215.3,3.58,0
LOG-0000243,2026-09-03 00:13:45.079035,IF-005,SAP_S4HANA,BTP_APP,OData,SUCCESS,154.6,1.9,0
LOG-0001199,2026-09-03 00:20:41.079035,IF-007,SAP_S4HANA,DATA_LAKE,CDC,SUCCESS,54.1,4.88,0
LOG-0004658,2026-09-03 00:27:04.079035,IF-008,SAP_CPI,3PL_PROVIDER,DESADV,SUCCESS,31.6,6.5,0
LOG-0002158,2026-09-03 00:27:39.079035,IF-001,SAP_ECC,SFDC_CRM,ORDERS,SUCCESS,26.1,2.76,0
LOG-0004253,2026-09-03 00:33:58.079035,IF-004,SAP_ECC,B2B_VAN_SPS,INVOIC,SUCCESS,61.4,10.04,0
LOG-0000025,2026-09-03 01:01:58.079035,IF-008,SAP_CPI,3PL_PROVIDER,DESADV,SUCCESS,11.6,5.76,0
LOG-0002444,2026-09-03 01:14:51.079035,IF-003,SAP_S4HANA,ARIBA_NETWORK,ORDRSP,SUCCESS,130.5,10.51,0
LOG-0003240,2026-09-03 01:28:56.079035,IF-008,SAP_CPI,3PL_PROVIDER,DESADV,SUCCESS,30.8,3.01,0
LOG-0000305,2026-09-03 02:17:54.079035,IF-008,SAP_CPI,3PL_PROVIDER,DESADV,RETRY,126.6,2.43,1
LOG-0000109,2026-09-03 02:19:14.079035,IF-001,SAP_ECC,SFDC_CRM,ORDERS,SUCCESS,154.7,28.32,0
LOG-0004445,2026-09-03 02:34:53.079035,IF-006,LEGACY_MAINFRAME,SAP_ECC,MATMAS,SUCCESS,59.8,16.7,0
LOG-0003012,2026-09-03 02:47:12.079035,IF-008,SAP_CPI,3PL_PROVIDER,DESADV,SUCCESS,41.5,9.46,0
LOG-0000372,2026-09-03 02:47:33.079035,IF-005,SAP_S4HANA,BTP_APP,OData,SUCCESS,37.8,26.56,0
LOG-0004013,2026-09-03 02:47:59.079035,IF-006,LEGACY_MAINFRAME,SAP_ECC,MATMAS,SUCCESS,89.5,1.85,0
LOG-0000468,2026-09-03 02:50:15.079035,IF-007,SAP_S4HANA,DATA_LAKE,CDC,FAILED,95.3,3.01,3
LOG-0000536,2026-09-03 02:52:05.079035,IF-005,SAP_S4HANA,BTP_APP,OData,SUCCESS,77.7,3.34,0
LOG-0002210,2026-09-03 02:56:23.079035,IF-005,SAP_S4HANA,BTP_APP,OData,SUCCESS,68.0,11.75,0
LOG-0001742,2026-09-03 02:57:21.079035,IF-001,SAP_ECC,SFDC_CRM,ORDERS,SUCCESS,19.9,3.31,0
LOG-0004372,2026-09-03 03:02:50.079035,IF-001,SAP_ECC,SFDC_CRM,ORDERS,SUCCESS,23.3,7.61,0
LOG-0003695,2026-09-03 03:18:35.079035,IF-001,SAP_ECC,SFDC_CRM,ORDERS,SUCCESS,13.3,12.5,0
LOG-0002274,2026-09-03 03:20:07.079035,IF-007,SAP_S4HANA,DATA_LAKE,CDC,SUCCESS,48.8,45.52,0
LOG-0001183,2026-09-03 03:25:04.079035,IF-001,SAP_ECC,SFDC_CRM,ORDERS,SUCCESS,41.4,65.41,0
LOG-0001986,2026-09-03 03:31:24.079035,IF-005,SAP_S4HANA,BTP_APP,OData,SUCCESS,86.6,6.79,0
LOG-0002119,2026-09-03 03:35:29.079035,IF-008,SAP_CPI,3PL_PROVIDER,DESADV,SUCCESS,348.5,1.5,0
LOG-0002286,2026-09-03 03:43:20.079035,IF-007,SAP_S4HANA,DATA_LAKE,CDC,SUCCESS,37.6,19.33,0
LOG-0002254,2026-09-03 03:45:19.079035,IF-002,SAP_S4HANA,WMS_MANHATTAN,DESADV,SUCCESS,98.2,20.51,0
LOG-0003881,2026-09-03 03:50:55.079035,IF-008,SAP_CPI,3PL_PROVIDER,DESADV,SUCCESS,78.7,2.55,0
LOG-0001105,2026-09-03 04:29:02.079035,IF-004,SAP_ECC,B2B_VAN_SPS,INVOIC,SUCCESS,63.0,8.78,0
LOG-0002127,2026-09-03 04:33:16.079035,IF-006,LEGACY_MAINFRAME,SAP_ECC,MATMAS,RETRY,28.5,1.59,1
LOG-0000074,2026-09-03 04:38:18.079035,IF-008,SAP_CPI,3PL_PROVIDER,DESADV,SUCCESS,120.7,13.61,0
LOG-0002243,2026-09-03 05:04:57.079035,IF-001,SAP_ECC,SFDC_CRM,ORDERS,SUCCESS,127.4,6.48,0
LOG-0004144,2026-09-03 05:07:16.079035,IF-006,LEGACY_MAINFRAME,SAP_ECC,MATMAS,SUCCESS,66.8,27.15,0
LOG-0004729,2026-09-03 05:10:10.079035,IF-004,SAP_ECC,B2B_VAN_SPS,INVOIC,SUCCESS,85.9,12.65,0
LOG-0003680,2026-09-03 05:28:57.079035,IF-002,SAP_S4HANA,WMS_MANHATTAN,DESADV,SUCCESS,17.6,8.52,0
LOG-0004468,2026-09-03 05:34:48.079035,IF-001,SAP_ECC,SFDC_CRM,ORDERS,SUCCESS,108.1,10.21,0
LOG-0004860,2026-09-03 05:37:22.079035,IF-001,SAP_ECC,SFDC_CRM,ORDERS,SUCCESS,81.7,11.49,0
LOG-0002627,2026-09-03 05:37:26.079035,IF-001,SAP_ECC,SFDC_CRM,ORDERS,SUCCESS,54.5,4.27,0
LOG-0004548,2026-09-03 05:48:54.079035,IF-005,SAP_S4HANA,BTP_APP,OData,SUCCESS,55.5,7.1,0
LOG-0002672,2026-09-03 05:49:11.079035,IF-006,LEGACY_MAINFRAME,SAP_ECC,MATMAS,SUCCESS,70.9,4.88,0
LOG-0000016,2026-09-03 05:58:50.079035,IF-003,SAP_S4HANA,ARIBA_NETWORK,ORDRSP,RETRY,80.9,0.55,0
LOG-0000330,2026-09-03 06:00:18.079035,IF-005,SAP_S4HANA,BTP_APP,OData,RETRY,60.2,10.02,2
LOG-0001362,2026-09-03 06:03:37.079035,IF-008,SAP_CPI,3PL_PROVIDER,DESADV,SUCCESS,55.5,20.56,0
LOG-0002053,2026-09-03 06:26:30.079035,IF-008,SAP_CPI,3PL_PROVIDER,DESADV,SUCCESS,178.6,10.46,0
LOG-0000575,2026-09-03 06:47:05.079035,IF-002,SAP_S4HANA,WMS_MANHATTAN,DESADV,FAILED,122.4,4.73,1
LOG-0001248,2026-09-03 07:13:49.079035,IF-002,SAP_S4HANA,WMS_MANHATTAN,DESADV,SUCCESS,78.4,9.12,0
LOG-0002980,2026-09-03 07:19:40.079035,IF-006,LEGACY_MAINFRAME,SAP_ECC,MATMAS,SUCCESS,96.9,2.52,0
LOG-0003053,2026-09-03 07:30:47.079035,IF-006,LEGACY_MAINFRAME,SAP_ECC,MATMAS,SUCCESS,33.2,12.81,0
LOG-0000923,2026-09-03 07:33:48.079035,IF-003,SAP_S4HANA,ARIBA_NETWORK,ORDRSP,SUCCESS,69.0,23.26,0
LOG-0003778,2026-09-03 08:08:15.079035,IF-007,SAP_S4HANA,DATA_LAKE,CDC,SUCCESS,28.7,10.89,0
LOG-0002499,2026-09-03 08:29:39.079035,IF-006,LEGACY_MAINFRAME,SAP_ECC,MATMAS,SUCCESS,41.6,5.28,0
LOG-0004321,2026-09-03 08:32:44.079035,IF-007,SAP_S4HANA,DATA_LAKE,CDC,SUCCESS,55.2,2.16,0
LOG-0001836,2026-09-03 08:42:16.079035,IF-001,SAP_ECC,SFDC_CRM,ORDERS,SUCCESS,42.6,6.95,0
LOG-0002593,2026-09-03 08:48:36.079035,IF-005,SAP_S4HANA,BTP_APP,OData,SUCCESS,133.6,3.66,0
LOG-0001615,2026-09-03 08:48:57.079035,IF-006,LEGACY_MAINFRAME,SAP_ECC,MATMAS,SUCCESS,64.5,8.02,0
LOG-0000961,2026-09-03 08:49:04.079035,IF-003,SAP_S4HANA,ARIBA_NETWORK,ORDRSP,SUCCESS,39.8,10.54,0
LOG-0004009,2026-09-03 09:12:19.079035,IF-003,SAP_S4HANA,ARIBA_NETWORK,ORDRSP,SUCCESS,31.4,54.76,0
LOG-0001892,2026-09-03 09:13:10.079035,IF-007,SAP_S4HANA,DATA_LAKE,CDC,TIMEOUT,857.9,15.11,1
LOG-0002755,2026-09-03 09:13:23.079035,IF-006,LEGACY_MAINFRAME,SAP_ECC,MATMAS,SUCCESS,35.6,23.66,0
LOG-0003392,2026-09-03 09:17:47.079035,IF-007,SAP_S4HANA,DATA_LAKE,CDC,SUCCESS,100.5,6.6,0
LOG-0003906,2026-09-03 09:39:14.079035,IF-004,SAP_ECC,B2B_VAN_SPS,INVOIC,SUCCESS,78.9,3.13,0
LOG-0002294,2026-09-03 09:51:54.079035,IF-001,SAP_ECC,SFDC_CRM,ORDERS,SUCCESS,88.2,7.63,0
LOG-0003531,2026-09-03 10:05:50.079035,IF-001,SAP_ECC,SFDC_CRM,ORDERS,SUCCESS,22.0,8.41,0
LOG-0002069,2026-09-03 10:15:55.079035,IF-006,LEGACY_MAINFRAME,SAP_ECC,MATMAS,SUCCESS,161.3,2.43,0
LOG-0003517,2026-09-03 10:22:08.079035,IF-003,SAP_S4HANA,ARIBA_NETWORK,ORDRSP,RETRY,74.3,5.18,1
LOG-0000045,2026-09-03 10:25:16.079035,IF-005,SAP_S4HANA,BTP_APP,OData,SUCCESS,37.1,8.59,0
LOG-0001454,2026-09-03 10:57:17.079035,IF-006,LEGACY_MAINFRAME,SAP_ECC,MATMAS,SUCCESS,18.4,5.53,0
LOG-0003166,2026-09-03 11:36:47.079035,IF-004,SAP_ECC,B2B_VAN_SPS,INVOIC,SUCCESS,66.1,4.19,0
LOG-0001520,2026-09-03 11:41:48.079035,IF-003,SAP_S4HANA,ARIBA_NETWORK,ORDRSP,SUCCESS,77.5,1.67,0
LOG-0001839,2026-09-03 12:01:07.079035,IF-004,SAP_ECC,B2B_VAN_SPS,INVOIC,SUCCESS,65.7,14.15,0
LOG-0001738,2026-09-03 12:01:32.079035,IF-002,SAP_S4HANA,WMS_MANHATTAN,DESADV,SUCCESS,29.5,2.82,0
LOG-0002038,2026-09-03 12:02:37.079035,IF-007,SAP_S4HANA,DATA_LAKE,CDC,SUCCESS,100.6,3.12,0
LOG-0003230,2026-09-03 12:07:44.079035,IF-002,SAP_S4HANA,WMS_MANHATTAN,DESADV,SUCCESS,102.1,5.57,0
LOG-0001965,2026-09-03 12:14:38.079035,IF-003,SAP_S4HANA,ARIBA_NETWORK,ORDRSP,SUCCESS,95.4,14.49,0
LOG-0002581,2026-09-03 12:17:40.079035,IF-001,SAP_ECC,SFDC_CRM,ORDERS,SUCCESS,56.6,6.59,0
LOG-0000742,2026-09-03 12:40:53.079035,IF-007,SAP_S4HANA,DATA_LAKE,CDC,SUCCESS,92.4,23.97,0
LOG-0003769,2026-09-03 13:22:38.079035,IF-004,SAP_ECC,B2B_VAN_SPS,INVOIC,SUCCESS,46.6,25.12,0
LOG-0002606,2026-09-03 13:33:56.079035,IF-008,SAP_CPI,3PL_PROVIDER,DESADV,SUCCESS,30.4,2.97,0
LOG-0004340,2026-09-03 13:34:21.079035,IF-008,SAP_CPI,3PL_PROVIDER,DESADV,SUCCESS,88.7,7.49,0
LOG-0001341,2026-09-03 13:37:57.079035,IF-007,SAP_S4HANA,DATA_LAKE,CDC,SUCCESS,71.6,18.92,0
LOG-0001691,2026-09-03 13:43:54.079035,IF-008,SAP_CPI,3PL_PROVIDER,DESADV,SUCCESS,58.2,2.09,0
LOG-0003911,2026-09-03 13:55:56.079035,IF-001,SAP_ECC,SFDC_CRM,ORDERS,SUCCESS,42.4,4.52,0
LOG-0003037,2026-09-03 14:01:22.079035,IF-007,SAP_S4HANA,DATA_LAKE,CDC,SUCCESS,38.8,9.39,0
LOG-0001681,2026-09-03 14:30:36.079035,IF-002,SAP_S4HANA,WMS_MANHATTAN,DESADV,SUCCESS,31.3,1.87,0
LOG-0000397,2026-09-03 14:33:44.079035,IF-008,SAP_CPI,3PL_PROVIDER,DESADV,SUCCESS,50.6,12.01,0
LOG-0001085,2026-09-03 14:39:42.079035,IF-006,LEGACY_MAINFRAME,SAP_ECC,MATMAS,TIMEOUT,1031.5,6.97,3
LOG-0004898,2026-09-03 14:46:48.079035,IF-007,SAP_S4HANA,DATA_LAKE,CDC,FAILED,46.6,9.34,3
LOG-0002086,2026-09-03 14:49:57.079035,IF-001,SAP_ECC,SFDC_CRM,ORDERS,SUCCESS,524.5,4.32,0
LOG-0003323,2026-09-03 15:08:54.079035,IF-004,SAP_ECC,B2B_VAN_SPS,INVOIC,SUCCESS,80.1,8.67,0
LOG-0001500,2026-09-03 15:18:28.079035,IF-005,SAP_S4HANA,BTP_APP,OData,SUCCESS,45.6,2.72,0
LOG-0003585,2026-09-03 15:18:51.079035,IF-001,SAP_ECC,SFDC_CRM,ORDERS,SUCCESS,58.2,14.05,0
LOG-0004539,2026-09-03 15:23:24.079035,IF-003,SAP_S4HANA,ARIBA_NETWORK,ORDRSP,SUCCESS,68.2,6.34,0
LOG-0001354,2026-09-03 15:31:59.079035,IF-006,LEGACY_MAINFRAME,SAP_ECC,MATMAS,SUCCESS,49.3,2.61,0
LOG-0004249,2026-09-03 15:39:32.079035,IF-003,SAP_S4HANA,ARIBA_NETWORK,ORDRSP,SUCCESS,99.6,8.59,0
LOG-0004923,2026-09-03 15:53:18.079035,IF-007,SAP_S4HANA,DATA_LAKE,CDC,SUCCESS,50.0,3.31,0
LOG-0001373,2026-09-03 16:02:43.079035,IF-005,SAP_S4HANA,BTP_APP,OData,SUCCESS,50.2,17.68,0
LOG-0000870,2026-09-03 16:10:56.079035,IF-007,SAP_S4HANA,DATA_LAKE,CDC,SUCCESS,46.3,16.13,0
LOG-0003686,2026-09-03 16:22:41.079035,IF-005,SAP_S4HANA,BTP_APP,OData,SUCCESS,67.0,12.05,0
LOG-0001464,2026-09-03 16:46:52.079035,IF-006,LEGACY_MAINFRAME,SAP_ECC,MATMAS,SUCCESS,115.6,4.71,0
LOG-0003137,2026-09-03 17:02:55.079035,IF-003,SAP_S4HANA,ARIBA_NETWORK,ORDRSP,FAILED,33.0,67.48,3
LOG-0002981,2026-09-03 17:06:51.079035,IF-007,SAP_S4HANA,DATA_LAKE,CDC,TIMEOUT,1058.9,17.57,1
LOG-0003549,2026-09-03 17:09:03.079035,IF-005,SAP_S4HANA,BTP_APP,OData,FAILED,619.8,2.09,1
LOG-0002100,2026-09-03 17:23:23.079035,IF-006,LEGACY_MAINFRAME,SAP_ECC,MATMAS,SUCCESS,45.6,44.64,0
LOG-0002696,2026-09-03 17:50:36.079035,IF-002,SAP_S4HANA,WMS_MANHATTAN,DESADV,SUCCESS,47.5,3.08,0
LOG-0001688,2026-09-03 18:07:59.079035,IF-002,SAP_S4HANA,WMS_MANHATTAN,DESADV,FAILED,196.7,7.56,3
LOG-0004663,2026-09-03 18:09:56.079035,IF-003,SAP_S4HANA,ARIBA_NETWORK,ORDRSP,SUCCESS,111.8,7.1,0
LOG-0001713,2026-09-03 18:12:05.079035,IF-001,SAP_ECC,SFDC_CRM,ORDERS,SUCCESS,49.6,8.28,0
LOG-0003438,2026-09-03 18:13:13.079035,IF-003,SAP_S4HANA,ARIBA_NETWORK,ORDRSP,TIMEOUT,111.2,37.33,1
LOG-0004671,2026-09-03 18:30:41.079035,IF-004,SAP_ECC,B2B_VAN_SPS,INVOIC,SUCCESS,105.2,5.19,0
LOG-0001513,2026-09-03 18:36:56.079035,IF-007,SAP_S4HANA,DATA_LAKE,CDC,SUCCESS,64.1,3.17,0
LOG-0002046,2026-09-03 18:39:18.079035,IF-005,SAP_S4HANA,BTP_APP,OData,SUCCESS,182.6,2.09,0
LOG-0002654,2026-09-03 18:41:08.079035,IF-002,SAP_S4HANA,WMS_MANHATTAN,DESADV,SUCCESS,52.9,10.41,0
LOG-0001769,2026-09-03 18:51:41.079035,IF-006,LEGACY_MAINFRAME,SAP_ECC,MATMAS,TIMEOUT,299.3,3.63,0
LOG-0001244,2026-09-03 19:06:14.079035,IF-003,SAP_S4HANA,ARIBA_NETWORK,ORDRSP,SUCCESS,61.2,2.49,0
LOG-0000955,2026-09-03 19:10:18.079035,IF-001,SAP_ECC,SFDC_CRM,ORDERS,FAILED,293.5,4.31,3
LOG-0002447,2026-09-03 19:16:58.079035,IF-004,SAP_ECC,B2B_VAN_SPS,INVOIC,SUCCESS,75.9,15.99,0
LOG-0001019,2026-09-03 19:22:24.079035,IF-003,SAP_S4HANA,ARIBA_NETWORK,ORDRSP,SUCCESS,80.4,3.44,0
LOG-0004323,2026-09-03 19:30:39.079035,IF-005,SAP_S4HANA,BTP_APP,OData,SUCCESS,39.8,5.18,0
LOG-0001431,2026-09-03 19:31:20.079035,IF-006,LEGACY_MAINFRAME,SAP_ECC,MATMAS,SUCCESS,64.6,6.41,0
LOG-0001929,2026-09-03 19:33:18.079035,IF-008,SAP_CPI,3PL_PROVIDER,DESADV,SUCCESS,40.6,18.24,0
LOG-0004492,2026-09-03 19:36:49.079035,IF-007,SAP_S4HANA,DATA_LAKE,CDC,SUCCESS,87.3,1.79,0
LOG-0004265,2026-09-03 19:38:04.079035,IF-006,LEGACY_MAINFRAME,SAP_ECC,MATMAS,SUCCESS,139.1,8.29,0
LOG-0000248,2026-09-03 19:39:38.079035,IF-006,LEGACY_MAINFRAME,SAP_ECC,MATMAS,SUCCESS,50.2,7.86,0
LOG-0003951,2026-09-03 19:50:19.079035,IF-004,SAP_ECC,B2B_VAN_SPS,INVOIC,SUCCESS,53.8,1.02,0
LOG-0000096,2026-09-03 19:51:29.079035,IF-001,SAP_ECC,SFDC_CRM,ORDERS,FAILED,46.9,2.96,0
LOG-0002761,2026-09-03 19:57:09.079035,IF-001,SAP_ECC,SFDC_CRM,ORDERS,SUCCESS,27.3,40.49,0
LOG-0001122,2026-09-03 20:00:20.079035,IF-002,SAP_S4HANA,WMS_MANHATTAN,DESADV,SUCCESS,79.3,5.82,0
LOG-0001310,2026-09-03 20:03:41.079035,IF-002,SAP_S4HANA,WMS_MANHATTAN,DESADV,SUCCESS,68.8,4.45,0
LOG-0002126,2026-09-03 20:06:01.079035,IF-008,SAP_CPI,3PL_PROVIDER,DESADV,SUCCESS,43.4,1.3,0
LOG-0001077,2026-09-03 20:07:43.079035,IF-006,LEGACY_MAINFRAME,SAP_ECC,MATMAS,SUCCESS,71.9,13.5,0
LOG-0000385,2026-09-03 20:24:43.079035,IF-001,SAP_ECC,SFDC_CRM,ORDERS,SUCCESS,200.4,4.14,0
LOG-0001555,2026-09-03 20:24:53.079035,IF-006,LEGACY_MAINFRAME,SAP_ECC,MATMAS,SUCCESS,67.5,31.68,0
LOG-0000018,2026-09-03 20:34:09.079035,IF-005,SAP_S4HANA,BTP_APP,OData,SUCCESS,37.6,7.16,0
LOG-0001305,2026-09-03 20:39:26.079035,IF-001,SAP_ECC,SFDC_CRM,ORDERS,SUCCESS,51.1,4.21,0
LOG-0000122,2026-09-03 20:51:14.079035,IF-004,SAP_ECC,B2B_VAN_SPS,INVOIC,RETRY,98.5,2.5,1
LOG-0004336,2026-09-03 20:51:24.079035,IF-006,LEGACY_MAINFRAME,SAP_ECC,MATMAS,SUCCESS,51.6,1.71,0
LOG-0001490,2026-09-03 20:54:03.079035,IF-002,SAP_S4HANA,WMS_MANHATTAN,DESADV,SUCCESS,72.2,11.28,0
LOG-0004188,2026-09-03 21:17:08.079035,IF-007,SAP_S4HANA,DATA_LAKE,CDC,SUCCESS,35.0,87.4,0
LOG-0002708,2026-09-03 21:25:36.079035,IF-003,SAP_S4HANA,ARIBA_NETWORK,ORDRSP,SUCCESS,94.3,21.74,0
LOG-0000492,2026-09-03 21:35:43.079035,IF-006,LEGACY_MAINFRAME,SAP_ECC,MATMAS,SUCCESS,92.6,2.84,0
LOG-0003612,2026-09-03 21:55:31.079035,IF-004,SAP_ECC,B2B_VAN_SPS,INVOIC,SUCCESS,73.0,17.79,0
LOG-0002437,2026-09-03 22:03:04.079035,IF-001,SAP_ECC,SFDC_CRM,ORDERS,SUCCESS,35.8,9.26,0
LOG-0003244,2026-09-03 22:22:10.079035,IF-001,SAP_ECC,SFDC_CRM,ORDERS,SUCCESS,54.6,29.49,0
LOG-0000487,2026-09-03 22:23:13.079035,IF-004,SAP_ECC,B2B_VAN_SPS,INVOIC,FAILED,64.6,39.7,3
LOG-0002173,2026-09-03 22:25:49.079035,IF-008,SAP_CPI,3PL_PROVIDER,DESADV,SUCCESS,34.6,15.99,0
LOG-0003105,2026-09-03 22:26:44.079035,IF-008,SAP_CPI,3PL_PROVIDER,DESADV,SUCCESS,36.8,10.95,0
LOG-0004815,2026-09-03 22:28:19.079035,IF-003,SAP_S4HANA,ARIBA_NETWORK,ORDRSP,FAILED,1401.6,4.79,1
LOG-0001895,2026-09-03 22:28:50.079035,IF-001,SAP_ECC,SFDC_CRM,ORDERS,SUCCESS,120.8,32.82,0
LOG-0000170,2026-09-03 22:32:55.079035,IF-008,SAP_CPI,3PL_PROVIDER,DESADV,SUCCESS,48.1,51.86,0
LOG-0002743,2026-09-03 22:40:29.079035,IF-004,SAP_ECC,B2B_VAN_SPS,INVOIC,SUCCESS,201.9,7.65,0
LOG-0000312,2026-09-03 22:51:45.079035,IF-003,SAP_S4HANA,ARIBA_NETWORK,ORDRSP,SUCCESS,137.7,8.42,0
LOG-0004053,2026-09-03 23:02:33.079035,IF-001,SAP_ECC,SFDC_CRM,ORDERS,SUCCESS,45.0,2.78,0
LOG-0003174,2026-09-03 23:03:32.079035,IF-002,SAP_S4HANA,WMS_MANHATTAN,DESADV,SUCCESS,81.9,11.49,0
LOG-0003388,2026-09-03 23:06:15.079035,IF-005,SAP_S4HANA,BTP_APP,OData,SUCCESS,50.0,2.75,0
LOG-0002108,2026-09-03 23:06:49.079035,IF-006,LEGACY_MAINFRAME,SAP_ECC,MATMAS,SUCCESS,40.3,1.12,0
LOG-0001734,2026-09-03 23:24:52.079035,IF-003,SAP_S4HANA,ARIBA_NETWORK,ORDRSP,SUCCESS,104.7,3.35,0
LOG-0001834,2026-09-03 23:40:56.079035,IF-001,SAP_ECC,SFDC_CRM,ORDERS,SUCCESS,106.5,6.44,0
LOG-0002615,2026-09-03 23:42:58.079035,IF-003,SAP_S4HANA,ARIBA_NETWORK,ORDRSP,SUCCESS,23.6,4.29,0
LOG-0002376,2026-09-03 23:58:51.079035,IF-004,SAP_ECC,B2B_VAN_SPS,INVOIC,SUCCESS,82.1,7.3,0
LOG-0002869,2026-09-04 00:21:05.079035,IF-003,SAP_S4HANA,ARIBA_NETWORK,ORDRSP,SUCCESS,63.2,4.53,0
LOG-0004007,2026-09-04 00:38:16.079035,IF-008,SAP_CPI,3PL_PROVIDER,DESADV,SUCCESS,218.1,0.92,0
LOG-0003508,2026-09-04 00:41:14.079035,IF-007,SAP_S4HANA,DATA_LAKE,CDC,FAILED,218.8,8.53,2
LOG-0003821,2026-09-04 00:42:40.079035,IF-002,SAP_S4HANA,WMS_MANHATTAN,DESADV,FAILED,62.8,5.25,2
LOG-0002060,2026-09-04 00:57:52.079035,IF-003,SAP_S4HANA,ARIBA_NETWORK,ORDRSP,SUCCESS,60.3,8.04,0
LOG-0004660,2026-09-04 01:06:14.079035,IF-006,LEGACY_MAINFRAME,SAP_ECC,MATMAS,FAILED,55.9,9.93,1
LOG-0000714,2026-09-04 01:10:40.079035,IF-007,SAP_S4HANA,DATA_LAKE,CDC,SUCCESS,42.2,2.92,0
LOG-0002964,2026-09-04 01:11:38.079035,IF-004,SAP_ECC,B2B_VAN_SPS,INVOIC,SUCCESS,89.6,6.12,0
LOG-0001304,2026-09-04 01:14:13.079035,IF-008,SAP_CPI,3PL_PROVIDER,DESADV,SUCCESS,33.6,10.69,0
LOG-0002227,2026-09-04 01:14:25.079035,IF-002,SAP_S4HANA,WMS_MANHATTAN,DESADV,SUCCESS,64.0,7.9,0
LOG-0000966,2026-09-04 01:21:11.079035,IF-004,SAP_ECC,B2B_VAN_SPS,INVOIC,SUCCESS,99.3,137.37,0
LOG-0003131,2026-09-04 01:30:33.079035,IF-008,SAP_CPI,3PL_PROVIDER,DESADV,SUCCESS,51.1,13.79,0
LOG-0001010,2026-09-04 01:44:18.079035,IF-003,SAP_S4HANA,ARIBA_NETWORK,ORDRSP,SUCCESS,53.6,2.33,0
LOG-0001926,2026-09-04 01:45:08.079035,IF-003,SAP_S4HANA,ARIBA_NETWORK,ORDRSP,SUCCESS,81.0,16.92,0
LOG-0001876,2026-09-04 01:49:29.079035,IF-005,SAP_S4HANA,BTP_APP,OData,FAILED,44.4,26.15,1
LOG-0003840,2026-09-04 01:57:06.079035,IF-007,SAP_S4HANA,DATA_LAKE,CDC,SUCCESS,27.2,25.94,0
LOG-0002818,2026-09-04 01:57:19.079035,IF-008,SAP_CPI,3PL_PROVIDER,DESADV,SUCCESS,135.9,17.07,0
LOG-0003520,2026-09-04 02:05:19.079035,IF-004,SAP_ECC,B2B_VAN_SPS,INVOIC,SUCCESS,170.9,2.48,0
LOG-0004291,2026-09-04 02:11:35.079035,IF-002,SAP_S4HANA,WMS_MANHATTAN,DESADV,SUCCESS,68.4,6.32,0
LOG-0003001,2026-09-04 02:12:00.079035,IF-007,SAP_S4HANA,DATA_LAKE,CDC,SUCCESS,53.0,4.2,0
LOG-0000765,2026-09-04 02:22:17.079035,IF-003,SAP_S4HANA,ARIBA_NETWORK,ORDRSP,SUCCESS,105.9,30.58,0
LOG-0002411,2026-09-04 02:29:31.079035,IF-007,SAP_S4HANA,DATA_LAKE,CDC,SUCCESS,42.6,11.7,0
LOG-0003628,2026-09-04 03:03:16.079035,IF-005,SAP_S4HANA,BTP_APP,OData,SUCCESS,180.2,0.91,0
LOG-0003639,2026-09-04 03:10:28.079035,IF-007,SAP_S4HANA,DATA_LAKE,CDC,SUCCESS,65.2,15.63,0
LOG-0000454,2026-09-04 03:14:16.079035,IF-005,SAP_S4HANA,BTP_APP,OData,SUCCESS,93.4,13.79,0
LOG-0000665,2026-09-04 03:15:04.079035,IF-003,SAP_S4HANA,ARIBA_NETWORK,ORDRSP,SUCCESS,137.0,24.59,0
LOG-0000180,2026-09-04 03:16:58.079035,IF-008,SAP_CPI,3PL_PROVIDER,DESADV,SUCCESS,91.9,1.82,0
LOG-0003990,2026-09-04 03:22:10.079035,IF-003,SAP_S4HANA,ARIBA_NETWORK,ORDRSP,SUCCESS,95.7,18.55,0
LOG-0003717,2026-09-04 03:23:33.079035,IF-001,SAP_ECC,SFDC_CRM,ORDERS,SUCCESS,92.1,21.87,0
LOG-0002993,2026-09-04 03:24:05.079035,IF-002,SAP_S4HANA,WMS_MANHATTAN,DESADV,SUCCESS,105.1,14.81,0
LOG-0004865,2026-09-04 03:24:45.079035,IF-007,SAP_S4HANA,DATA_LAKE,CDC,SUCCESS,120.9,11.49,0
LOG-0002965,2026-09-04 03:26:57.079035,IF-006,LEGACY_MAINFRAME,SAP_ECC,MATMAS,SUCCESS,73.3,1.5,0
LOG-0003130,2026-09-04 03:44:52.079035,IF-008,SAP_CPI,3PL_PROVIDER,DESADV,SUCCESS,321.0,37.31,0
LOG-0003772,2026-09-04 03:45:35.079035,IF-006,LEGACY_MAINFRAME,SAP_ECC,MATMAS,SUCCESS,24.7,6.75,0
LOG-0000108,2026-09-04 03:53:11.079035,IF-006,LEGACY_MAINFRAME,SAP_ECC,MATMAS,SUCCESS,98.0,4.02,0
LOG-0003757,2026-09-04 03:53:41.079035,IF-007,SAP_S4HANA,DATA_LAKE,CDC,SUCCESS,50.0,6.65,0
LOG-0002270,2026-09-04 04:17:45.079035,IF-006,LEGACY_MAINFRAME,SAP_ECC,MATMAS,RETRY,84.1,2.35,1
LOG-0000033,2026-09-04 04:26:03.079035,IF-002,SAP_S4HANA,WMS_MANHATTAN,DESADV,SUCCESS,96.6,30.17,0
LOG-0003735,2026-09-04 04:27:21.079035,IF-002,SAP_S4HANA,WMS_MANHATTAN,DESADV,SUCCESS,41.9,1.7,0
LOG-0004250,2026-09-04 04:56:37.079035,IF-002,SAP_S4HANA,WMS_MANHATTAN,DESADV,SUCCESS,84.5,3.38,0
LOG-0001953,2026-09-04 05:05:27.079035,IF-008,SAP_CPI,3PL_PROVIDER,DESADV,SUCCESS,52.6,2.0,0
LOG-0000913,2026-09-04 05:06:59.079035,IF-004,SAP_ECC,B2B_VAN_SPS,INVOIC,SUCCESS,49.6,17.58,0
LOG-0003433,2026-09-04 05:42:57.079035,IF-002,SAP_S4HANA,WMS_MANHATTAN,DESADV,SUCCESS,32.8,6.25,0
LOG-0003254,2026-09-04 05:43:39.079035,IF-007,SAP_S4HANA,DATA_LAKE,CDC,SUCCESS,70.2,1.07,0
LOG-0000132,2026-09-04 06:16:23.079035,IF-005,SAP_S4HANA,BTP_APP,OData,SUCCESS,68.4,7.63,0
LOG-0002360,2026-09-04 06:29:00.079035,IF-003,SAP_S4HANA,ARIBA_NETWORK,ORDRSP,SUCCESS,38.6,4.25,0
LOG-0004123,2026-09-04 06:39:09.079035,IF-003,SAP_S4HANA,ARIBA_NETWORK,ORDRSP,SUCCESS,81.3,9.02,0
LOG-0003016,2026-09-04 06:42:35.079035,IF-004,SAP_ECC,B2B_VAN_SPS,INVOIC,TIMEOUT,28.5,4.05,1
LOG-0000822,2026-09-04 06:43:59.079035,IF-005,SAP_S4HANA,BTP_APP,OData,SUCCESS,70.7,2.66,0
LOG-0000060,2026-09-04 06:51:55.079035,IF-002,SAP_S4HANA,WMS_MANHATTAN,DESADV,SUCCESS,132.2,14.74,0
LOG-0002812,2026-09-04 07:05:48.079035,IF-003,SAP_S4HANA,ARIBA_NETWORK,ORDRSP,SUCCESS,50.4,10.76,0
LOG-0001608,2026-09-04 07:06:45.079035,IF-008,SAP_CPI,3PL_PROVIDER,DESADV,SUCCESS,33.6,17.51,0
LOG-0001054,2026-09-04 07:07:32.079035,IF-006,LEGACY_MAINFRAME,SAP_ECC,MATMAS,SUCCESS,80.5,10.48,0
LOG-0000862,2026-09-04 07:23:20.079035,IF-002,SAP_S4HANA,WMS_MANHATTAN,DESADV,SUCCESS,61.3,5.1,0
LOG-0000382,2026-09-04 07:35:02.079035,IF-003,SAP_S4HANA,ARIBA_NETWORK,ORDRSP,SUCCESS,44.5,7.55,0
LOG-0004475,2026-09-04 07:38:37.079035,IF-002,SAP_S4HANA,WMS_MANHATTAN,DESADV,SUCCESS,55.0,4.14,0
LOG-0004100,2026-09-04 07:54:30.079035,IF-007,SAP_S4HANA,DATA_LAKE,CDC,FAILED,103.3,10.59,1
LOG-0001256,2026-09-04 08:09:21.079035,IF-006,LEGACY_MAINFRAME,SAP_ECC,MATMAS,SUCCESS,70.8,24.21,0
LOG-0002463,2026-09-04 08:09:31.079035,IF-003,SAP_S4HANA,ARIBA_NETWORK,ORDRSP,SUCCESS,260.8,6.42,0
LOG-0001093,2026-09-04 08:22:30.079035,IF-001,SAP_ECC,SFDC_CRM,ORDERS,SUCCESS,76.9,12.42,0
LOG-0000009,2026-09-04 08:24:34.079035,IF-003,SAP_S4HANA,ARIBA_NETWORK,ORDRSP,SUCCESS,28.4,24.69,0
LOG-0000229,2026-09-04 08:58:11.079035,IF-003,SAP_S4HANA,ARIBA_NETWORK,ORDRSP,SUCCESS,115.0,4.08,0
LOG-0001571,2026-09-04 09:07:26.079035,IF-007,SAP_S4HANA,DATA_LAKE,CDC,SUCCESS,23.5,6.08,0
LOG-0003300,2026-09-04 09:09:39.079035,IF-007,SAP_S4HANA,DATA_LAKE,CDC,SUCCESS,117.5,6.53,0
LOG-0002164,2026-09-04 09:11:07.079035,IF-005,SAP_S4HANA,BTP_APP,OData,SUCCESS,74.4,15.03,0
LOG-0004218,2026-09-04 09:16:30.079035,IF-004,SAP_ECC,B2B_VAN_SPS,INVOIC,TIMEOUT,1505.8,1.4,1
LOG-0004032,2026-09-04 09:18:33.079035,IF-001,SAP_ECC,SFDC_CRM,ORDERS,SUCCESS,96.1,23.11,0
LOG-0000036,2026-09-04 09:21:32.079035,IF-004,SAP_ECC,B2B_VAN_SPS,INVOIC,SUCCESS,38.6,3.21,0
LOG-0001810,2026-09-04 09:38:44.079035,IF-001,SAP_ECC,SFDC_CRM,ORDERS,SUCCESS,29.4,2.67,0
LOG-0003734,2026-09-04 09:42:04.079035,IF-002,SAP_S4HANA,WMS_MANHATTAN,DESADV,SUCCESS,50.5,12.38,0
LOG-0004846,2026-09-04 09:43:11.079035,IF-006,LEGACY_MAINFRAME,SAP_ECC,MATMAS,SUCCESS,33.9,19.63,0
LOG-0000422,2026-09-04 09:50:07.079035,IF-001,SAP_ECC,SFDC_CRM,ORDERS,SUCCESS,51.8,3.48,0
LOG-0003950,2026-09-04 09:54:43.079035,IF-008,SAP_CPI,3PL_PROVIDER,DESADV,SUCCESS,22.9,12.94,0
LOG-0004788,2026-09-04 09:57:46.079035,IF-007,SAP_S4HANA,DATA_LAKE,CDC,SUCCESS,35.0,5.03,0
LOG-0004787,2026-09-04 10:02:20.079035,IF-002,SAP_S4HANA,WMS_MANHATTAN,DESADV,SUCCESS,228.5,10.18,0
LOG-0003238,2026-09-04 10:04:34.079035,IF-002,SAP_S4HANA,WMS_MANHATTAN,DESADV,SUCCESS,62.6,1.41,0
LOG-0003544,2026-09-04 10:07:47.079035,IF-004,SAP_ECC,B2B_VAN_SPS,INVOIC,SUCCESS,56.8,12.74,0
LOG-0001499,2026-09-04 10:19:18.079035,IF-002,SAP_S4HANA,WMS_MANHATTAN,DESADV,SUCCESS,72.2,20.07,0
LOG-0004098,2026-09-04 10:23:33.079035,IF-002,SAP_S4HANA,WMS_MANHATTAN,DESADV,SUCCESS,68.7,19.07,0
LOG-0001978,2026-09-04 10:25:51.079035,IF-007,SAP_S4HANA,DATA_LAKE,CDC,SUCCESS,101.3,5.84,0
LOG-0002485,2026-09-04 10:30:01.079035,IF-007,SAP_S4HANA,DATA_LAKE,CDC,SUCCESS,46.7,7.15,0
LOG-0001649,2026-09-04 10:31:21.079035,IF-005,SAP_S4HANA,BTP_APP,OData,SUCCESS,24.9,4.0,0
LOG-0000417,2026-09-04 10:38:53.079035,IF-003,SAP_S4HANA,ARIBA_NETWORK,ORDRSP,SUCCESS,58.3,1.33,0
LOG-0004678,2026-09-04 10:57:29.079035,IF-008,SAP_CPI,3PL_PROVIDER,DESADV,SUCCESS,48.8,4.2,0
LOG-0000078,2026-09-04 10:58:58.079035,IF-003,SAP_S4HANA,ARIBA_NETWORK,ORDRSP,TIMEOUT,50.0,1.51,1
LOG-0001582,2026-09-04 11:10:28.079035,IF-002,SAP_S4HANA,WMS_MANHATTAN,DESADV,SUCCESS,54.9,3.15,0
LOG-0001425,2026-09-04 11:13:19.079035,IF-004,SAP_ECC,B2B_VAN_SPS,INVOIC,SUCCESS,37.5,2.37,0
LOG-0003670,2026-09-04 11:23:38.079035,IF-007,SAP_S4HANA,DATA_LAKE,CDC,SUCCESS,60.6,5.55,0
LOG-0001644,2026-09-04 11:32:05.079035,IF-003,SAP_S4HANA,ARIBA_NETWORK,ORDRSP,SUCCESS,72.9,2.81,0
LOG-0001693,2026-09-04 11:40:29.079035,IF-003,SAP_S4HANA,ARIBA_NETWORK,ORDRSP,SUCCESS,124.7,3.62,0
LOG-0004550,2026-09-04 12:17:48.079035,IF-007,SAP_S4HANA,DATA_LAKE,CDC,SUCCESS,39.1,4.17,0
LOG-0004286,2026-09-04 12:32:32.079035,IF-002,SAP_S4HANA,WMS_MANHATTAN,DESADV,SUCCESS,62.4,3.75,0
LOG-0004975,2026-09-04 12:35:01.079035,IF-002,SAP_S4HANA,WMS_MANHATTAN,DESADV,SUCCESS,96.3,6.35,0
LOG-0000304,2026-09-04 12:35:12.079035,IF-001,SAP_ECC,SFDC_CRM,ORDERS,SUCCESS,45.0,12.39,0
LOG-0000052,2026-09-04 12:41:03.079035,IF-004,SAP_ECC,B2B_VAN_SPS,INVOIC,SUCCESS,71.1,1.01,0
LOG-0001951,2026-09-04 13:00:42.079035,IF-001,SAP_ECC,SFDC_CRM,ORDERS,SUCCESS,62.7,12.91,0
LOG-0001119,2026-09-04 13:07:08.079035,IF-006,LEGACY_MAINFRAME,SAP_ECC,MATMAS,SUCCESS,80.2,4.87,0
LOG-0003403,2026-09-04 13:21:49.079035,IF-006,LEGACY_MAINFRAME,SAP_ECC,MATMAS,SUCCESS,29.1,23.86,0
LOG-0002983,2026-09-04 13:35:21.079035,IF-006,LEGACY_MAINFRAME,SAP_ECC,MATMAS,SUCCESS,222.7,12.78,0
LOG-0004821,2026-09-04 13:36:10.079035,IF-005,SAP_S4HANA,BTP_APP,OData,SUCCESS,111.2,10.3,0
LOG-0001676,2026-09-04 13:43:03.079035,IF-007,SAP_S4HANA,DATA_LAKE,CDC,SUCCESS,91.5,4.64,0
LOG-0002399,2026-09-04 13:44:41.079035,IF-001,SAP_ECC,SFDC_CRM,ORDERS,SUCCESS,57.1,8.59,0
LOG-0001761,2026-09-04 13:51:42.079035,IF-007,SAP_S4HANA,DATA_LAKE,CDC,SUCCESS,129.9,8.68,0
LOG-0000387,2026-09-04 13:57:46.079035,IF-003,SAP_S4HANA,ARIBA_NETWORK,ORDRSP,FAILED,82.0,14.09,1
LOG-0000820,2026-09-04 13:58:56.079035,IF-001,SAP_ECC,SFDC_CRM,ORDERS,SUCCESS,216.6,9.38,0
LOG-0000361,2026-09-04 14:07:36.079035,IF-005,SAP_S4HANA,BTP_APP,OData,SUCCESS,67.2,5.2,0
LOG-0004451,2026-09-04 14:32:08.079035,IF-006,LEGACY_MAINFRAME,SAP_ECC,MATMAS,SUCCESS,107.4,16.0,0
LOG-0004882,2026-09-04 14:41:10.079035,IF-006,LEGACY_MAINFRAME,SAP_ECC,MATMAS,SUCCESS,85.8,7.5,0
LOG-0001675,2026-09-04 14:45:38.079035,IF-002,SAP_S4HANA,WMS_MANHATTAN,DESADV,SUCCESS,43.3,4.4,0
LOG-0003912,2026-09-04 14:54:49.079035,IF-007,SAP_S4HANA,DATA_LAKE,CDC,SUCCESS,38.5,4.31,0
LOG-0000886,2026-09-04 14:57:13.079035,IF-001,SAP_ECC,SFDC_CRM,ORDERS,SUCCESS,78.0,9.65,0
LOG-0003539,2026-09-04 15:02:18.079035,IF-003,SAP_S4HANA,ARIBA_NETWORK,ORDRSP,SUCCESS,78.9,8.54,0
LOG-0000912,2026-09-04 15:05:12.079035,IF-003,SAP_S4HANA,ARIBA_NETWORK,ORDRSP,SUCCESS,46.8,7.69,0
LOG-0000504,2026-09-04 15:08:42.079035,IF-001,SAP_ECC,SFDC_CRM,ORDERS,SUCCESS,53.9,17.85,0
LOG-0004525,2026-09-04 15:11:08.079035,IF-007,SAP_S4HANA,DATA_LAKE,CDC,SUCCESS,132.3,7.44,0
LOG-0001573,2026-09-04 15:24:04.079035,IF-001,SAP_ECC,SFDC_CRM,ORDERS,SUCCESS,108.6,19.76,0
LOG-0002768,2026-09-04 15:36:14.079035,IF-007,SAP_S4HANA,DATA_LAKE,CDC,SUCCESS,62.5,8.09,0
LOG-0001994,2026-09-04 15:40:25.079035,IF-002,SAP_S4HANA,WMS_MANHATTAN,DESADV,SUCCESS,29.4,2.92,0
LOG-0001784,2026-09-04 15:40:28.079035,IF-004,SAP_ECC,B2B_VAN_SPS,INVOIC,SUCCESS,57.6,11.44,0
LOG-0004346,2026-09-04 15:45:19.079035,IF-005,SAP_S4HANA,BTP_APP,OData,SUCCESS,176.3,9.09,0
LOG-0003558,2026-09-04 15:51:24.079035,IF-008,SAP_CPI,3PL_PROVIDER,DESADV,SUCCESS,68.4,34.44,0
LOG-0002425,2026-09-04 15:52:57.079035,IF-003,SAP_S4HANA,ARIBA_NETWORK,ORDRSP,SUCCESS,64.7,3.95,0
LOG-0000278,2026-09-04 15:58:59.079035,IF-003,SAP_S4HANA,ARIBA_NETWORK,ORDRSP,SUCCESS,39.7,1.81,0
LOG-0000286,2026-09-04 16:30:10.079035,IF-001,SAP_ECC,SFDC_CRM,ORDERS,SUCCESS,90.9,4.63,0
LOG-0001484,2026-09-04 16:50:11.079035,IF-001,SAP_ECC,SFDC_CRM,ORDERS,RETRY,186.8,4.39,1
LOG-0002763,2026-09-04 17:00:10.079035,IF-006,LEGACY_MAINFRAME,SAP_ECC,MATMAS,SUCCESS,63.2,11.25,0
LOG-0000177,2026-09-04 17:01:24.079035,IF-002,SAP_S4HANA,WMS_MANHATTAN,DESADV,SUCCESS,140.2,12.75,0
LOG-0000299,2026-09-04 17:02:03.079035,IF-008,SAP_CPI,3PL_PROVIDER,DESADV,SUCCESS,14.0,12.76,0
LOG-0003489,2026-09-04 17:05:03.079035,IF-005,SAP_S4HANA,BTP_APP,OData,SUCCESS,68.6,24.79,0
LOG-0003274,2026-09-04 17:10:26.079035,IF-005,SAP_S4HANA,BTP_APP,OData,SUCCESS,230.9,5.14,0
LOG-0001626,2026-09-04 17:13:19.079035,IF-002,SAP_S4HANA,WMS_MANHATTAN,DESADV,SUCCESS,78.2,1.14,0
LOG-0000121,2026-09-04 17:19:47.079035,IF-003,SAP_S4HANA,ARIBA_NETWORK,ORDRSP,SUCCESS,48.4,7.13,0
LOG-0003855,2026-09-04 17:20:36.079035,IF-007,SAP_S4HANA,DATA_LAKE,CDC,SUCCESS,224.4,57.86,0
LOG-0004199,2026-09-04 17:29:55.079035,IF-003,SAP_S4HANA,ARIBA_NETWORK,ORDRSP,SUCCESS,59.2,1.62,0
LOG-0004379,2026-09-04 17:32:18.079035,IF-007,SAP_S4HANA,DATA_LAKE,CDC,SUCCESS,45.1,5.01,0
LOG-0001682,2026-09-04 17:33:10.079035,IF-001,SAP_ECC,SFDC_CRM,ORDERS,SUCCESS,46.1,1.88,0
LOG-0004437,2026-09-04 17:46:31.079035,IF-005,SAP_S4HANA,BTP_APP,OData,SUCCESS,53.1,55.46,0
LOG-0000196,2026-09-04 17:53:55.079035,IF-002,SAP_S4HANA,WMS_MANHATTAN,DESADV,SUCCESS,75.5,4.03,0
LOG-0002574,2026-09-04 17:54:32.079035,IF-007,SAP_S4HANA,DATA_LAKE,CDC,SUCCESS,156.4,4.93,0
LOG-0004461,2026-09-04 18:01:58.079035,IF-001,SAP_ECC,SFDC_CRM,ORDERS,SUCCESS,53.6,7.58,0
LOG-0000520,2026-09-04 18:07:57.079035,IF-007,SAP_S4HANA,DATA_LAKE,CDC,SUCCESS,47.7,20.0,0
LOG-0001049,2026-09-04 18:12:59.079035,IF-007,SAP_S4HANA,DATA_LAKE,CDC,SUCCESS,165.4,2.84,0
LOG-0003709,2026-09-04 18:21:10.079035,IF-005,SAP_S4HANA,BTP_APP,OData,SUCCESS,43.6,5.13,0
LOG-0000986,2026-09-04 18:36:09.079035,IF-001,SAP_ECC,SFDC_CRM,ORDERS,SUCCESS,77.8,12.65,0
LOG-0003997,2026-09-04 18:44:15.079035,IF-004,SAP_ECC,B2B_VAN_SPS,INVOIC,SUCCESS,48.1,2.93,0
LOG-0000083,2026-09-04 18:51:52.079035,IF-005,SAP_S4HANA,BTP_APP,OData,SUCCESS,141.1,46.57,0
LOG-0004093,2026-09-04 19:02:17.079035,IF-004,SAP_ECC,B2B_VAN_SPS,INVOIC,SUCCESS,69.7,12.45,0
LOG-0004957,2026-09-04 19:02:24.079035,IF-001,SAP_ECC,SFDC_CRM,ORDERS,SUCCESS,110.1,2.05,0
LOG-0003327,2026-09-04 19:21:59.079035,IF-002,SAP_S4HANA,WMS_MANHATTAN,DESADV,SUCCESS,60.1,5.54,0
LOG-0000814,2026-09-04 19:35:26.079035,IF-007,SAP_S4HANA,DATA_LAKE,CDC,RETRY,52.3,20.17,2
LOG-0002036,2026-09-04 19:46:23.079035,IF-008,SAP_CPI,3PL_PROVIDER,DESADV,SUCCESS,68.7,4.09,0
LOG-0002638,2026-09-04 19:47:47.079035,IF-004,SAP_ECC,B2B_VAN_SPS,INVOIC,SUCCESS,52.2,21.95,0
LOG-0003268,2026-09-04 19:54:50.079035,IF-001,SAP_ECC,SFDC_CRM,ORDERS,SUCCESS,36.4,15.53,0
LOG-0001843,2026-09-04 19:55:15.079035,IF-004,SAP_ECC,B2B_VAN_SPS,INVOIC,SUCCESS,35.2,10.7,0
LOG-0000024,2026-09-04 20:07:12.079035,IF-004,SAP_ECC,B2B_VAN_SPS,INVOIC,SUCCESS,76.5,20.86,0
LOG-0002356,2026-09-04 20:09:08.079035,IF-008,SAP_CPI,3PL_PROVIDER,DESADV,SUCCESS,82.4,102.2,0
LOG-0002352,2026-09-04 20:36:05.079035,IF-005,SAP_S4HANA,BTP_APP,OData,SUCCESS,63.9,2.86,0
LOG-0002678,2026-09-04 20:42:37.079035,IF-003,SAP_S4HANA,ARIBA_NETWORK,ORDRSP,SUCCESS,125.1,5.92,0
LOG-0003129,2026-09-04 20:47:28.079035,IF-002,SAP_S4HANA,WMS_MANHATTAN,DESADV,SUCCESS,47.5,12.88,0
LOG-0003081,2026-09-04 20:59:25.079035,IF-006,LEGACY_MAINFRAME,SAP_ECC,MATMAS,SUCCESS,52.4,15.15,0
LOG-0003429,2026-09-04 21:19:30.079035,IF-001,SAP_ECC,SFDC_CRM,ORDERS,SUCCESS,32.4,2.53,0
LOG-0000268,2026-09-04 21:20:47.079035,IF-008,SAP_CPI,3PL_PROVIDER,DESADV,SUCCESS,154.4,9.03,0
LOG-0003203,2026-09-04 21:22:13.079035,IF-007,SAP_S4HANA,DATA_LAKE,CDC,SUCCESS,73.1,27.99,0
LOG-0004973,2026-09-04 21:25:26.079035,IF-005,SAP_S4HANA,BTP_APP,OData,SUCCESS,137.8,9.86,0
LOG-0002332,2026-09-04 21:40:03.079035,IF-004,SAP_ECC,B2B_VAN_SPS,INVOIC,SUCCESS,75.5,7.07,0
LOG-0002522,2026-09-04 21:40:42.079035,IF-002,SAP_S4HANA,WMS_MANHATTAN,DESADV,SUCCESS,25.2,2.27,0
LOG-0004838,2026-09-04 21:42:34.079035,IF-008,SAP_CPI,3PL_PROVIDER,DESADV,SUCCESS,342.1,9.0,0
LOG-0004807,2026-09-04 21:47:54.079035,IF-005,SAP_S4HANA,BTP_APP,OData,SUCCESS,132.2,11.83,0
LOG-0000259,2026-09-04 21:49:57.079035,IF-002,SAP_S4HANA,WMS_MANHATTAN,DESADV,SUCCESS,40.8,16.31,0
LOG-0003110,2026-09-04 21:58:24.079035,IF-008,SAP_CPI,3PL_PROVIDER,DESADV,TIMEOUT,257.6,23.08,1
LOG-0003643,2026-09-04 22:02:53.079035,IF-007,SAP_S4HANA,DATA_LAKE,CDC,SUCCESS,46.8,10.72,0
LOG-0000032,2026-09-04 22:03:51.079035,IF-008,SAP_CPI,3PL_PROVIDER,DESADV,SUCCESS,59.5,11.39,0
LOG-0003502,2026-09-04 22:05:15.079035,IF-008,SAP_CPI,3PL_PROVIDER,DESADV,SUCCESS,28.2,3.11,0
LOG-0001609,2026-09-04 22:06:34.079035,IF-008,SAP_CPI,3PL_PROVIDER,DESADV,SUCCESS,81.0,3.68,0
LOG-0003074,2026-09-04 22:16:15.079035,IF-003,SAP_S4HANA,ARIBA_NETWORK,ORDRSP,SUCCESS,44.8,34.42,0
LOG-0002681,2026-09-04 22:21:43.079035,IF-001,SAP_ECC,SFDC_CRM,ORDERS,SUCCESS,294.7,26.34,0
LOG-0001575,2026-09-04 22:26:47.079035,IF-002,SAP_S4HANA,WMS_MANHATTAN,DESADV,SUCCESS,32.3,8.0,0
LOG-0000410,2026-09-04 22:51:11.079035,IF-001,SAP_ECC,SFDC_CRM,ORDERS,SUCCESS,30.8,41.29,0
LOG-0004576,2026-09-04 23:00:43.079035,IF-007,SAP_S4HANA,DATA_LAKE,CDC,SUCCESS,94.5,7.22,0
LOG-0003943,2026-09-04 23:03:03.079035,IF-008,SAP_CPI,3PL_PROVIDER,DESADV,SUCCESS,36.7,12.31,0
LOG-0000066,2026-09-04 23:09:09.079035,IF-005,SAP_S4HANA,BTP_APP,OData,SUCCESS,71.7,27.97,0
LOG-0004092,2026-09-04 23:25:42.079035,IF-002,SAP_S4HANA,WMS_MANHATTAN,DESADV,SUCCESS,65.6,1.57,0
LOG-0001850,2026-09-04 23:27:38.079035,IF-003,SAP_S4HANA,ARIBA_NETWORK,ORDRSP,SUCCESS,237.2,1.59,0
LOG-0001190,2026-09-04 23:27:41.079035,IF-002,SAP_S4HANA,WMS_MANHATTAN,DESADV,SUCCESS,29.5,7.54,0
LOG-0003292,2026-09-04 23:33:17.079035,IF-002,SAP_S4HANA,WMS_MANHATTAN,DESADV,SUCCESS,24.2,5.1,0
LOG-0004682,2026-09-04 23:33:55.079035,IF-004,SAP_ECC,B2B_VAN_SPS,INVOIC,SUCCESS,113.0,2.13,0
LOG-0000421,2026-09-04 23:43:37.079035,IF-008,SAP_CPI,3PL_PROVIDER,DESADV,SUCCESS,35.3,3.35,0
LOG-0000112,2026-09-04 23:49:26.079035,IF-007,SAP_S4HANA,DATA_LAKE,CDC,RETRY,57.7,9.12,1
LOG-0002222,2026-09-04 23:56:00.079035,IF-005,SAP_S4HANA,BTP_APP,OData,FAILED,118.6,10.11,1
LOG-0000167,2026-09-04 23:57:57.079035,IF-005,SAP_S4HANA,BTP_APP,OData,TIMEOUT,91.9,28.36,3
LOG-0004448,2026-09-05 00:04:31.079035,IF-007,SAP_S4HANA,DATA_LAKE,CDC,SUCCESS,91.4,8.99,0
LOG-0001797,2026-09-05 00:07:01.079035,IF-001,SAP_ECC,SFDC_CRM,ORDERS,SUCCESS,53.1,18.39,0
LOG-0002349,2026-09-05 00:13:56.079035,IF-007,SAP_S4HANA,DATA_LAKE,CDC,RETRY,82.9,3.91,0
LOG-0002863,2026-09-05 00:17:13.079035,IF-002,SAP_S4HANA,WMS_MANHATTAN,DESADV,SUCCESS,110.8,5.66,0
LOG-0003278,2026-09-05 00:38:23.079035,IF-004,SAP_ECC,B2B_VAN_SPS,INVOIC,FAILED,122.5,1.71,0
LOG-0000727,2026-09-05 00:43:31.079035,IF-003,SAP_S4HANA,ARIBA_NETWORK,ORDRSP,SUCCESS,64.5,15.62,0
LOG-0000378,2026-09-05 01:04:34.079035,IF-008,SAP_CPI,3PL_PROVIDER,DESADV,SUCCESS,184.3,5.22,0
LOG-0001651,2026-09-05 01:11:00.079035,IF-006,LEGACY_MAINFRAME,SAP_ECC,MATMAS,SUCCESS,52.1,11.45,0
LOG-0004677,2026-09-05 01:14:09.079035,IF-007,SAP_S4HANA,DATA_LAKE,CDC,FAILED,46.2,25.82,2
LOG-0002146,2026-09-05 01:14:57.079035,IF-007,SAP_S4HANA,DATA_LAKE,CDC,SUCCESS,188.4,1.86,0
LOG-0004041,2026-09-05 01:19:03.079035,IF-006,LEGACY_MAINFRAME,SAP_ECC,MATMAS,SUCCESS,102.6,60.2,0
LOG-0002079,2026-09-05 01:24:29.079035,IF-008,SAP_CPI,3PL_PROVIDER,DESADV,SUCCESS,97.5,68.46,0
LOG-0003372,2026-09-05 01:25:54.079035,IF-001,SAP_ECC,SFDC_CRM,ORDERS,SUCCESS,256.1,3.71,0
LOG-0003047,2026-09-05 01:58:49.079035,IF-004,SAP_ECC,B2B_VAN_SPS,INVOIC,SUCCESS,53.7,6.36,0
LOG-0004570,2026-09-05 02:08:09.079035,IF-004,SAP_ECC,B2B_VAN_SPS,INVOIC,SUCCESS,84.8,4.23,0
LOG-0004148,2026-09-05 02:19:24.079035,IF-008,SAP_CPI,3PL_PROVIDER,DESADV,SUCCESS,55.9,7.98,0
LOG-0003823,2026-09-05 02:19:50.079035,IF-002,SAP_S4HANA,WMS_MANHATTAN,DESADV,SUCCESS,80.4,12.85,0
LOG-0004874,2026-09-05 02:51:33.079035,IF-007,SAP_S4HANA,DATA_LAKE,CDC,SUCCESS,67.2,4.91,0
LOG-0004043,2026-09-05 02:53:00.079035,IF-003,SAP_S4HANA,ARIBA_NETWORK,ORDRSP,SUCCESS,110.0,61.7,0
LOG-0002026,2026-09-05 03:04:42.079035,IF-001,SAP_ECC,SFDC_CRM,ORDERS,SUCCESS,18.7,1.49,0
LOG-0004585,2026-09-05 03:17:00.079035,IF-006,LEGACY_MAINFRAME,SAP_ECC,MATMAS,SUCCESS,39.1,1.14,0
LOG-0001456,2026-09-05 03:19:12.079035,IF-008,SAP_CPI,3PL_PROVIDER,DESADV,SUCCESS,60.3,8.58,0
LOG-0004515,2026-09-05 03:32:03.079035,IF-007,SAP_S4HANA,DATA_LAKE,CDC,SUCCESS,57.9,7.38,0
LOG-0001831,2026-09-05 03:37:03.079035,IF-001,SAP_ECC,SFDC_CRM,ORDERS,SUCCESS,61.2,19.48,0
LOG-0001896,2026-09-05 03:49:40.079035,IF-004,SAP_ECC,B2B_VAN_SPS,INVOIC,SUCCESS,188.2,0.63,0
LOG-0003076,2026-09-05 03:50:30.079035,IF-004,SAP_ECC,B2B_VAN_SPS,INVOIC,SUCCESS,70.0,13.4,0
LOG-0002473,2026-09-05 04:10:32.079035,IF-004,SAP_ECC,B2B_VAN_SPS,INVOIC,SUCCESS,61.6,5.82,0
LOG-0004466,2026-09-05 04:11:07.079035,IF-004,SAP_ECC,B2B_VAN_SPS,INVOIC,SUCCESS,91.1,19.07,0
LOG-0004266,2026-09-05 04:13:06.079035,IF-002,SAP_S4HANA,WMS_MANHATTAN,DESADV,SUCCESS,114.8,3.3,0
LOG-0001774,2026-09-05 04:24:05.079035,IF-004,SAP_ECC,B2B_VAN_SPS,INVOIC,SUCCESS,31.1,46.78,0
LOG-0000008,2026-09-05 04:39:34.079035,IF-005,SAP_S4HANA,BTP_APP,OData,SUCCESS,64.7,3.54,0
LOG-0003968,2026-09-05 04:43:15.079035,IF-001,SAP_ECC,SFDC_CRM,ORDERS,RETRY,220.0,0.73,0
LOG-0004042,2026-09-05 04:44:28.079035,IF-004,SAP_ECC,B2B_VAN_SPS,INVOIC,SUCCESS,46.7,5.38,0
LOG-0001861,2026-09-05 04:52:49.079035,IF-006,LEGACY_MAINFRAME,SAP_ECC,MATMAS,SUCCESS,36.5,21.21,0
LOG-0004297,2026-09-05 05:04:47.079035,IF-002,SAP_S4HANA,WMS_MANHATTAN,DESADV,SUCCESS,34.8,6.6,0
LOG-0000172,2026-09-05 05:12:19.079035,IF-005,SAP_S4HANA,BTP_APP,OData,SUCCESS,24.4,11.76,0
LOG-0001904,2026-09-05 05:26:57.079035,IF-001,SAP_ECC,SFDC_CRM,ORDERS,SUCCESS,43.0,10.32,0
LOG-0003624,2026-09-05 05:31:59.079035,IF-003,SAP_S4HANA,ARIBA_NETWORK,ORDRSP,SUCCESS,105.4,4.82,0
LOG-0003894,2026-09-05 05:52:20.079035,IF-008,SAP_CPI,3PL_PROVIDER,DESADV,RETRY,54.2,6.98,2
LOG-0001252,2026-09-05 06:13:35.079035,IF-002,SAP_S4HANA,WMS_MANHATTAN,DESADV,SUCCESS,99.0,5.45,0
LOG-0000183,2026-09-05 06:32:03.079035,IF-001,SAP_ECC,SFDC_CRM,ORDERS,SUCCESS,88.9,3.5,0
LOG-0003868,2026-09-05 06:32:59.079035,IF-005,SAP_S4HANA,BTP_APP,OData,SUCCESS,86.4,4.75,0
LOG-0003017,2026-09-05 06:43:14.079035,IF-001,SAP_ECC,SFDC_CRM,ORDERS,SUCCESS,106.3,4.73,0
LOG-0000041,2026-09-05 06:44:33.079035,IF-004,SAP_ECC,B2B_VAN_SPS,INVOIC,SUCCESS,142.0,4.88,0
LOG-0002315,2026-09-05 06:48:09.079035,IF-004,SAP_ECC,B2B_VAN_SPS,INVOIC,SUCCESS,84.5,9.91,0
LOG-0001477,2026-09-05 07:06:23.079035,IF-001,SAP_ECC,SFDC_CRM,ORDERS,SUCCESS,69.2,1.89,0
LOG-0002660,2026-09-05 07:06:23.079035,IF-007,SAP_S4HANA,DATA_LAKE,CDC,SUCCESS,46.4,24.77,0
LOG-0000182,2026-09-05 07:16:44.079035,IF-003,SAP_S4HANA,ARIBA_NETWORK,ORDRSP,SUCCESS,46.6,3.36,0
LOG-0003055,2026-09-05 07:26:33.079035,IF-003,SAP_S4HANA,ARIBA_NETWORK,ORDRSP,SUCCESS,150.2,34.26,0
LOG-0003011,2026-09-05 07:33:03.079035,IF-005,SAP_S4HANA,BTP_APP,OData,SUCCESS,20.4,17.15,0
LOG-0001028,2026-09-05 07:53:52.079035,IF-007,SAP_S4HANA,DATA_LAKE,CDC,SUCCESS,58.1,1.88,0
LOG-0001063,2026-09-05 08:02:52.079035,IF-005,SAP_S4HANA,BTP_APP,OData,SUCCESS,137.8,12.33,0
LOG-0000848,2026-09-05 08:30:24.079035,IF-006,LEGACY_MAINFRAME,SAP_ECC,MATMAS,SUCCESS,177.5,4.29,0
LOG-0004179,2026-09-05 08:42:15.079035,IF-003,SAP_S4HANA,ARIBA_NETWORK,ORDRSP,SUCCESS,126.9,9.15,0
LOG-0001292,2026-09-05 08:56:23.079035,IF-003,SAP_S4HANA,ARIBA_NETWORK,ORDRSP,SUCCESS,46.9,2.66,0
LOG-0004427,2026-09-05 08:59:51.079035,IF-006,LEGACY_MAINFRAME,SAP_ECC,MATMAS,SUCCESS,162.5,14.76,0
LOG-0003545,2026-09-05 09:00:00.079035,IF-003,SAP_S4HANA,ARIBA_NETWORK,ORDRSP,SUCCESS,20.0,20.77,0
LOG-0000296,2026-09-05 09:25:49.079035,IF-006,LEGACY_MAINFRAME,SAP_ECC,MATMAS,SUCCESS,62.1,16.68,0
LOG-0003464,2026-09-05 09:37:57.079035,IF-008,SAP_CPI,3PL_PROVIDER,DESADV,RETRY,47.4,15.79,1
LOG-0000716,2026-09-05 09:42:03.079035,IF-007,SAP_S4HANA,DATA_LAKE,CDC,SUCCESS,42.7,11.52,0
LOG-0002312,2026-09-05 09:53:51.079035,IF-006,LEGACY_MAINFRAME,SAP_ECC,MATMAS,SUCCESS,187.2,15.5,0
LOG-0000841,2026-09-05 10:01:15.079035,IF-001,SAP_ECC,SFDC_CRM,ORDERS,SUCCESS,227.4,22.21,0
LOG-0000446,2026-09-05 10:07:37.079035,IF-007,SAP_S4HANA,DATA_LAKE,CDC,SUCCESS,74.2,42.45,0
LOG-0000351,2026-09-05 10:08:48.079035,IF-006,LEGACY_MAINFRAME,SAP_ECC,MATMAS,SUCCESS,289.0,4.86,0
LOG-0004756,2026-09-05 10:13:48.079035,IF-007,SAP_S4HANA,DATA_LAKE,CDC,SUCCESS,57.8,17.09,0
LOG-0000511,2026-09-05 10:15:35.079035,IF-004,SAP_ECC,B2B_VAN_SPS,INVOIC,SUCCESS,8.2,32.55,0
LOG-0002109,2026-09-05 10:42:22.079035,IF-002,SAP_S4HANA,WMS_MANHATTAN,DESADV,SUCCESS,38.1,3.0,0
LOG-0004654,2026-09-05 10:46:46.079035,IF-004,SAP_ECC,B2B_VAN_SPS,INVOIC,SUCCESS,46.0,4.25,0
LOG-0004077,2026-09-05 10:51:59.079035,IF-006,LEGACY_MAINFRAME,SAP_ECC,MATMAS,RETRY,19.3,5.84,3
LOG-0001307,2026-09-05 10:53:35.079035,IF-005,SAP_S4HANA,BTP_APP,OData,SUCCESS,57.1,5.74,0
LOG-0003786,2026-09-05 11:08:09.079035,IF-005,SAP_S4HANA,BTP_APP,OData,SUCCESS,180.8,4.5,0
LOG-0000880,2026-09-05 11:12:23.079035,IF-003,SAP_S4HANA,ARIBA_NETWORK,ORDRSP,SUCCESS,19.4,2.95,0
LOG-0000280,2026-09-05 11:12:37.079035,IF-007,SAP_S4HANA,DATA_LAKE,CDC,SUCCESS,91.4,4.18,0
LOG-0004701,2026-09-05 11:13:05.079035,IF-002,SAP_S4HANA,WMS_MANHATTAN,DESADV,SUCCESS,45.7,32.89,0
LOG-0003224,2026-09-05 11:15:26.079035,IF-003,SAP_S4HANA,ARIBA_NETWORK,ORDRSP,SUCCESS,34.8,4.81,0
LOG-0002650,2026-09-05 11:22:29.079035,IF-003,SAP_S4HANA,ARIBA_NETWORK,ORDRSP,SUCCESS,42.9,29.64,0
LOG-0004223,2026-09-05 11:27:05.079035,IF-001,SAP_ECC,SFDC_CRM,ORDERS,SUCCESS,84.7,5.67,0
LOG-0004491,2026-09-05 11:28:25.079035,IF-004,SAP_ECC,B2B_VAN_SPS,INVOIC,SUCCESS,827.0,12.66,0
LOG-0001700,2026-09-05 11:32:45.079035,IF-006,LEGACY_MAINFRAME,SAP_ECC,MATMAS,FAILED,251.9,36.46,3
LOG-0003791,2026-09-05 11:46:03.079035,IF-004,SAP_ECC,B2B_VAN_SPS,INVOIC,SUCCESS,43.8,10.43,0
LOG-0003395,2026-09-05 11:56:30.079035,IF-004,SAP_ECC,B2B_VAN_SPS,INVOIC,SUCCESS,77.1,54.84,0
LOG-0004417,2026-09-05 12:00:43.079035,IF-004,SAP_ECC,B2B_VAN_SPS,INVOIC,SUCCESS,36.3,1.15,0
LOG-0002023,2026-09-05 12:12:14.079035,IF-004,SAP_ECC,B2B_VAN_SPS,INVOIC,SUCCESS,44.4,11.72,0
LOG-0004591,2026-09-05 12:17:04.079035,IF-006,LEGACY_MAINFRAME,SAP_ECC,MATMAS,SUCCESS,54.5,8.52,0
LOG-0004999,2026-09-05 12:24:24.079035,IF-005,SAP_S4HANA,BTP_APP,OData,SUCCESS,24.0,9.9,0
LOG-0004211,2026-09-05 12:27:24.079035,IF-007,SAP_S4HANA,DATA_LAKE,CDC,SUCCESS,66.8,11.66,0
LOG-0001741,2026-09-05 12:30:04.079035,IF-002,SAP_S4HANA,WMS_MANHATTAN,DESADV,SUCCESS,79.0,9.7,0
LOG-0001564,2026-09-05 12:43:52.079035,IF-006,LEGACY_MAINFRAME,SAP_ECC,MATMAS,SUCCESS,39.6,2.88,0
LOG-0004872,2026-09-05 12:45:00.079035,IF-004,SAP_ECC,B2B_VAN_SPS,INVOIC,TIMEOUT,42.7,10.04,2
LOG-0001668,2026-09-05 12:47:00.079035,IF-008,SAP_CPI,3PL_PROVIDER,DESADV,SUCCESS,41.2,16.83,0
LOG-0001767,2026-09-05 12:50:03.079035,IF-004,SAP_ECC,B2B_VAN_SPS,INVOIC,SUCCESS,112.3,10.68,0
LOG-0002044,2026-09-05 12:56:35.079035,IF-001,SAP_ECC,SFDC_CRM,ORDERS,SUCCESS,58.9,25.79,0
LOG-0004649,2026-09-05 13:00:12.079035,IF-005,SAP_S4HANA,BTP_APP,OData,SUCCESS,37.9,17.65,0
LOG-0004800,2026-09-05 13:00:48.079035,IF-005,SAP_S4HANA,BTP_APP,OData,FAILED,39.5,3.91,2
LOG-0004334,2026-09-05 13:04:32.079035,IF-007,SAP_S4HANA,DATA_LAKE,CDC,SUCCESS,171.0,7.23,0
LOG-0000460,2026-09-05 13:07:26.079035,IF-001,SAP_ECC,SFDC_CRM,ORDERS,SUCCESS,25.7,3.79,0
LOG-0002384,2026-09-05 13:19:09.079035,IF-006,LEGACY_MAINFRAME,SAP_ECC,MATMAS,SUCCESS,51.7,5.19,0
LOG-0000524,2026-09-05 13:34:21.079035,IF-001,SAP_ECC,SFDC_CRM,ORDERS,SUCCESS,56.2,2.44,0
LOG-0002923,2026-09-05 13:37:42.079035,IF-003,SAP_S4HANA,ARIBA_NETWORK,ORDRSP,SUCCESS,28.1,21.07,0
LOG-0004130,2026-09-05 13:40:03.079035,IF-004,SAP_ECC,B2B_VAN_SPS,INVOIC,SUCCESS,77.3,3.66,0
LOG-0004760,2026-09-05 13:50:32.079035,IF-001,SAP_ECC,SFDC_CRM,ORDERS,SUCCESS,47.0,22.43,0
LOG-0003267,2026-09-05 13:56:03.079035,IF-005,SAP_S4HANA,BTP_APP,OData,SUCCESS,36.8,0.41,0
LOG-0004378,2026-09-05 14:41:30.079035,IF-005,SAP_S4HANA,BTP_APP,OData,SUCCESS,32.6,6.11,0
LOG-0000534,2026-09-05 14:54:51.079035,IF-001,SAP_ECC,SFDC_CRM,ORDERS,SUCCESS,95.4,6.55,0
LOG-0001238,2026-09-05 14:55:01.079035,IF-008,SAP_CPI,3PL_PROVIDER,DESADV,RETRY,113.7,18.54,0
LOG-0000815,2026-09-05 15:03:58.079035,IF-007,SAP_S4HANA,DATA_LAKE,CDC,SUCCESS,50.1,2.05,0
LOG-0002873,2026-09-05 15:33:07.079035,IF-007,SAP_S4HANA,DATA_LAKE,CDC,SUCCESS,53.5,3.22,0
LOG-0002172,2026-09-05 15:53:49.079035,IF-001,SAP_ECC,SFDC_CRM,ORDERS,SUCCESS,119.7,16.0,0
LOG-0001680,2026-09-05 16:04:44.079035,IF-002,SAP_S4HANA,WMS_MANHATTAN,DESADV,SUCCESS,61.4,2.08,0
LOG-0001351,2026-09-05 16:11:44.079035,IF-006,LEGACY_MAINFRAME,SAP_ECC,MATMAS,SUCCESS,129.6,4.28,0
LOG-0003994,2026-09-05 16:13:53.079035,IF-008,SAP_CPI,3PL_PROVIDER,DESADV,FAILED,2207.1,7.17,2
LOG-0004494,2026-09-05 16:17:53.079035,IF-008,SAP_CPI,3PL_PROVIDER,DESADV,SUCCESS,51.6,28.11,0
LOG-0003476,2026-09-05 16:22:21.079035,IF-007,SAP_S4HANA,DATA_LAKE,CDC,SUCCESS,27.2,5.39,0
LOG-0003697,2026-09-05 16:23:04.079035,IF-008,SAP_CPI,3PL_PROVIDER,DESADV,SUCCESS,66.8,2.93,0
LOG-0004389,2026-09-05 16:28:33.079035,IF-001,SAP_ECC,SFDC_CRM,ORDERS,RETRY,122.1,16.26,2
LOG-0002204,2026-09-05 16:29:27.079035,IF-007,SAP_S4HANA,DATA_LAKE,CDC,SUCCESS,64.6,3.01,0
LOG-0003841,2026-09-05 16:36:13.079035,IF-003,SAP_S4HANA,ARIBA_NETWORK,ORDRSP,SUCCESS,60.1,2.57,0
LOG-0002584,2026-09-05 16:50:26.079035,IF-006,LEGACY_MAINFRAME,SAP_ECC,MATMAS,SUCCESS,81.8,10.86,0
LOG-0003504,2026-09-05 16:52:22.079035,IF-001,SAP_ECC,SFDC_CRM,ORDERS,SUCCESS,183.1,9.61,0
LOG-0001851,2026-09-05 16:59:23.079035,IF-004,SAP_ECC,B2B_VAN_SPS,INVOIC,SUCCESS,35.3,18.69,0
LOG-0004425,2026-09-05 17:12:45.079035,IF-003,SAP_S4HANA,ARIBA_NETWORK,ORDRSP,SUCCESS,46.1,6.99,0
LOG-0001035,2026-09-05 17:30:40.079035,IF-005,SAP_S4HANA,BTP_APP,OData,SUCCESS,96.9,24.99,0
LOG-0001048,2026-09-05 18:02:39.079035,IF-007,SAP_S4HANA,DATA_LAKE,CDC,RETRY,33.6,1.0,3
LOG-0003025,2026-09-05 18:16:44.079035,IF-003,SAP_S4HANA,ARIBA_NETWORK,ORDRSP,SUCCESS,19.8,4.12,0
LOG-0001837,2026-09-05 18:17:06.079035,IF-007,SAP_S4HANA,DATA_LAKE,CDC,SUCCESS,41.6,0.98,0
LOG-0004982,2026-09-05 18:18:24.079035,IF-006,LEGACY_MAINFRAME,SAP_ECC,MATMAS,SUCCESS,34.3,9.91,0
LOG-0004065,2026-09-05 18:42:04.079035,IF-005,SAP_S4HANA,BTP_APP,OData,SUCCESS,74.8,2.19,0
LOG-0004421,2026-09-05 19:00:06.079035,IF-001,SAP_ECC,SFDC_CRM,ORDERS,SUCCESS,99.0,12.77,0
LOG-0004623,2026-09-05 19:02:38.079035,IF-001,SAP_ECC,SFDC_CRM,ORDERS,RETRY,70.2,6.64,3
LOG-0002350,2026-09-05 19:25:37.079035,IF-004,SAP_ECC,B2B_VAN_SPS,INVOIC,SUCCESS,109.4,2.52,0
LOG-0004779,2026-09-05 19:27:14.079035,IF-004,SAP_ECC,B2B_VAN_SPS,INVOIC,SUCCESS,69.9,2.07,0
LOG-0001714,2026-09-05 19:32:43.079035,IF-005,SAP_S4HANA,BTP_APP,OData,RETRY,47.3,4.1,0
LOG-0004540,2026-09-05 19:45:56.079035,IF-003,SAP_S4HANA,ARIBA_NETWORK,ORDRSP,SUCCESS,37.1,9.28,0
LOG-0001927,2026-09-05 20:17:03.079035,IF-007,SAP_S4HANA,DATA_LAKE,CDC,FAILED,55.1,29.81,2
LOG-0002358,2026-09-05 20:31:25.079035,IF-008,SAP_CPI,3PL_PROVIDER,DESADV,SUCCESS,127.6,4.85,0
LOG-0002545,2026-09-05 20:31:35.079035,IF-008,SAP_CPI,3PL_PROVIDER,DESADV,SUCCESS,37.1,2.03,0
LOG-0002754,2026-09-05 20:44:08.079035,IF-006,LEGACY_MAINFRAME,SAP_ECC,MATMAS,SUCCESS,149.4,8.13,0
LOG-0003068,2026-09-05 20:59:39.079035,IF-001,SAP_ECC,SFDC_CRM,ORDERS,SUCCESS,113.9,11.22,0
LOG-0003913,2026-09-05 21:33:24.079035,IF-006,LEGACY_MAINFRAME,SAP_ECC,MATMAS,SUCCESS,81.7,4.39,0
LOG-0002009,2026-09-05 21:37:23.079035,IF-005,SAP_S4HANA,BTP_APP,OData,TIMEOUT,36.0,1.78,1
LOG-0001128,2026-09-05 21:47:02.079035,IF-001,SAP_ECC,SFDC_CRM,ORDERS,SUCCESS,96.0,5.3,0
LOG-0004829,2026-09-05 22:02:58.079035,IF-002,SAP_S4HANA,WMS_MANHATTAN,DESADV,FAILED,35.9,8.52,2
LOG-0002825,2026-09-05 22:03:35.079035,IF-007,SAP_S4HANA,DATA_LAKE,CDC,SUCCESS,23.9,43.78,0
LOG-0000160,2026-09-05 22:14:46.079035,IF-003,SAP_S4HANA,ARIBA_NETWORK,ORDRSP,SUCCESS,26.4,5.14,0
LOG-0001147,2026-09-05 23:08:52.079035,IF-002,SAP_S4HANA,WMS_MANHATTAN,DESADV,SUCCESS,115.7,7.81,0
LOG-0001867,2026-09-05 23:32:04.079035,IF-003,SAP_S4HANA,ARIBA_NETWORK,ORDRSP,SUCCESS,179.8,6.24,0
LOG-0003936,2026-09-05 23:36:07.079035,IF-008,SAP_CPI,3PL_PROVIDER,DESADV,SUCCESS,46.1,8.58,0
LOG-0003872,2026-09-05 23:47:32.079035,IF-005,SAP_S4HANA,BTP_APP,OData,SUCCESS,188.8,3.93,0
LOG-0003334,2026-09-06 00:02:08.079035,IF-005,SAP_S4HANA,BTP_APP,OData,SUCCESS,100.1,1.75,0
LOG-0001435,2026-09-06 00:09:15.079035,IF-007,SAP_S4HANA,DATA_LAKE,CDC,FAILED,144.0,22.96,1
LOG-0004409,2026-09-06 00:19:54.079035,IF-007,SAP_S4HANA,DATA_LAKE,CDC,SUCCESS,87.0,48.16,0
LOG-0002138,2026-09-06 00:21:42.079035,IF-005,SAP_S4HANA,BTP_APP,OData,FAILED,205.4,0.47,2
LOG-0000705,2026-09-06 00:24:11.079035,IF-001,SAP_ECC,SFDC_CRM,ORDERS,SUCCESS,73.0,15.4,0
LOG-0003932,2026-09-06 00:28:50.079035,IF-007,SAP_S4HANA,DATA_LAKE,CDC,SUCCESS,103.5,6.88,0
LOG-0002307,2026-09-06 00:30:34.079035,IF-002,SAP_S4HANA,WMS_MANHATTAN,DESADV,TIMEOUT,201.7,1.65,3
LOG-0004496,2026-09-06 00:31:12.079035,IF-006,LEGACY_MAINFRAME,SAP_ECC,MATMAS,SUCCESS,63.9,3.39,0
LOG-0001108,2026-09-06 00:45:15.079035,IF-001,SAP_ECC,SFDC_CRM,ORDERS,SUCCESS,28.7,32.25,0
LOG-0003803,2026-09-06 00:49:53.079035,IF-005,SAP_S4HANA,BTP_APP,OData,SUCCESS,19.1,5.89,0
LOG-0004289,2026-09-06 00:50:42.079035,IF-002,SAP_S4HANA,WMS_MANHATTAN,DESADV,FAILED,220.8,6.07,0
LOG-0001126,2026-09-06 00:56:37.079035,IF-007,SAP_S4HANA,DATA_LAKE,CDC,SUCCESS,95.4,10.48,0
LOG-0004597,2026-09-06 01:07:25.079035,IF-001,SAP_ECC,SFDC_CRM,ORDERS,SUCCESS,18.1,3.43,0
LOG-0002904,2026-09-06 01:17:03.079035,IF-003,SAP_S4HANA,ARIBA_NETWORK,ORDRSP,SUCCESS,34.7,0.38,0
LOG-0002629,2026-09-06 01:46:41.079035,IF-002,SAP_S4HANA,WMS_MANHATTAN,DESADV,SUCCESS,61.6,12.2,0
LOG-0000375,2026-09-06 01:56:29.079035,IF-001,SAP_ECC,SFDC_CRM,ORDERS,SUCCESS,101.0,10.62,0
LOG-0002279,2026-09-06 01:57:57.079035,IF-004,SAP_ECC,B2B_VAN_SPS,INVOIC,SUCCESS,123.1,4.32,0
LOG-0003743,2026-09-06 01:58:39.079035,IF-004,SAP_ECC,B2B_VAN_SPS,INVOIC,SUCCESS,75.3,4.95,0
LOG-0001120,2026-09-06 02:02:38.079035,IF-001,SAP_ECC,SFDC_CRM,ORDERS,SUCCESS,119.8,1.6,0
LOG-0003251,2026-09-06 02:07:42.079035,IF-006,LEGACY_MAINFRAME,SAP_ECC,MATMAS,SUCCESS,98.0,4.76,0
LOG-0003635,2026-09-06 02:08:36.079035,IF-003,SAP_S4HANA,ARIBA_NETWORK,ORDRSP,SUCCESS,68.8,0.85,0
LOG-0004495,2026-09-06 02:32:33.079035,IF-002,SAP_S4HANA,WMS_MANHATTAN,DESADV,SUCCESS,38.7,23.21,0
LOG-0001382,2026-09-06 02:32:40.079035,IF-008,SAP_CPI,3PL_PROVIDER,DESADV,SUCCESS,57.2,17.3,0
LOG-0003875,2026-09-06 02:33:50.079035,IF-004,SAP_ECC,B2B_VAN_SPS,INVOIC,SUCCESS,81.6,2.01,0
LOG-0003391,2026-09-06 02:35:10.079035,IF-004,SAP_ECC,B2B_VAN_SPS,INVOIC,FAILED,104.5,2.12,2
LOG-0004481,2026-09-06 02:35:28.079035,IF-001,SAP_ECC,SFDC_CRM,ORDERS,SUCCESS,82.6,42.85,0
LOG-0004972,2026-09-06 02:38:59.079035,IF-001,SAP_ECC,SFDC_CRM,ORDERS,SUCCESS,86.3,4.97,0
LOG-0000469,2026-09-06 02:41:45.079035,IF-008,SAP_CPI,3PL_PROVIDER,DESADV,RETRY,147.5,15.22,2
LOG-0003453,2026-09-06 02:47:04.079035,IF-001,SAP_ECC,SFDC_CRM,ORDERS,SUCCESS,85.1,0.52,0
LOG-0004847,2026-09-06 02:59:44.079035,IF-004,SAP_ECC,B2B_VAN_SPS,INVOIC,SUCCESS,33.4,8.09,0
LOG-0002676,2026-09-06 03:03:13.079035,IF-001,SAP_ECC,SFDC_CRM,ORDERS,SUCCESS,88.9,40.43,0
LOG-0000758,2026-09-06 03:11:58.079035,IF-002,SAP_S4HANA,WMS_MANHATTAN,DESADV,FAILED,259.1,9.32,1
LOG-0004052,2026-09-06 03:24:28.079035,IF-006,LEGACY_MAINFRAME,SAP_ECC,MATMAS,SUCCESS,27.4,7.65,0
LOG-0003006,2026-09-06 03:25:19.079035,IF-005,SAP_S4HANA,BTP_APP,OData,SUCCESS,58.9,4.62,0
LOG-0000659,2026-09-06 03:42:43.079035,IF-007,SAP_S4HANA,DATA_LAKE,CDC,SUCCESS,35.2,6.28,0
LOG-0004542,2026-09-06 03:50:11.079035,IF-001,SAP_ECC,SFDC_CRM,ORDERS,SUCCESS,392.3,7.27,0
LOG-0001599,2026-09-06 03:50:11.079035,IF-004,SAP_ECC,B2B_VAN_SPS,INVOIC,FAILED,64.5,7.52,3
LOG-0000631,2026-09-06 04:08:13.079035,IF-006,LEGACY_MAINFRAME,SAP_ECC,MATMAS,SUCCESS,53.5,2.93,0
LOG-0000073,2026-09-06 04:20:41.079035,IF-006,LEGACY_MAINFRAME,SAP_ECC,MATMAS,SUCCESS,147.5,3.64,0
LOG-0004697,2026-09-06 04:44:13.079035,IF-007,SAP_S4HANA,DATA_LAKE,CDC,SUCCESS,38.4,7.27,0
LOG-0000114,2026-09-06 04:44:21.079035,IF-007,SAP_S4HANA,DATA_LAKE,CDC,SUCCESS,52.9,2.11,0
LOG-0002466,2026-09-06 04:48:18.079035,IF-006,LEGACY_MAINFRAME,SAP_ECC,MATMAS,SUCCESS,112.2,16.89,0
LOG-0004928,2026-09-06 04:53:44.079035,IF-003,SAP_S4HANA,ARIBA_NETWORK,ORDRSP,SUCCESS,65.5,2.66,0
LOG-0004337,2026-09-06 05:08:27.079035,IF-005,SAP_S4HANA,BTP_APP,OData,SUCCESS,120.5,11.78,0
LOG-0003626,2026-09-06 05:25:12.079035,IF-004,SAP_ECC,B2B_VAN_SPS,INVOIC,SUCCESS,115.5,4.97,0
LOG-0000154,2026-09-06 05:27:04.079035,IF-001,SAP_ECC,SFDC_CRM,ORDERS,SUCCESS,220.1,9.08,0
LOG-0002517,2026-09-06 05:30:06.079035,IF-008,SAP_CPI,3PL_PROVIDER,DESADV,SUCCESS,35.7,3.01,0
LOG-0001139,2026-09-06 05:35:14.079035,IF-008,SAP_CPI,3PL_PROVIDER,DESADV,RETRY,743.0,16.45,2
LOG-0003060,2026-09-06 06:03:00.079035,IF-005,SAP_S4HANA,BTP_APP,OData,SUCCESS,39.7,6.63,0
LOG-0002515,2026-09-06 06:25:47.079035,IF-006,LEGACY_MAINFRAME,SAP_ECC,MATMAS,SUCCESS,61.1,22.98,0
LOG-0000746,2026-09-06 06:32:44.079035,IF-008,SAP_CPI,3PL_PROVIDER,DESADV,SUCCESS,45.0,1.37,0
LOG-0002021,2026-09-06 06:35:08.079035,IF-005,SAP_S4HANA,BTP_APP,OData,SUCCESS,29.1,3.67,0
LOG-0004987,2026-09-06 06:36:29.079035,IF-002,SAP_S4HANA,WMS_MANHATTAN,DESADV,SUCCESS,24.3,11.57,0
LOG-0000247,2026-09-06 06:38:38.079035,IF-002,SAP_S4HANA,WMS_MANHATTAN,DESADV,SUCCESS,55.7,0.71,0
LOG-0003573,2026-09-06 06:39:42.079035,IF-006,LEGACY_MAINFRAME,SAP_ECC,MATMAS,SUCCESS,66.9,5.1,0
LOG-0002128,2026-09-06 07:22:38.079035,IF-006,LEGACY_MAINFRAME,SAP_ECC,MATMAS,RETRY,423.4,20.22,1
LOG-0000752,2026-09-06 07:24:01.079035,IF-005,SAP_S4HANA,BTP_APP,OData,SUCCESS,128.4,3.36,0
LOG-0000537,2026-09-06 07:26:00.079035,IF-002,SAP_S4HANA,WMS_MANHATTAN,DESADV,SUCCESS,127.1,14.33,0
LOG-0004158,2026-09-06 07:32:20.079035,IF-004,SAP_ECC,B2B_VAN_SPS,INVOIC,SUCCESS,45.5,32.83,0
LOG-0000819,2026-09-06 07:51:23.079035,IF-002,SAP_S4HANA,WMS_MANHATTAN,DESADV,SUCCESS,95.6,14.03,0
LOG-0000698,2026-09-06 07:51:28.079035,IF-005,SAP_S4HANA,BTP_APP,OData,SUCCESS,83.3,11.34,0
LOG-0000051,2026-09-06 07:54:01.079035,IF-001,SAP_ECC,SFDC_CRM,ORDERS,RETRY,43.3,41.61,0
LOG-0003058,2026-09-06 08:04:20.079035,IF-002,SAP_S4HANA,WMS_MANHATTAN,DESADV,SUCCESS,56.9,10.17,0
LOG-0003988,2026-09-06 08:18:45.079035,IF-002,SAP_S4HANA,WMS_MANHATTAN,DESADV,SUCCESS,42.7,42.82,0
LOG-0002016,2026-09-06 08:22:46.079035,IF-002,SAP_S4HANA,WMS_MANHATTAN,DESADV,SUCCESS,62.4,11.35,0
LOG-0004314,2026-09-06 08:57:20.079035,IF-003,SAP_S4HANA,ARIBA_NETWORK,ORDRSP,SUCCESS,36.0,8.85,0
LOG-0000783,2026-09-06 09:18:22.079035,IF-008,SAP_CPI,3PL_PROVIDER,DESADV,SUCCESS,29.1,4.29,0
LOG-0002590,2026-09-06 09:18:56.079035,IF-003,SAP_S4HANA,ARIBA_NETWORK,ORDRSP,SUCCESS,64.3,5.61,0
LOG-0003815,2026-09-06 09:50:11.079035,IF-007,SAP_S4HANA,DATA_LAKE,CDC,SUCCESS,83.9,5.56,0
LOG-0000985,2026-09-06 09:50:56.079035,IF-004,SAP_ECC,B2B_VAN_SPS,INVOIC,SUCCESS,95.4,9.8,0
LOG-0004374,2026-09-06 10:37:18.079035,IF-005,SAP_S4HANA,BTP_APP,OData,SUCCESS,67.7,21.28,0
LOG-0002539,2026-09-06 10:41:09.079035,IF-005,SAP_S4HANA,BTP_APP,OData,SUCCESS,54.9,5.18,0
LOG-0000481,2026-09-06 10:47:08.079035,IF-001,SAP_ECC,SFDC_CRM,ORDERS,SUCCESS,61.6,14.29,0
LOG-0004447,2026-09-06 11:05:07.079035,IF-008,SAP_CPI,3PL_PROVIDER,DESADV,SUCCESS,52.2,6.25,0
LOG-0004021,2026-09-06 11:17:28.079035,IF-002,SAP_S4HANA,WMS_MANHATTAN,DESADV,SUCCESS,141.4,7.71,0
LOG-0001612,2026-09-06 11:18:31.079035,IF-007,SAP_S4HANA,DATA_LAKE,CDC,SUCCESS,173.2,18.16,0
LOG-0004116,2026-09-06 11:25:11.079035,IF-005,SAP_S4HANA,BTP_APP,OData,SUCCESS,96.3,9.7,0
LOG-0001816,2026-09-06 11:26:46.079035,IF-004,SAP_ECC,B2B_VAN_SPS,INVOIC,RETRY,223.9,3.3,0
LOG-0000159,2026-09-06 11:33:33.079035,IF-008,SAP_CPI,3PL_PROVIDER,DESADV,SUCCESS,48.2,13.76,0
LOG-0000518,2026-09-06 12:02:12.079035,IF-007,SAP_S4HANA,DATA_LAKE,CDC,SUCCESS,57.2,51.35,0
LOG-0004522,2026-09-06 12:13:36.079035,IF-004,SAP_ECC,B2B_VAN_SPS,INVOIC,SUCCESS,58.3,39.11,0
LOG-0004310,2026-09-06 12:25:36.079035,IF-007,SAP_S4HANA,DATA_LAKE,CDC,SUCCESS,102.4,4.2,0
LOG-0000149,2026-09-06 12:35:33.079035,IF-007,SAP_S4HANA,DATA_LAKE,CDC,SUCCESS,105.0,3.24,0
LOG-0002024,2026-09-06 12:51:26.079035,IF-007,SAP_S4HANA,DATA_LAKE,CDC,SUCCESS,52.5,6.72,0
LOG-0002742,2026-09-06 12:52:50.079035,IF-002,SAP_S4HANA,WMS_MANHATTAN,DESADV,SUCCESS,96.3,1.86,0
LOG-0001487,2026-09-06 13:02:05.079035,IF-004,SAP_ECC,B2B_VAN_SPS,INVOIC,SUCCESS,75.2,5.35,0
LOG-0002300,2026-09-06 13:03:25.079035,IF-001,SAP_ECC,SFDC_CRM,ORDERS,SUCCESS,72.0,22.71,0
LOG-0000767,2026-09-06 13:03:51.079035,IF-007,SAP_S4HANA,DATA_LAKE,CDC,TIMEOUT,241.2,7.88,1
LOG-0000106,2026-09-06 13:14:21.079035,IF-001,SAP_ECC,SFDC_CRM,ORDERS,SUCCESS,20.3,1.22,0
LOG-0001127,2026-09-06 13:19:09.079035,IF-008,SAP_CPI,3PL_PROVIDER,DESADV,SUCCESS,42.5,1.89,0
LOG-0000394,2026-09-06 13:25:36.079035,IF-002,SAP_S4HANA,WMS_MANHATTAN,DESADV,SUCCESS,22.8,5.1,0
LOG-0000082,2026-09-06 13:52:20.079035,IF-006,LEGACY_MAINFRAME,SAP_ECC,MATMAS,SUCCESS,73.3,12.62,0
LOG-0001697,2026-09-06 14:08:31.079035,IF-005,SAP_S4HANA,BTP_APP,OData,SUCCESS,53.7,10.26,0
LOG-0003527,2026-09-06 14:28:32.079035,IF-003,SAP_S4HANA,ARIBA_NETWORK,ORDRSP,SUCCESS,27.1,19.36,0
LOG-0000281,2026-09-06 14:30:08.079035,IF-006,LEGACY_MAINFRAME,SAP_ECC,MATMAS,SUCCESS,42.7,4.09,0
LOG-0000902,2026-09-06 14:31:29.079035,IF-002,SAP_S4HANA,WMS_MANHATTAN,DESADV,SUCCESS,741.7,17.9,0
LOG-0000124,2026-09-06 14:50:23.079035,IF-003,SAP_S4HANA,ARIBA_NETWORK,ORDRSP,SUCCESS,61.7,2.19,0
LOG-0003255,2026-09-06 14:54:33.079035,IF-001,SAP_ECC,SFDC_CRM,ORDERS,SUCCESS,1142.8,8.37,0
LOG-0001566,2026-09-06 14:55:23.079035,IF-007,SAP_S4HANA,DATA_LAKE,CDC,SUCCESS,26.5,7.4,0
LOG-0002408,2026-09-06 14:57:10.079035,IF-003,SAP_S4HANA,ARIBA_NETWORK,ORDRSP,SUCCESS,42.4,20.59,0
LOG-0004262,2026-09-06 14:57:28.079035,IF-007,SAP_S4HANA,DATA_LAKE,CDC,SUCCESS,137.8,13.34,0
LOG-0004412,2026-09-06 15:00:00.079035,IF-004,SAP_ECC,B2B_VAN_SPS,INVOIC,SUCCESS,94.4,4.99,0
LOG-0004157,2026-09-06 15:07:14.079035,IF-001,SAP_ECC,SFDC_CRM,ORDERS,SUCCESS,78.3,10.32,0
LOG-0002636,2026-09-06 15:09:59.079035,IF-005,SAP_S4HANA,BTP_APP,OData,SUCCESS,51.6,9.03,0
LOG-0004106,2026-09-06 15:14:39.079035,IF-003,SAP_S4HANA,ARIBA_NETWORK,ORDRSP,SUCCESS,118.4,15.29,0
LOG-0003682,2026-09-06 15:23:50.079035,IF-007,SAP_S4HANA,DATA_LAKE,CDC,SUCCESS,202.6,5.47,0
LOG-0003371,2026-09-06 15:34:22.079035,IF-008,SAP_CPI,3PL_PROVIDER,DESADV,SUCCESS,53.9,12.85,0
LOG-0000942,2026-09-06 15:38:56.079035,IF-005,SAP_S4HANA,BTP_APP,OData,RETRY,120.2,9.36,1
LOG-0004161,2026-09-06 15:48:06.079035,IF-002,SAP_S4HANA,WMS_MANHATTAN,DESADV,SUCCESS,130.6,10.57,0
LOG-0003720,2026-09-06 15:50:04.079035,IF-007,SAP_S4HANA,DATA_LAKE,CDC,FAILED,56.3,2.61,3
LOG-0000292,2026-09-06 15:50:10.079035,IF-005,SAP_S4HANA,BTP_APP,OData,SUCCESS,56.7,2.93,0
LOG-0001787,2026-09-06 15:54:11.079035,IF-001,SAP_ECC,SFDC_CRM,ORDERS,SUCCESS,25.5,162.58,0
LOG-0002334,2026-09-06 15:55:45.079035,IF-004,SAP_ECC,B2B_VAN_SPS,INVOIC,SUCCESS,45.2,11.97,0
LOG-0000245,2026-09-06 15:59:20.079035,IF-006,LEGACY_MAINFRAME,SAP_ECC,MATMAS,SUCCESS,46.1,1.81,0
LOG-0001920,2026-09-06 16:02:00.079035,IF-005,SAP_S4HANA,BTP_APP,OData,SUCCESS,129.5,2.19,0
LOG-0001102,2026-09-06 16:04:13.079035,IF-006,LEGACY_MAINFRAME,SAP_ECC,MATMAS,SUCCESS,58.6,35.14,0
LOG-0002717,2026-09-06 16:07:35.079035,IF-001,SAP_ECC,SFDC_CRM,ORDERS,SUCCESS,142.4,3.53,0
LOG-0000642,2026-09-06 16:11:47.079035,IF-002,SAP_S4HANA,WMS_MANHATTAN,DESADV,SUCCESS,51.4,5.33,0
LOG-0002501,2026-09-06 16:13:40.079035,IF-001,SAP_ECC,SFDC_CRM,ORDERS,FAILED,134.1,4.11,2
LOG-0001209,2026-09-06 16:55:39.079035,IF-004,SAP_ECC,B2B_VAN_SPS,INVOIC,SUCCESS,93.2,1.46,0
LOG-0001279,2026-09-06 17:18:15.079035,IF-006,LEGACY_MAINFRAME,SAP_ECC,MATMAS,SUCCESS,44.2,1.76,0
LOG-0004074,2026-09-06 17:23:17.079035,IF-001,SAP_ECC,SFDC_CRM,ORDERS,SUCCESS,22.8,33.42,0
LOG-0004705,2026-09-06 17:23:41.079035,IF-004,SAP_ECC,B2B_VAN_SPS,INVOIC,SUCCESS,76.8,3.71,0
LOG-0000576,2026-09-06 17:24:26.079035,IF-002,SAP_S4HANA,WMS_MANHATTAN,DESADV,SUCCESS,46.2,10.98,0
LOG-0002345,2026-09-06 17:24:34.079035,IF-002,SAP_S4HANA,WMS_MANHATTAN,DESADV,SUCCESS,64.9,8.38,0
LOG-0001311,2026-09-06 17:26:40.079035,IF-006,LEGACY_MAINFRAME,SAP_ECC,MATMAS,SUCCESS,54.7,5.1,0
LOG-0001559,2026-09-06 17:26:41.079035,IF-003,SAP_S4HANA,ARIBA_NETWORK,ORDRSP,SUCCESS,50.3,1.59,0
LOG-0003135,2026-09-06 17:32:23.079035,IF-002,SAP_S4HANA,WMS_MANHATTAN,DESADV,SUCCESS,55.2,13.94,0
LOG-0002520,2026-09-06 17:39:53.079035,IF-002,SAP_S4HANA,WMS_MANHATTAN,DESADV,FAILED,22.1,18.38,2
LOG-0003353,2026-09-06 18:07:44.079035,IF-001,SAP_ECC,SFDC_CRM,ORDERS,SUCCESS,76.0,5.46,0
LOG-0004509,2026-09-06 18:26:40.079035,IF-001,SAP_ECC,SFDC_CRM,ORDERS,SUCCESS,88.9,1.49,0
LOG-0002006,2026-09-06 18:34:27.079035,IF-002,SAP_S4HANA,WMS_MANHATTAN,DESADV,RETRY,226.1,7.81,1
LOG-0004962,2026-09-06 18:49:11.079035,IF-003,SAP_S4HANA,ARIBA_NETWORK,ORDRSP,SUCCESS,125.5,10.95,0
LOG-0002969,2026-09-06 18:54:52.079035,IF-008,SAP_CPI,3PL_PROVIDER,DESADV,TIMEOUT,48.6,9.64,2
LOG-0001423,2026-09-06 18:58:10.079035,IF-003,SAP_S4HANA,ARIBA_NETWORK,ORDRSP,SUCCESS,96.0,3.75,0
LOG-0004355,2026-09-06 19:02:23.079035,IF-001,SAP_ECC,SFDC_CRM,ORDERS,SUCCESS,72.9,11.88,0
LOG-0001943,2026-09-06 19:30:46.079035,IF-001,SAP_ECC,SFDC_CRM,ORDERS,SUCCESS,21.9,10.53,0
LOG-0002081,2026-09-06 19:31:23.079035,IF-005,SAP_S4HANA,BTP_APP,OData,TIMEOUT,220.2,7.87,1
LOG-0004571,2026-09-06 19:34:06.079035,IF-003,SAP_S4HANA,ARIBA_NETWORK,ORDRSP,SUCCESS,283.3,14.0,0
LOG-0001272,2026-09-06 19:38:51.079035,IF-001,SAP_ECC,SFDC_CRM,ORDERS,SUCCESS,72.4,11.13,0
LOG-0000085,2026-09-06 19:58:30.079035,IF-001,SAP_ECC,SFDC_CRM,ORDERS,FAILED,52.3,12.24,2
LOG-0001845,2026-09-06 20:16:53.079035,IF-001,SAP_ECC,SFDC_CRM,ORDERS,SUCCESS,43.0,17.95,0
LOG-0000086,2026-09-06 20:51:25.079035,IF-007,SAP_S4HANA,DATA_LAKE,CDC,SUCCESS,186.2,12.72,0
LOG-0000252,2026-09-06 20:55:28.079035,IF-003,SAP_S4HANA,ARIBA_NETWORK,ORDRSP,SUCCESS,103.9,23.54,0
LOG-0000768,2026-09-06 20:59:08.079035,IF-004,SAP_ECC,B2B_VAN_SPS,INVOIC,SUCCESS,37.3,21.88,0
LOG-0004902,2026-09-06 21:18:25.079035,IF-007,SAP_S4HANA,DATA_LAKE,CDC,SUCCESS,111.0,35.18,0
LOG-0000679,2026-09-06 21:26:59.079035,IF-007,SAP_S4HANA,DATA_LAKE,CDC,SUCCESS,110.7,68.24,0
LOG-0003536,2026-09-06 21:35:54.079035,IF-005,SAP_S4HANA,BTP_APP,OData,SUCCESS,91.5,4.25,0
LOG-0001586,2026-09-06 21:42:45.079035,IF-006,LEGACY_MAINFRAME,SAP_ECC,MATMAS,SUCCESS,20.3,10.86,0
LOG-0003052,2026-09-06 22:30:40.079035,IF-004,SAP_ECC,B2B_VAN_SPS,INVOIC,SUCCESS,101.5,4.72,0
LOG-0004656,2026-09-06 22:30:47.079035,IF-005,SAP_S4HANA,BTP_APP,OData,SUCCESS,45.3,0.75,0
LOG-0001453,2026-09-06 22:34:17.079035,IF-005,SAP_S4HANA,BTP_APP,OData,SUCCESS,49.2,6.32,0
LOG-0002201,2026-09-06 22:37:18.079035,IF-006,LEGACY_MAINFRAME,SAP_ECC,MATMAS,SUCCESS,146.8,3.5,0
LOG-0002287,2026-09-06 22:51:20.079035,IF-001,SAP_ECC,SFDC_CRM,ORDERS,SUCCESS,52.3,11.77,0
LOG-0001745,2026-09-06 22:53:03.079035,IF-008,SAP_CPI,3PL_PROVIDER,DESADV,SUCCESS,56.3,12.55,0
LOG-0002532,2026-09-06 22:59:12.079035,IF-004,SAP_ECC,B2B_VAN_SPS,INVOIC,SUCCESS,398.6,19.14,0
LOG-0003233,2026-09-06 23:13:35.079035,IF-002,SAP_S4HANA,WMS_MANHATTAN,DESADV,SUCCESS,81.2,2.85,0
LOG-0001078,2026-09-06 23:39:00.079035,IF-005,SAP_S4HANA,BTP_APP,OData,SUCCESS,55.2,2.9,0
LOG-0003149,2026-09-06 23:54:54.079035,IF-003,SAP_S4HANA,ARIBA_NETWORK,ORDRSP,SUCCESS,60.1,17.74,0
LOG-0001230,2026-09-07 00:01:01.079035,IF-005,SAP_S4HANA,BTP_APP,OData,SUCCESS,190.6,15.07,0
LOG-0002628,2026-09-07 00:02:29.079035,IF-006,LEGACY_MAINFRAME,SAP_ECC,MATMAS,TIMEOUT,48.5,20.05,0
LOG-0001391,2026-09-07 00:02:29.079035,IF-007,SAP_S4HANA,DATA_LAKE,CDC,SUCCESS,179.1,19.02,0
LOG-0003217,2026-09-07 00:07:03.079035,IF-007,SAP_S4HANA,DATA_LAKE,CDC,SUCCESS,132.9,3.98,0
LOG-0000932,2026-09-07 00:09:55.079035,IF-001,SAP_ECC,SFDC_CRM,ORDERS,SUCCESS,126.3,27.32,0
LOG-0000495,2026-09-07 00:13:08.079035,IF-008,SAP_CPI,3PL_PROVIDER,DESADV,SUCCESS,112.4,1.65,0
LOG-0003751,2026-09-07 00:14:47.079035,IF-007,SAP_S4HANA,DATA_LAKE,CDC,RETRY,33.7,5.05,0
LOG-0000654,2026-09-07 00:25:43.079035,IF-002,SAP_S4HANA,WMS_MANHATTAN,DESADV,SUCCESS,91.9,16.06,0
LOG-0000864,2026-09-07 00:33:42.079035,IF-007,SAP_S4HANA,DATA_LAKE,CDC,SUCCESS,96.6,8.35,0
LOG-0000431,2026-09-07 00:56:35.079035,IF-008,SAP_CPI,3PL_PROVIDER,DESADV,SUCCESS,48.5,2.39,0
LOG-0000539,2026-09-07 00:59:16.079035,IF-001,SAP_ECC,SFDC_CRM,ORDERS,FAILED,57.4,13.27,1
LOG-0001701,2026-09-07 01:10:34.079035,IF-001,SAP_ECC,SFDC_CRM,ORDERS,FAILED,32.9,11.16,1
LOG-0004404,2026-09-07 01:12:11.079035,IF-006,LEGACY_MAINFRAME,SAP_ECC,MATMAS,SUCCESS,65.7,12.1,0
LOG-0004118,2026-09-07 01:14:05.079035,IF-007,SAP_S4HANA,DATA_LAKE,CDC,SUCCESS,56.9,20.5,0
LOG-0000053,2026-09-07 01:28:49.079035,IF-008,SAP_CPI,3PL_PROVIDER,DESADV,SUCCESS,68.2,16.46,0
LOG-0003221,2026-09-07 01:51:03.079035,IF-002,SAP_S4HANA,WMS_MANHATTAN,DESADV,SUCCESS,136.1,6.78,0
LOG-0001577,2026-09-07 01:57:34.079035,IF-004,SAP_ECC,B2B_VAN_SPS,INVOIC,SUCCESS,21.8,64.5,0
LOG-0001501,2026-09-07 02:27:32.079035,IF-005,SAP_S4HANA,BTP_APP,OData,SUCCESS,52.2,28.78,0
LOG-0001536,2026-09-07 02:33:09.079035,IF-005,SAP_S4HANA,BTP_APP,OData,SUCCESS,91.4,19.86,0
LOG-0002374,2026-09-07 02:44:11.079035,IF-005,SAP_S4HANA,BTP_APP,OData,SUCCESS,25.2,3.37,0
LOG-0001132,2026-09-07 02:49:28.079035,IF-004,SAP_ECC,B2B_VAN_SPS,INVOIC,SUCCESS,60.0,2.53,0
LOG-0003204,2026-09-07 03:35:50.079035,IF-007,SAP_S4HANA,DATA_LAKE,CDC,SUCCESS,170.6,0.4,0
LOG-0001673,2026-09-07 03:47:10.079035,IF-002,SAP_S4HANA,WMS_MANHATTAN,DESADV,SUCCESS,54.9,5.62,0
LOG-0000266,2026-09-07 03:57:03.079035,IF-002,SAP_S4HANA,WMS_MANHATTAN,DESADV,SUCCESS,35.0,75.97,0
LOG-0003592,2026-09-07 04:04:54.079035,IF-001,SAP_ECC,SFDC_CRM,ORDERS,SUCCESS,56.4,3.46,0
LOG-0004178,2026-09-07 04:07:47.079035,IF-007,SAP_S4HANA,DATA_LAKE,CDC,SUCCESS,80.1,5.84,0
LOG-0004955,2026-09-07 04:11:59.079035,IF-002,SAP_S4HANA,WMS_MANHATTAN,DESADV,SUCCESS,184.8,13.64,0
LOG-0003858,2026-09-07 04:17:15.079035,IF-004,SAP_ECC,B2B_VAN_SPS,INVOIC,SUCCESS,97.6,8.36,0
LOG-0000173,2026-09-07 04:20:56.079035,IF-007,SAP_S4HANA,DATA_LAKE,CDC,SUCCESS,329.8,29.0,0
LOG-0003649,2026-09-07 04:26:20.079035,IF-004,SAP_ECC,B2B_VAN_SPS,INVOIC,SUCCESS,89.8,10.1,0
LOG-0000780,2026-09-07 04:27:52.079035,IF-004,SAP_ECC,B2B_VAN_SPS,INVOIC,SUCCESS,52.2,7.68,0
LOG-0003312,2026-09-07 04:32:17.079035,IF-003,SAP_S4HANA,ARIBA_NETWORK,ORDRSP,SUCCESS,593.2,29.75,0
LOG-0001113,2026-09-07 04:34:15.079035,IF-004,SAP_ECC,B2B_VAN_SPS,INVOIC,FAILED,104.9,0.61,3
LOG-0004050,2026-09-07 04:39:29.079035,IF-006,LEGACY_MAINFRAME,SAP_ECC,MATMAS,SUCCESS,49.8,1.86,0
LOG-0003364,2026-09-07 04:58:00.079035,IF-004,SAP_ECC,B2B_VAN_SPS,INVOIC,SUCCESS,39.9,12.58,0
LOG-0003676,2026-09-07 05:04:24.079035,IF-006,LEGACY_MAINFRAME,SAP_ECC,MATMAS,SUCCESS,110.9,13.18,0
LOG-0002680,2026-09-07 05:07:03.079035,IF-003,SAP_S4HANA,ARIBA_NETWORK,ORDRSP,SUCCESS,21.1,7.44,0
LOG-0004543,2026-09-07 05:14:11.079035,IF-003,SAP_S4HANA,ARIBA_NETWORK,ORDRSP,SUCCESS,48.8,10.17,0
LOG-0001072,2026-09-07 05:23:39.079035,IF-006,LEGACY_MAINFRAME,SAP_ECC,MATMAS,SUCCESS,152.8,2.68,0
LOG-0003250,2026-09-07 05:25:48.079035,IF-001,SAP_ECC,SFDC_CRM,ORDERS,SUCCESS,96.2,7.02,0
LOG-0004338,2026-09-07 05:25:49.079035,IF-006,LEGACY_MAINFRAME,SAP_ECC,MATMAS,FAILED,1401.2,13.9,2
LOG-0002469,2026-09-07 05:40:54.079035,IF-001,SAP_ECC,SFDC_CRM,ORDERS,RETRY,54.9,17.77,1
LOG-0004152,2026-09-07 05:57:49.079035,IF-004,SAP_ECC,B2B_VAN_SPS,INVOIC,SUCCESS,95.7,5.92,0
LOG-0004454,2026-09-07 06:39:04.079035,IF-007,SAP_S4HANA,DATA_LAKE,CDC,SUCCESS,47.4,9.36,0
LOG-0000649,2026-09-07 06:42:24.079035,IF-002,SAP_S4HANA,WMS_MANHATTAN,DESADV,SUCCESS,112.5,7.51,0
LOG-0003049,2026-09-07 07:17:56.079035,IF-001,SAP_ECC,SFDC_CRM,ORDERS,SUCCESS,101.2,103.32,0
LOG-0003277,2026-09-07 07:20:16.079035,IF-001,SAP_ECC,SFDC_CRM,ORDERS,SUCCESS,50.6,3.17,0
LOG-0001772,2026-09-07 07:23:20.079035,IF-001,SAP_ECC,SFDC_CRM,ORDERS,SUCCESS,133.5,5.63,0
LOG-0004919,2026-09-07 07:47:24.079035,IF-002,SAP_S4HANA,WMS_MANHATTAN,DESADV,SUCCESS,44.3,70.85,0
LOG-0004721,2026-09-07 07:54:01.079035,IF-001,SAP_ECC,SFDC_CRM,ORDERS,SUCCESS,22.7,0.64,0
LOG-0000209,2026-09-07 08:03:43.079035,IF-007,SAP_S4HANA,DATA_LAKE,CDC,SUCCESS,108.1,40.19,0
LOG-0001060,2026-09-07 08:43:56.079035,IF-002,SAP_S4HANA,WMS_MANHATTAN,DESADV,SUCCESS,15.6,13.85,0
LOG-0000260,2026-09-07 08:50:04.079035,IF-003,SAP_S4HANA,ARIBA_NETWORK,ORDRSP,SUCCESS,33.0,13.41,0
LOG-0002787,2026-09-07 08:53:29.079035,IF-002,SAP_S4HANA,WMS_MANHATTAN,DESADV,SUCCESS,63.0,8.8,0
LOG-0001542,2026-09-07 09:19:22.079035,IF-005,SAP_S4HANA,BTP_APP,OData,SUCCESS,38.3,10.83,0
LOG-0002493,2026-09-07 09:30:04.079035,IF-008,SAP_CPI,3PL_PROVIDER,DESADV,SUCCESS,69.6,2.0,0
LOG-0000017,2026-09-07 09:48:46.079035,IF-006,LEGACY_MAINFRAME,SAP_ECC,MATMAS,SUCCESS,106.4,30.49,0
LOG-0001287,2026-09-07 09:49:12.079035,IF-008,SAP_CPI,3PL_PROVIDER,DESADV,SUCCESS,195.4,1.94,0
LOG-0002714,2026-09-07 09:49:38.079035,IF-005,SAP_S4HANA,BTP_APP,OData,SUCCESS,32.3,4.39,0
LOG-0002838,2026-09-07 09:51:28.079035,IF-005,SAP_S4HANA,BTP_APP,OData,SUCCESS,65.6,11.7,0
LOG-0003753,2026-09-07 10:01:12.079035,IF-007,SAP_S4HANA,DATA_LAKE,CDC,SUCCESS,77.7,9.7,0
LOG-0003366,2026-09-07 10:14:21.079035,IF-003,SAP_S4HANA,ARIBA_NETWORK,ORDRSP,SUCCESS,67.2,17.35,0
LOG-0004769,2026-09-07 10:17:44.079035,IF-003,SAP_S4HANA,ARIBA_NETWORK,ORDRSP,FAILED,29.6,1.83,1
LOG-0001441,2026-09-07 10:19:09.079035,IF-003,SAP_S4HANA,ARIBA_NETWORK,ORDRSP,SUCCESS,47.0,5.9,0
LOG-0003305,2026-09-07 10:37:42.079035,IF-002,SAP_S4HANA,WMS_MANHATTAN,DESADV,FAILED,24.5,9.42,3
LOG-0003492,2026-09-07 10:41:07.079035,IF-004,SAP_ECC,B2B_VAN_SPS,INVOIC,SUCCESS,75.2,10.33,0
LOG-0003535,2026-09-07 10:42:05.079035,IF-003,SAP_S4HANA,ARIBA_NETWORK,ORDRSP,SUCCESS,51.1,20.29,0
LOG-0001299,2026-09-07 10:45:34.079035,IF-007,SAP_S4HANA,DATA_LAKE,CDC,FAILED,80.4,3.09,0
LOG-0000269,2026-09-07 10:48:02.079035,IF-008,SAP_CPI,3PL_PROVIDER,DESADV,SUCCESS,76.1,1.17,0
LOG-0001908,2026-09-07 10:48:40.079035,IF-003,SAP_S4HANA,ARIBA_NETWORK,ORDRSP,SUCCESS,84.4,13.0,0
LOG-0000448,2026-09-07 10:50:16.079035,IF-007,SAP_S4HANA,DATA_LAKE,CDC,SUCCESS,54.4,6.11,0
LOG-0000313,2026-09-07 11:08:55.079035,IF-007,SAP_S4HANA,DATA_LAKE,CDC,SUCCESS,73.0,4.54,0
LOG-0001995,2026-09-07 11:13:15.079035,IF-002,SAP_S4HANA,WMS_MANHATTAN,DESADV,SUCCESS,194.7,16.14,0
LOG-0004626,2026-09-07 11:20:22.079035,IF-005,SAP_S4HANA,BTP_APP,OData,SUCCESS,83.8,2.2,0
LOG-0001842,2026-09-07 11:20:38.079035,IF-004,SAP_ECC,B2B_VAN_SPS,INVOIC,SUCCESS,21.7,9.01,0
LOG-0003432,2026-09-07 11:28:24.079035,IF-005,SAP_S4HANA,BTP_APP,OData,SUCCESS,46.7,13.02,0
LOG-0000989,2026-09-07 11:30:49.079035,IF-004,SAP_ECC,B2B_VAN_SPS,INVOIC,SUCCESS,105.5,9.29,0
LOG-0003111,2026-09-07 11:39:10.079035,IF-008,SAP_CPI,3PL_PROVIDER,DESADV,SUCCESS,129.7,12.07,0
LOG-0003088,2026-09-07 11:39:24.079035,IF-008,SAP_CPI,3PL_PROVIDER,DESADV,SUCCESS,147.5,4.96,0
LOG-0004661,2026-09-07 11:44:42.079035,IF-005,SAP_S4HANA,BTP_APP,OData,SUCCESS,102.3,17.14,0
LOG-0002635,2026-09-07 11:46:37.079035,IF-001,SAP_ECC,SFDC_CRM,ORDERS,SUCCESS,32.2,1.67,0
LOG-0002134,2026-09-07 11:57:33.079035,IF-004,SAP_ECC,B2B_VAN_SPS,INVOIC,SUCCESS,62.3,43.66,0
LOG-0001696,2026-09-07 12:04:00.079035,IF-001,SAP_ECC,SFDC_CRM,ORDERS,SUCCESS,91.9,2.49,0
LOG-0004960,2026-09-07 12:11:15.079035,IF-003,SAP_S4HANA,ARIBA_NETWORK,ORDRSP,SUCCESS,30.5,4.02,0
LOG-0003377,2026-09-07 12:27:28.079035,IF-003,SAP_S4HANA,ARIBA_NETWORK,ORDRSP,FAILED,27.5,33.32,3
LOG-0002802,2026-09-07 12:31:11.079035,IF-002,SAP_S4HANA,WMS_MANHATTAN,DESADV,SUCCESS,150.5,9.33,0
LOG-0000249,2026-09-07 12:37:26.079035,IF-004,SAP_ECC,B2B_VAN_SPS,INVOIC,SUCCESS,34.2,8.01,0
LOG-0000430,2026-09-07 12:48:42.079035,IF-005,SAP_S4HANA,BTP_APP,OData,SUCCESS,99.8,3.89,0
LOG-0001519,2026-09-07 12:55:52.079035,IF-006,LEGACY_MAINFRAME,SAP_ECC,MATMAS,SUCCESS,37.5,8.64,0
LOG-0004151,2026-09-07 12:59:19.079035,IF-003,SAP_S4HANA,ARIBA_NETWORK,ORDRSP,SUCCESS,37.6,7.9,0
LOG-0000107,2026-09-07 13:12:57.079035,IF-002,SAP_S4HANA,WMS_MANHATTAN,DESADV,RETRY,208.9,16.32,3
LOG-0000816,2026-09-07 13:13:22.079035,IF-001,SAP_ECC,SFDC_CRM,ORDERS,SUCCESS,92.9,7.2,0
LOG-0001212,2026-09-07 13:15:47.079035,IF-006,LEGACY_MAINFRAME,SAP_ECC,MATMAS,SUCCESS,22.4,1.27,0
LOG-0001938,2026-09-07 13:16:20.079035,IF-002,SAP_S4HANA,WMS_MANHATTAN,DESADV,TIMEOUT,202.3,16.66,3
LOG-0004208,2026-09-07 14:04:50.079035,IF-001,SAP_ECC,SFDC_CRM,ORDERS,FAILED,1275.7,14.87,0
LOG-0002340,2026-09-07 14:11:25.079035,IF-001,SAP_ECC,SFDC_CRM,ORDERS,TIMEOUT,44.8,1.97,2
LOG-0003847,2026-09-07 14:20:46.079035,IF-006,LEGACY_MAINFRAME,SAP_ECC,MATMAS,SUCCESS,46.7,2.16,0
LOG-0004890,2026-09-07 14:29:31.079035,IF-002,SAP_S4HANA,WMS_MANHATTAN,DESADV,SUCCESS,23.1,1.6,0
LOG-0001859,2026-09-07 14:32:42.079035,IF-003,SAP_S4HANA,ARIBA_NETWORK,ORDRSP,SUCCESS,18.0,12.1,0
LOG-0003177,2026-09-07 14:37:47.079035,IF-007,SAP_S4HANA,DATA_LAKE,CDC,SUCCESS,77.2,27.04,0
LOG-0004140,2026-09-07 14:38:47.079035,IF-005,SAP_S4HANA,BTP_APP,OData,SUCCESS,65.5,2.84,0
LOG-0003142,2026-09-07 14:41:58.079035,IF-005,SAP_S4HANA,BTP_APP,OData,FAILED,79.6,9.75,1
LOG-0001438,2026-09-07 14:57:22.079035,IF-008,SAP_CPI,3PL_PROVIDER,DESADV,SUCCESS,199.9,3.97,0
LOG-0002229,2026-09-07 15:08:55.079035,IF-005,SAP_S4HANA,BTP_APP,OData,SUCCESS,112.3,11.68,0
LOG-0004997,2026-09-07 15:12:34.079035,IF-005,SAP_S4HANA,BTP_APP,OData,SUCCESS,29.0,1.61,0
LOG-0001222,2026-09-07 15:20:43.079035,IF-007,SAP_S4HANA,DATA_LAKE,CDC,SUCCESS,98.7,13.91,0
LOG-0001826,2026-09-07 15:48:50.079035,IF-004,SAP_ECC,B2B_VAN_SPS,INVOIC,SUCCESS,32.9,11.28,0
LOG-0001971,2026-09-07 15:52:15.079035,IF-006,LEGACY_MAINFRAME,SAP_ECC,MATMAS,SUCCESS,51.3,3.79,0
LOG-0004747,2026-09-07 16:04:52.079035,IF-008,SAP_CPI,3PL_PROVIDER,DESADV,SUCCESS,71.6,8.73,0
LOG-0004073,2026-09-07 16:53:23.079035,IF-004,SAP_ECC,B2B_VAN_SPS,INVOIC,SUCCESS,38.6,1.6,0
LOG-0002685,2026-09-07 17:03:04.079035,IF-004,SAP_ECC,B2B_VAN_SPS,INVOIC,SUCCESS,126.9,3.42,0
LOG-0001486,2026-09-07 17:07:29.079035,IF-007,SAP_S4HANA,DATA_LAKE,CDC,SUCCESS,52.3,8.18,0
LOG-0000653,2026-09-07 17:11:34.079035,IF-002,SAP_S4HANA,WMS_MANHATTAN,DESADV,SUCCESS,51.4,12.65,0
LOG-0001503,2026-09-07 17:16:00.079035,IF-002,SAP_S4HANA,WMS_MANHATTAN,DESADV,SUCCESS,66.6,2.03,0
LOG-0002054,2026-09-07 17:19:00.079035,IF-004,SAP_ECC,B2B_VAN_SPS,INVOIC,SUCCESS,67.7,3.49,0
LOG-0000857,2026-09-07 17:41:37.079035,IF-006,LEGACY_MAINFRAME,SAP_ECC,MATMAS,SUCCESS,69.1,0.72,0
LOG-0000948,2026-09-07 17:42:41.079035,IF-002,SAP_S4HANA,WMS_MANHATTAN,DESADV,SUCCESS,71.0,6.24,0
LOG-0003152,2026-09-07 17:49:08.079035,IF-003,SAP_S4HANA,ARIBA_NETWORK,ORDRSP,RETRY,41.7,1.98,0
LOG-0002027,2026-09-07 17:54:32.079035,IF-005,SAP_S4HANA,BTP_APP,OData,SUCCESS,42.8,3.73,0
LOG-0001100,2026-09-07 18:08:07.079035,IF-005,SAP_S4HANA,BTP_APP,OData,SUCCESS,135.5,5.51,0
LOG-0001050,2026-09-07 18:11:48.079035,IF-002,SAP_S4HANA,WMS_MANHATTAN,DESADV,SUCCESS,372.2,6.91,0
LOG-0002655,2026-09-07 18:14:27.079035,IF-003,SAP_S4HANA,ARIBA_NETWORK,ORDRSP,SUCCESS,31.9,4.34,0
LOG-0004277,2026-09-07 18:21:34.079035,IF-001,SAP_ECC,SFDC_CRM,ORDERS,SUCCESS,796.1,1.61,0
LOG-0001632,2026-09-07 18:24:18.079035,IF-005,SAP_S4HANA,BTP_APP,OData,SUCCESS,32.0,4.84,0
LOG-0002064,2026-09-07 18:24:36.079035,IF-003,SAP_S4HANA,ARIBA_NETWORK,ORDRSP,SUCCESS,102.2,10.04,0
LOG-0000890,2026-09-07 18:32:52.079035,IF-003,SAP_S4HANA,ARIBA_NETWORK,ORDRSP,SUCCESS,46.9,27.57,0
LOG-0004909,2026-09-07 18:36:03.079035,IF-002,SAP_S4HANA,WMS_MANHATTAN,DESADV,SUCCESS,22.1,6.9,0
LOG-0003340,2026-09-07 18:38:59.079035,IF-001,SAP_ECC,SFDC_CRM,ORDERS,SUCCESS,72.1,32.07,0
LOG-0003632,2026-09-07 18:52:14.079035,IF-007,SAP_S4HANA,DATA_LAKE,CDC,SUCCESS,46.3,10.17,0
LOG-0000360,2026-09-07 19:03:59.079035,IF-001,SAP_ECC,SFDC_CRM,ORDERS,SUCCESS,42.4,3.29,0
LOG-0000991,2026-09-07 19:12:20.079035,IF-004,SAP_ECC,B2B_VAN_SPS,INVOIC,SUCCESS,69.1,17.76,0
LOG-0003283,2026-09-07 19:12:26.079035,IF-004,SAP_ECC,B2B_VAN_SPS,INVOIC,SUCCESS,60.3,2.17,0
LOG-0004650,2026-09-07 19:16:46.079035,IF-004,SAP_ECC,B2B_VAN_SPS,INVOIC,SUCCESS,151.9,21.96,0
LOG-0000844,2026-09-07 19:25:44.079035,IF-006,LEGACY_MAINFRAME,SAP_ECC,MATMAS,SUCCESS,59.8,24.95,0
LOG-0001603,2026-09-07 19:29:49.079035,IF-006,LEGACY_MAINFRAME,SAP_ECC,MATMAS,SUCCESS,34.4,35.39,0
LOG-0004430,2026-09-07 19:35:02.079035,IF-004,SAP_ECC,B2B_VAN_SPS,INVOIC,SUCCESS,44.8,5.2,0
LOG-0004676,2026-09-07 19:36:15.079035,IF-001,SAP_ECC,SFDC_CRM,ORDERS,SUCCESS,78.4,3.66,0
LOG-0004985,2026-09-07 19:43:52.079035,IF-007,SAP_S4HANA,DATA_LAKE,CDC,SUCCESS,71.5,0.91,0
LOG-0001059,2026-09-07 19:58:27.079035,IF-003,SAP_S4HANA,ARIBA_NETWORK,ORDRSP,SUCCESS,16.9,7.31,0
LOG-0002780,2026-09-07 20:02:36.079035,IF-004,SAP_ECC,B2B_VAN_SPS,INVOIC,SUCCESS,37.6,7.69,0
LOG-0003587,2026-09-07 20:04:33.079035,IF-003,SAP_S4HANA,ARIBA_NETWORK,ORDRSP,SUCCESS,153.2,8.17,0
LOG-0002230,2026-09-07 20:13:36.079035,IF-005,SAP_S4HANA,BTP_APP,OData,SUCCESS,90.4,6.05,0
LOG-0001176,2026-09-07 20:13:59.079035,IF-007,SAP_S4HANA,DATA_LAKE,CDC,SUCCESS,54.1,3.15,0
LOG-0000284,2026-09-07 20:15:54.079035,IF-006,LEGACY_MAINFRAME,SAP_ECC,MATMAS,SUCCESS,196.8,3.05,0
LOG-0004464,2026-09-07 20:16:24.079035,IF-004,SAP_ECC,B2B_VAN_SPS,INVOIC,SUCCESS,47.7,5.82,0
LOG-0000050,2026-09-07 20:29:29.079035,IF-005,SAP_S4HANA,BTP_APP,OData,FAILED,77.9,3.44,0
LOG-0004380,2026-09-07 20:40:38.079035,IF-007,SAP_S4HANA,DATA_LAKE,CDC,SUCCESS,77.3,4.1,0
LOG-0001277,2026-09-07 20:48:31.079035,IF-004,SAP_ECC,B2B_VAN_SPS,INVOIC,SUCCESS,18.8,3.92,0
LOG-0004792,2026-09-07 21:05:39.079035,IF-003,SAP_S4HANA,ARIBA_NETWORK,ORDRSP,SUCCESS,33.4,25.16,0
LOG-0001422,2026-09-07 21:09:50.079035,IF-007,SAP_S4HANA,DATA_LAKE,CDC,SUCCESS,234.6,10.75,0
LOG-0004662,2026-09-07 21:20:36.079035,IF-004,SAP_ECC,B2B_VAN_SPS,INVOIC,SUCCESS,69.1,8.86,0
LOG-0002936,2026-09-07 21:30:30.079035,IF-004,SAP_ECC,B2B_VAN_SPS,INVOIC,SUCCESS,115.7,3.16,0
LOG-0002461,2026-09-07 21:48:32.079035,IF-005,SAP_S4HANA,BTP_APP,OData,SUCCESS,52.7,18.16,0
LOG-0001991,2026-09-07 21:49:38.079035,IF-006,LEGACY_MAINFRAME,SAP_ECC,MATMAS,SUCCESS,117.3,2.03,0
LOG-0001728,2026-09-07 22:02:38.079035,IF-002,SAP_S4HANA,WMS_MANHATTAN,DESADV,SUCCESS,38.8,10.82,0
LOG-0001502,2026-09-07 22:04:43.079035,IF-001,SAP_ECC,SFDC_CRM,ORDERS,SUCCESS,91.6,10.58,0
LOG-0002105,2026-09-07 22:17:48.079035,IF-004,SAP_ECC,B2B_VAN_SPS,INVOIC,SUCCESS,123.4,4.43,0
LOG-0003102,2026-09-07 22:26:51.079035,IF-002,SAP_S4HANA,WMS_MANHATTAN,DESADV,SUCCESS,44.8,9.49,0
LOG-0003513,2026-09-07 22:39:50.079035,IF-002,SAP_S4HANA,WMS_MANHATTAN,DESADV,SUCCESS,59.9,2.35,0
LOG-0000113,2026-09-07 22:51:29.079035,IF-002,SAP_S4HANA,WMS_MANHATTAN,DESADV,SUCCESS,113.3,10.09,0
LOG-0001047,2026-09-07 22:52:35.079035,IF-005,SAP_S4HANA,BTP_APP,OData,SUCCESS,23.6,3.39,0
LOG-0000242,2026-09-07 22:53:16.079035,IF-001,SAP_ECC,SFDC_CRM,ORDERS,SUCCESS,56.8,5.71,0
LOG-0003027,2026-09-07 22:54:13.079035,IF-003,SAP_S4HANA,ARIBA_NETWORK,ORDRSP,SUCCESS,104.1,19.76,0
LOG-0001062,2026-09-07 22:59:35.079035,IF-006,LEGACY_MAINFRAME,SAP_ECC,MATMAS,SUCCESS,68.8,11.54,0
LOG-0004300,2026-09-07 23:12:48.079035,IF-007,SAP_S4HANA,DATA_LAKE,CDC,SUCCESS,105.9,0.82,0
LOG-0003511,2026-09-07 23:15:04.079035,IF-001,SAP_ECC,SFDC_CRM,ORDERS,SUCCESS,45.3,12.5,0
LOG-0002062,2026-09-07 23:20:46.079035,IF-005,SAP_S4HANA,BTP_APP,OData,SUCCESS,119.0,7.78,0
LOG-0003215,2026-09-07 23:29:31.079035,IF-001,SAP_ECC,SFDC_CRM,ORDERS,RETRY,43.4,6.89,2
LOG-0000376,2026-09-07 23:31:44.079035,IF-005,SAP_S4HANA,BTP_APP,OData,SUCCESS,166.1,9.74,0
LOG-0002074,2026-09-07 23:51:49.079035,IF-001,SAP_ECC,SFDC_CRM,ORDERS,SUCCESS,64.5,5.3,0
LOG-0000069,2026-09-07 23:52:40.079035,IF-006,LEGACY_MAINFRAME,SAP_ECC,MATMAS,SUCCESS,115.4,14.84,0
LOG-0002932,2026-09-08 00:02:04.079035,IF-001,SAP_ECC,SFDC_CRM,ORDERS,SUCCESS,177.3,9.59,0
LOG-0004652,2026-09-08 00:25:15.079035,IF-003,SAP_S4HANA,ARIBA_NETWORK,ORDRSP,SUCCESS,104.9,1.72,0
LOG-0001104,2026-09-08 00:25:29.079035,IF-007,SAP_S4HANA,DATA_LAKE,CDC,SUCCESS,24.6,9.64,0
LOG-0004402,2026-09-08 00:46:05.079035,IF-003,SAP_S4HANA,ARIBA_NETWORK,ORDRSP,SUCCESS,130.6,8.1,0
LOG-0002379,2026-09-08 00:47:45.079035,IF-005,SAP_S4HANA,BTP_APP,OData,SUCCESS,56.3,8.03,0
LOG-0003725,2026-09-08 00:52:43.079035,IF-002,SAP_S4HANA,WMS_MANHATTAN,DESADV,FAILED,293.7,7.27,2
LOG-0000019,2026-09-08 00:55:29.079035,IF-003,SAP_S4HANA,ARIBA_NETWORK,ORDRSP,SUCCESS,61.1,4.51,0
LOG-0003834,2026-09-08 00:57:06.079035,IF-007,SAP_S4HANA,DATA_LAKE,CDC,SUCCESS,58.0,6.42,0
LOG-0000686,2026-09-08 00:58:40.079035,IF-004,SAP_ECC,B2B_VAN_SPS,INVOIC,SUCCESS,34.9,7.97,0
LOG-0003849,2026-09-08 01:01:48.079035,IF-001,SAP_ECC,SFDC_CRM,ORDERS,SUCCESS,134.0,19.79,0
LOG-0004580,2026-09-08 01:03:47.079035,IF-002,SAP_S4HANA,WMS_MANHATTAN,DESADV,SUCCESS,90.3,19.8,0
LOG-0004755,2026-09-08 01:12:32.079035,IF-008,SAP_CPI,3PL_PROVIDER,DESADV,RETRY,55.7,6.79,3
LOG-0000745,2026-09-08 01:13:24.079035,IF-007,SAP_S4HANA,DATA_LAKE,CDC,SUCCESS,56.4,3.94,0
LOG-0001337,2026-09-08 01:27:16.079035,IF-007,SAP_S4HANA,DATA_LAKE,CDC,SUCCESS,14.3,122.71,0
LOG-0001870,2026-09-08 01:30:12.079035,IF-008,SAP_CPI,3PL_PROVIDER,DESADV,SUCCESS,34.6,71.84,0
LOG-0003608,2026-09-08 01:37:41.079035,IF-003,SAP_S4HANA,ARIBA_NETWORK,ORDRSP,SUCCESS,32.7,20.7,0
LOG-0003933,2026-09-08 01:52:50.079035,IF-007,SAP_S4HANA,DATA_LAKE,CDC,SUCCESS,91.0,18.8,0
LOG-0000142,2026-09-08 02:02:58.079035,IF-003,SAP_S4HANA,ARIBA_NETWORK,ORDRSP,SUCCESS,83.5,2.73,0
LOG-0000034,2026-09-08 02:08:04.079035,IF-003,SAP_S4HANA,ARIBA_NETWORK,ORDRSP,SUCCESS,39.7,2.01,0
LOG-0003641,2026-09-08 02:13:17.079035,IF-004,SAP_ECC,B2B_VAN_SPS,INVOIC,SUCCESS,98.8,6.46,0
LOG-0003893,2026-09-08 02:25:46.079035,IF-003,SAP_S4HANA,ARIBA_NETWORK,ORDRSP,SUCCESS,46.0,2.22,0
LOG-0004896,2026-09-08 02:39:56.079035,IF-001,SAP_ECC,SFDC_CRM,ORDERS,FAILED,223.0,5.85,1
LOG-0001525,2026-09-08 02:45:39.079035,IF-008,SAP_CPI,3PL_PROVIDER,DESADV,SUCCESS,46.0,3.17,0
LOG-0002003,2026-09-08 03:13:26.079035,IF-004,SAP_ECC,B2B_VAN_SPS,INVOIC,FAILED,102.7,15.77,3
LOG-0001186,2026-09-08 03:38:55.079035,IF-001,SAP_ECC,SFDC_CRM,ORDERS,SUCCESS,77.3,12.37,0
LOG-0003685,2026-09-08 03:39:05.079035,IF-001,SAP_ECC,SFDC_CRM,ORDERS,SUCCESS,96.6,8.7,0
LOG-0004318,2026-09-08 03:45:35.079035,IF-008,SAP_CPI,3PL_PROVIDER,DESADV,SUCCESS,73.0,7.41,0
LOG-0002123,2026-09-08 03:48:32.079035,IF-006,LEGACY_MAINFRAME,SAP_ECC,MATMAS,SUCCESS,65.9,1.76,0
LOG-0003099,2026-09-08 04:01:29.079035,IF-006,LEGACY_MAINFRAME,SAP_ECC,MATMAS,SUCCESS,221.2,6.02,0
LOG-0002170,2026-09-08 04:09:55.079035,IF-007,SAP_S4HANA,DATA_LAKE,CDC,SUCCESS,28.2,2.54,0
LOG-0003971,2026-09-08 04:13:34.079035,IF-004,SAP_ECC,B2B_VAN_SPS,INVOIC,SUCCESS,114.9,46.44,0
LOG-0000532,2026-09-08 04:28:24.079035,IF-004,SAP_ECC,B2B_VAN_SPS,INVOIC,SUCCESS,34.7,4.75,0
LOG-0000869,2026-09-08 04:35:55.079035,IF-001,SAP_ECC,SFDC_CRM,ORDERS,SUCCESS,175.8,1.99,0
LOG-0001619,2026-09-08 04:50:41.079035,IF-005,SAP_S4HANA,BTP_APP,OData,SUCCESS,33.2,2.62,0
LOG-0002988,2026-09-08 04:53:24.079035,IF-005,SAP_S4HANA,BTP_APP,OData,SUCCESS,55.9,6.36,0
LOG-0003660,2026-09-08 04:56:52.079035,IF-008,SAP_CPI,3PL_PROVIDER,DESADV,SUCCESS,60.2,6.53,0
LOG-0000971,2026-09-08 05:03:22.079035,IF-005,SAP_S4HANA,BTP_APP,OData,SUCCESS,36.1,3.44,0
LOG-0000958,2026-09-08 05:04:38.079035,IF-007,SAP_S4HANA,DATA_LAKE,CDC,FAILED,864.8,3.36,2
LOG-0003888,2026-09-08 05:24:33.079035,IF-005,SAP_S4HANA,BTP_APP,OData,SUCCESS,36.6,10.55,0
LOG-0004995,2026-09-08 05:27:43.079035,IF-001,SAP_ECC,SFDC_CRM,ORDERS,SUCCESS,107.1,4.19,0
LOG-0004950,2026-09-08 05:28:33.079035,IF-003,SAP_S4HANA,ARIBA_NETWORK,ORDRSP,SUCCESS,43.6,32.4,0
LOG-0003560,2026-09-08 05:34:30.079035,IF-006,LEGACY_MAINFRAME,SAP_ECC,MATMAS,SUCCESS,69.3,3.95,0
LOG-0003484,2026-09-08 05:35:18.079035,IF-006,LEGACY_MAINFRAME,SAP_ECC,MATMAS,SUCCESS,31.3,5.93,0
LOG-0001419,2026-09-08 05:37:19.079035,IF-006,LEGACY_MAINFRAME,SAP_ECC,MATMAS,SUCCESS,91.6,2.44,0
LOG-0003899,2026-09-08 05:38:47.079035,IF-001,SAP_ECC,SFDC_CRM,ORDERS,SUCCESS,41.2,2.57,0
LOG-0003665,2026-09-08 05:45:10.079035,IF-006,LEGACY_MAINFRAME,SAP_ECC,MATMAS,SUCCESS,21.3,69.95,0
LOG-0001066,2026-09-08 05:46:20.079035,IF-007,SAP_S4HANA,DATA_LAKE,CDC,SUCCESS,99.0,12.73,0
LOG-0004401,2026-09-08 05:48:29.079035,IF-003,SAP_S4HANA,ARIBA_NETWORK,ORDRSP,FAILED,16.7,31.3,3
LOG-0004906,2026-09-08 05:51:34.079035,IF-005,SAP_S4HANA,BTP_APP,OData,SUCCESS,70.8,27.08,0
LOG-0001005,2026-09-08 06:14:45.079035,IF-005,SAP_S4HANA,BTP_APP,OData,SUCCESS,31.7,3.73,0
LOG-0001509,2026-09-08 06:17:35.079035,IF-003,SAP_S4HANA,ARIBA_NETWORK,ORDRSP,SUCCESS,103.0,2.38,0
LOG-0000741,2026-09-08 06:18:33.079035,IF-007,SAP_S4HANA,DATA_LAKE,CDC,SUCCESS,59.1,1.83,0
LOG-0003225,2026-09-08 06:23:22.079035,IF-008,SAP_CPI,3PL_PROVIDER,DESADV,SUCCESS,52.7,1.77,0
LOG-0001236,2026-09-08 06:25:24.079035,IF-003,SAP_S4HANA,ARIBA_NETWORK,ORDRSP,SUCCESS,157.8,7.41,0
LOG-0000750,2026-09-08 06:51:46.079035,IF-003,SAP_S4HANA,ARIBA_NETWORK,ORDRSP,SUCCESS,84.3,2.68,0
LOG-0003494,2026-09-08 06:53:51.079035,IF-005,SAP_S4HANA,BTP_APP,OData,SUCCESS,160.9,12.66,0
LOG-0003119,2026-09-08 06:56:20.079035,IF-002,SAP_S4HANA,WMS_MANHATTAN,DESADV,SUCCESS,83.3,1.82,0
LOG-0001936,2026-09-08 07:02:58.079035,IF-001,SAP_ECC,SFDC_CRM,ORDERS,SUCCESS,215.5,9.7,0
LOG-0002687,2026-09-08 07:03:57.079035,IF-003,SAP_S4HANA,ARIBA_NETWORK,ORDRSP,SUCCESS,31.0,17.94,0
LOG-0002177,2026-09-08 07:07:51.079035,IF-008,SAP_CPI,3PL_PROVIDER,DESADV,SUCCESS,32.5,9.12,0
LOG-0002471,2026-09-08 07:09:13.079035,IF-003,SAP_S4HANA,ARIBA_NETWORK,ORDRSP,SUCCESS,153.0,68.8,0
LOG-0003903,2026-09-08 07:32:10.079035,IF-005,SAP_S4HANA,BTP_APP,OData,SUCCESS,175.3,4.35,0
LOG-0000641,2026-09-08 07:38:20.079035,IF-004,SAP_ECC,B2B_VAN_SPS,INVOIC,SUCCESS,61.5,24.42,0
LOG-0002821,2026-09-08 07:43:38.079035,IF-001,SAP_ECC,SFDC_CRM,ORDERS,SUCCESS,146.1,7.45,0
LOG-0000591,2026-09-08 07:48:30.079035,IF-005,SAP_S4HANA,BTP_APP,OData,SUCCESS,56.1,16.83,0
LOG-0000704,2026-09-08 07:51:31.079035,IF-008,SAP_CPI,3PL_PROVIDER,DESADV,SUCCESS,136.4,1.07,0
LOG-0000725,2026-09-08 07:53:36.079035,IF-006,LEGACY_MAINFRAME,SAP_ECC,MATMAS,SUCCESS,184.4,14.0,0
LOG-0000342,2026-09-08 07:57:01.079035,IF-003,SAP_S4HANA,ARIBA_NETWORK,ORDRSP,SUCCESS,100.4,2.87,0
LOG-0004345,2026-09-08 07:59:13.079035,IF-004,SAP_ECC,B2B_VAN_SPS,INVOIC,RETRY,54.8,6.22,2
LOG-0002475,2026-09-08 08:12:31.079035,IF-006,LEGACY_MAINFRAME,SAP_ECC,MATMAS,FAILED,50.7,18.7,0
LOG-0000529,2026-09-08 08:18:54.079035,IF-006,LEGACY_MAINFRAME,SAP_ECC,MATMAS,SUCCESS,152.5,15.09,0
LOG-0001449,2026-09-08 08:20:11.079035,IF-004,SAP_ECC,B2B_VAN_SPS,INVOIC,SUCCESS,74.5,24.36,0
LOG-0003568,2026-09-08 08:29:06.079035,IF-004,SAP_ECC,B2B_VAN_SPS,INVOIC,SUCCESS,54.7,6.04,0
LOG-0004352,2026-09-08 08:31:08.079035,IF-003,SAP_S4HANA,ARIBA_NETWORK,ORDRSP,SUCCESS,24.6,23.07,0
LOG-0002642,2026-09-08 08:43:45.079035,IF-005,SAP_S4HANA,BTP_APP,OData,SUCCESS,54.3,40.87,0
LOG-0003701,2026-09-08 08:52:15.079035,IF-004,SAP_ECC,B2B_VAN_SPS,INVOIC,SUCCESS,70.8,6.45,0
LOG-0001624,2026-09-08 09:05:34.079035,IF-005,SAP_S4HANA,BTP_APP,OData,SUCCESS,62.3,3.6,0
LOG-0000392,2026-09-08 09:10:01.079035,IF-007,SAP_S4HANA,DATA_LAKE,CDC,SUCCESS,74.5,7.85,0
LOG-0002035,2026-09-08 09:25:37.079035,IF-004,SAP_ECC,B2B_VAN_SPS,INVOIC,SUCCESS,33.8,3.22,0
LOG-0000592,2026-09-08 09:26:44.079035,IF-003,SAP_S4HANA,ARIBA_NETWORK,ORDRSP,TIMEOUT,55.8,5.2,1
LOG-0003785,2026-09-08 09:35:17.079035,IF-004,SAP_ECC,B2B_VAN_SPS,INVOIC,SUCCESS,48.7,3.91,0
LOG-0004773,2026-09-08 09:48:25.079035,IF-007,SAP_S4HANA,DATA_LAKE,CDC,SUCCESS,29.3,2.01,0
LOG-0003884,2026-09-08 09:48:51.079035,IF-003,SAP_S4HANA,ARIBA_NETWORK,ORDRSP,SUCCESS,60.4,1.64,0
LOG-0004619,2026-09-08 10:04:56.079035,IF-003,SAP_S4HANA,ARIBA_NETWORK,ORDRSP,SUCCESS,721.3,4.9,0
LOG-0004011,2026-09-08 10:15:52.079035,IF-003,SAP_S4HANA,ARIBA_NETWORK,ORDRSP,SUCCESS,135.3,5.41,0
LOG-0001841,2026-09-08 10:27:13.079035,IF-008,SAP_CPI,3PL_PROVIDER,DESADV,SUCCESS,92.3,12.73,0
LOG-0000225,2026-09-08 10:37:01.079035,IF-004,SAP_ECC,B2B_VAN_SPS,INVOIC,SUCCESS,20.8,3.76,0
LOG-0002870,2026-09-08 10:40:49.079035,IF-005,SAP_S4HANA,BTP_APP,OData,SUCCESS,113.3,0.64,0
LOG-0004240,2026-09-08 10:44:30.079035,IF-004,SAP_ECC,B2B_VAN_SPS,INVOIC,SUCCESS,195.0,17.4,0
LOG-0002477,2026-09-08 10:56:19.079035,IF-003,SAP_S4HANA,ARIBA_NETWORK,ORDRSP,SUCCESS,108.5,25.6,0
LOG-0002055,2026-09-08 10:57:12.079035,IF-007,SAP_S4HANA,DATA_LAKE,CDC,SUCCESS,7.9,19.2,0
LOG-0000420,2026-09-08 11:14:36.079035,IF-007,SAP_S4HANA,DATA_LAKE,CDC,SUCCESS,20.3,1.04,0
LOG-0001294,2026-09-08 11:18:30.079035,IF-006,LEGACY_MAINFRAME,SAP_ECC,MATMAS,RETRY,77.2,3.6,3
LOG-0002226,2026-09-08 11:18:33.079035,IF-004,SAP_ECC,B2B_VAN_SPS,INVOIC,SUCCESS,105.1,6.13,0
LOG-0001669,2026-09-08 11:18:34.079035,IF-005,SAP_S4HANA,BTP_APP,OData,SUCCESS,18.5,23.25,0
LOG-0004408,2026-09-08 11:27:10.079035,IF-008,SAP_CPI,3PL_PROVIDER,DESADV,SUCCESS,80.4,7.32,0
LOG-0004039,2026-09-08 11:29:20.079035,IF-008,SAP_CPI,3PL_PROVIDER,DESADV,SUCCESS,17.5,14.49,0
LOG-0002171,2026-09-08 11:29:22.079035,IF-006,LEGACY_MAINFRAME,SAP_ECC,MATMAS,SUCCESS,172.1,1.87,0
LOG-0002446,2026-09-08 11:32:14.079035,IF-003,SAP_S4HANA,ARIBA_NETWORK,ORDRSP,SUCCESS,56.1,4.67,0
LOG-0001578,2026-09-08 11:41:12.079035,IF-008,SAP_CPI,3PL_PROVIDER,DESADV,SUCCESS,110.9,23.65,0
LOG-0001109,2026-09-08 11:45:34.079035,IF-005,SAP_S4HANA,BTP_APP,OData,SUCCESS,50.5,7.95,0
LOG-0002946,2026-09-08 11:46:04.079035,IF-003,SAP_S4HANA,ARIBA_NETWORK,ORDRSP,SUCCESS,67.4,2.65,0
LOG-0000213,2026-09-08 11:48:10.079035,IF-007,SAP_S4HANA,DATA_LAKE,CDC,SUCCESS,150.7,6.89,0
LOG-0001756,2026-09-08 11:52:14.079035,IF-006,LEGACY_MAINFRAME,SAP_ECC,MATMAS,SUCCESS,130.1,18.13,0
LOG-0000029,2026-09-08 12:13:10.079035,IF-005,SAP_S4HANA,BTP_APP,OData,SUCCESS,167.1,1.82,0
LOG-0002573,2026-09-08 12:29:39.079035,IF-001,SAP_ECC,SFDC_CRM,ORDERS,SUCCESS,36.9,9.47,0
LOG-0002916,2026-09-08 12:39:03.079035,IF-004,SAP_ECC,B2B_VAN_SPS,INVOIC,SUCCESS,62.8,3.67,0
LOG-0002541,2026-09-08 13:01:53.079035,IF-007,SAP_S4HANA,DATA_LAKE,CDC,SUCCESS,88.3,1.78,0
LOG-0004084,2026-09-08 13:02:15.079035,IF-007,SAP_S4HANA,DATA_LAKE,CDC,SUCCESS,72.8,2.02,0
LOG-0002580,2026-09-08 13:03:54.079035,IF-002,SAP_S4HANA,WMS_MANHATTAN,DESADV,SUCCESS,67.0,6.36,0
LOG-0000854,2026-09-08 13:13:29.079035,IF-002,SAP_S4HANA,WMS_MANHATTAN,DESADV,SUCCESS,72.0,4.53,0
LOG-0001239,2026-09-08 13:16:04.079035,IF-003,SAP_S4HANA,ARIBA_NETWORK,ORDRSP,SUCCESS,44.1,12.59,0
LOG-0004586,2026-09-08 13:23:50.079035,IF-007,SAP_S4HANA,DATA_LAKE,CDC,SUCCESS,52.6,1.82,0
LOG-0002582,2026-09-08 13:24:36.079035,IF-006,LEGACY_MAINFRAME,SAP_ECC,MATMAS,RETRY,366.3,106.23,3
LOG-0002174,2026-09-08 13:30:46.079035,IF-007,SAP_S4HANA,DATA_LAKE,CDC,SUCCESS,82.6,25.45,0
LOG-0000613,2026-09-08 13:39:17.079035,IF-003,SAP_S4HANA,ARIBA_NETWORK,ORDRSP,FAILED,755.7,5.64,0
LOG-0001479,2026-09-08 13:47:11.079035,IF-004,SAP_ECC,B2B_VAN_SPS,INVOIC,SUCCESS,184.4,0.98,0
LOG-0002223,2026-09-08 13:51:44.079035,IF-004,SAP_ECC,B2B_VAN_SPS,INVOIC,SUCCESS,35.2,28.03,0
LOG-0002648,2026-09-08 13:52:42.079035,IF-001,SAP_ECC,SFDC_CRM,ORDERS,SUCCESS,118.8,5.51,0
LOG-0002778,2026-09-08 14:03:13.079035,IF-007,SAP_S4HANA,DATA_LAKE,CDC,SUCCESS,49.7,43.5,0
LOG-0000253,2026-09-08 14:05:02.079035,IF-001,SAP_ECC,SFDC_CRM,ORDERS,SUCCESS,30.1,29.06,0
LOG-0003222,2026-09-08 14:15:33.079035,IF-006,LEGACY_MAINFRAME,SAP_ECC,MATMAS,SUCCESS,79.2,3.2,0
LOG-0000151,2026-09-08 14:16:13.079035,IF-007,SAP_S4HANA,DATA_LAKE,CDC,SUCCESS,57.9,6.81,0
LOG-0001184,2026-09-08 14:18:53.079035,IF-002,SAP_S4HANA,WMS_MANHATTAN,DESADV,SUCCESS,18.2,0.33,0
LOG-0004191,2026-09-08 14:20:49.079035,IF-004,SAP_ECC,B2B_VAN_SPS,INVOIC,SUCCESS,63.3,6.21,0
LOG-0004237,2026-09-08 14:30:55.079035,IF-006,LEGACY_MAINFRAME,SAP_ECC,MATMAS,SUCCESS,21.3,12.0,0
LOG-0001146,2026-09-08 14:47:12.079035,IF-005,SAP_S4HANA,BTP_APP,OData,SUCCESS,55.5,11.0,0
LOG-0004665,2026-09-08 15:07:42.079035,IF-007,SAP_S4HANA,DATA_LAKE,CDC,FAILED,37.9,15.66,3
LOG-0004799,2026-09-08 15:18:10.079035,IF-003,SAP_S4HANA,ARIBA_NETWORK,ORDRSP,SUCCESS,117.3,7.96,0
LOG-0003741,2026-09-08 15:20:21.079035,IF-005,SAP_S4HANA,BTP_APP,OData,SUCCESS,487.7,20.55,0
LOG-0003384,2026-09-08 16:04:42.079035,IF-005,SAP_S4HANA,BTP_APP,OData,SUCCESS,59.5,3.31,0
LOG-0001394,2026-09-08 16:05:44.079035,IF-006,LEGACY_MAINFRAME,SAP_ECC,MATMAS,SUCCESS,60.1,4.1,0
LOG-0002503,2026-09-08 16:12:07.079035,IF-003,SAP_S4HANA,ARIBA_NETWORK,ORDRSP,SUCCESS,86.0,37.71,0
LOG-0003275,2026-09-08 16:17:54.079035,IF-007,SAP_S4HANA,DATA_LAKE,CDC,SUCCESS,103.2,7.85,0
LOG-0003537,2026-09-08 16:30:05.079035,IF-001,SAP_ECC,SFDC_CRM,ORDERS,SUCCESS,91.2,6.61,0
LOG-0002559,2026-09-08 16:31:24.079035,IF-006,LEGACY_MAINFRAME,SAP_ECC,MATMAS,SUCCESS,72.2,9.5,0
LOG-0003713,2026-09-08 16:38:03.079035,IF-007,SAP_S4HANA,DATA_LAKE,CDC,SUCCESS,177.5,34.86,0
LOG-0004120,2026-09-08 16:40:33.079035,IF-006,LEGACY_MAINFRAME,SAP_ECC,MATMAS,SUCCESS,214.1,27.61,0
LOG-0003723,2026-09-08 16:48:18.079035,IF-006,LEGACY_MAINFRAME,SAP_ECC,MATMAS,SUCCESS,20.4,1.33,0
LOG-0003747,2026-09-08 17:01:31.079035,IF-003,SAP_S4HANA,ARIBA_NETWORK,ORDRSP,SUCCESS,113.0,6.33,0
LOG-0000643,2026-09-08 17:07:19.079035,IF-008,SAP_CPI,3PL_PROVIDER,DESADV,SUCCESS,120.9,9.75,0
LOG-0002564,2026-09-08 17:17:30.079035,IF-002,SAP_S4HANA,WMS_MANHATTAN,DESADV,SUCCESS,40.2,22.57,0
LOG-0002935,2026-09-08 17:17:59.079035,IF-008,SAP_CPI,3PL_PROVIDER,DESADV,SUCCESS,53.6,5.47,0
LOG-0000874,2026-09-08 17:44:18.079035,IF-003,SAP_S4HANA,ARIBA_NETWORK,ORDRSP,SUCCESS,64.9,4.93,0
LOG-0001314,2026-09-08 17:54:34.079035,IF-002,SAP_S4HANA,WMS_MANHATTAN,DESADV,SUCCESS,101.5,28.39,0
LOG-0002801,2026-09-08 18:07:28.079035,IF-006,LEGACY_MAINFRAME,SAP_ECC,MATMAS,SUCCESS,36.2,3.2,0
LOG-0000348,2026-09-08 18:15:47.079035,IF-003,SAP_S4HANA,ARIBA_NETWORK,ORDRSP,SUCCESS,118.6,44.03,0
LOG-0003542,2026-09-08 18:26:13.079035,IF-004,SAP_ECC,B2B_VAN_SPS,INVOIC,SUCCESS,42.4,12.24,0
LOG-0000523,2026-09-08 18:28:35.079035,IF-006,LEGACY_MAINFRAME,SAP_ECC,MATMAS,SUCCESS,110.6,14.1,0
LOG-0001678,2026-09-08 18:34:40.079035,IF-006,LEGACY_MAINFRAME,SAP_ECC,MATMAS,SUCCESS,65.9,5.34,0
LOG-0001336,2026-09-08 18:35:34.079035,IF-001,SAP_ECC,SFDC_CRM,ORDERS,SUCCESS,66.9,10.94,0
LOG-0002480,2026-09-08 18:36:13.079035,IF-001,SAP_ECC,SFDC_CRM,ORDERS,SUCCESS,35.3,14.01,0
LOG-0002125,2026-09-08 18:36:15.079035,IF-005,SAP_S4HANA,BTP_APP,OData,SUCCESS,69.3,7.62,0
LOG-0002490,2026-09-08 18:43:52.079035,IF-007,SAP_S4HANA,DATA_LAKE,CDC,SUCCESS,75.5,1.92,0
LOG-0001137,2026-09-08 18:52:56.079035,IF-008,SAP_CPI,3PL_PROVIDER,DESADV,SUCCESS,167.3,10.77,0
LOG-0000782,2026-09-08 18:53:10.079035,IF-002,SAP_S4HANA,WMS_MANHATTAN,DESADV,SUCCESS,28.7,9.26,0
LOG-0000139,2026-09-08 19:11:43.079035,IF-007,SAP_S4HANA,DATA_LAKE,CDC,SUCCESS,79.6,23.68,0
LOG-0000277,2026-09-08 19:27:16.079035,IF-008,SAP_CPI,3PL_PROVIDER,DESADV,SUCCESS,51.5,20.34,0
LOG-0004719,2026-09-08 19:43:38.079035,IF-008,SAP_CPI,3PL_PROVIDER,DESADV,FAILED,131.2,39.66,0
LOG-0003792,2026-09-08 19:59:24.079035,IF-001,SAP_ECC,SFDC_CRM,ORDERS,FAILED,219.4,10.63,3
LOG-0002745,2026-09-08 20:02:25.079035,IF-006,LEGACY_MAINFRAME,SAP_ECC,MATMAS,SUCCESS,84.3,11.9,0
LOG-0001402,2026-09-08 20:09:10.079035,IF-007,SAP_S4HANA,DATA_LAKE,CDC,SUCCESS,113.0,21.28,0
LOG-0004132,2026-09-08 20:10:16.079035,IF-007,SAP_S4HANA,DATA_LAKE,CDC,TIMEOUT,64.4,1.25,1
LOG-0003832,2026-09-08 20:12:15.079035,IF-004,SAP_ECC,B2B_VAN_SPS,INVOIC,FAILED,107.7,7.87,1
LOG-0000988,2026-09-08 20:18:24.079035,IF-008,SAP_CPI,3PL_PROVIDER,DESADV,FAILED,285.1,15.08,1
LOG-0004742,2026-09-08 20:21:26.079035,IF-004,SAP_ECC,B2B_VAN_SPS,INVOIC,SUCCESS,70.4,3.71,0
LOG-0002355,2026-09-08 20:29:46.079035,IF-006,LEGACY_MAINFRAME,SAP_ECC,MATMAS,RETRY,51.8,9.91,3
LOG-0003704,2026-09-08 20:29:57.079035,IF-007,SAP_S4HANA,DATA_LAKE,CDC,SUCCESS,36.0,62.38,0
LOG-0004089,2026-09-08 20:31:38.079035,IF-002,SAP_S4HANA,WMS_MANHATTAN,DESADV,SUCCESS,62.3,19.54,0
LOG-0002498,2026-09-08 21:11:55.079035,IF-001,SAP_ECC,SFDC_CRM,ORDERS,SUCCESS,185.3,38.59,0
LOG-0001374,2026-09-08 21:13:33.079035,IF-003,SAP_S4HANA,ARIBA_NETWORK,ORDRSP,SUCCESS,51.4,2.21,0
LOG-0003035,2026-09-08 21:15:26.079035,IF-007,SAP_S4HANA,DATA_LAKE,CDC,SUCCESS,248.3,6.06,0
LOG-0002575,2026-09-08 21:17:07.079035,IF-006,LEGACY_MAINFRAME,SAP_ECC,MATMAS,SUCCESS,147.3,9.05,0
LOG-0001200,2026-09-08 21:38:09.079035,IF-008,SAP_CPI,3PL_PROVIDER,DESADV,SUCCESS,52.3,2.8,0
LOG-0001720,2026-09-08 21:40:42.079035,IF-007,SAP_S4HANA,DATA_LAKE,CDC,SUCCESS,105.3,12.1,0
LOG-0003694,2026-09-08 21:49:37.079035,IF-002,SAP_S4HANA,WMS_MANHATTAN,DESADV,SUCCESS,45.1,40.81,0
LOG-0003380,2026-09-08 21:57:07.079035,IF-004,SAP_ECC,B2B_VAN_SPS,INVOIC,SUCCESS,74.8,1.66,0
LOG-0004958,2026-09-08 21:58:40.079035,IF-008,SAP_CPI,3PL_PROVIDER,DESADV,SUCCESS,186.4,4.8,0
LOG-0000951,2026-09-08 22:20:01.079035,IF-004,SAP_ECC,B2B_VAN_SPS,INVOIC,SUCCESS,73.2,33.52,0
LOG-0001193,2026-09-08 22:49:00.079035,IF-008,SAP_CPI,3PL_PROVIDER,DESADV,SUCCESS,43.1,18.42,0
LOG-0002571,2026-09-08 22:53:08.079035,IF-007,SAP_S4HANA,DATA_LAKE,CDC,SUCCESS,43.7,5.82,0
LOG-0000687,2026-09-08 22:59:49.079035,IF-003,SAP_S4HANA,ARIBA_NETWORK,ORDRSP,SUCCESS,16.8,4.31,0
LOG-0004410,2026-09-08 23:02:56.079035,IF-005,SAP_S4HANA,BTP_APP,OData,SUCCESS,104.7,1.51,0
LOG-0003974,2026-09-08 23:15:50.079035,IF-005,SAP_S4HANA,BTP_APP,OData,SUCCESS,98.2,29.76,0
LOG-0001580,2026-09-08 23:25:10.079035,IF-005,SAP_S4HANA,BTP_APP,OData,FAILED,38.4,2.2,3
LOG-0002440,2026-09-08 23:45:26.079035,IF-007,SAP_S4HANA,DATA_LAKE,CDC,SUCCESS,44.5,4.83,0
LOG-0001739,2026-09-08 23:58:02.079035,IF-003,SAP_S4HANA,ARIBA_NETWORK,ORDRSP,RETRY,93.5,1.82,1
LOG-0000993,2026-09-09 00:08:05.079035,IF-007,SAP_S4HANA,DATA_LAKE,CDC,SUCCESS,64.8,6.49,0
LOG-0002995,2026-09-09 00:11:35.079035,IF-003,SAP_S4HANA,ARIBA_NETWORK,ORDRSP,SUCCESS,48.0,15.2,0
LOG-0000945,2026-09-09 00:13:12.079035,IF-008,SAP_CPI,3PL_PROVIDER,DESADV,SUCCESS,45.2,18.52,0
LOG-0000651,2026-09-09 00:15:43.079035,IF-003,SAP_S4HANA,ARIBA_NETWORK,ORDRSP,SUCCESS,101.5,9.0,0
LOG-0002087,2026-09-09 00:27:17.079035,IF-005,SAP_S4HANA,BTP_APP,OData,SUCCESS,48.8,6.12,0
LOG-0001335,2026-09-09 00:46:59.079035,IF-004,SAP_ECC,B2B_VAN_SPS,INVOIC,SUCCESS,49.1,21.54,0
LOG-0003506,2026-09-09 00:59:52.079035,IF-006,LEGACY_MAINFRAME,SAP_ECC,MATMAS,SUCCESS,129.0,6.76,0
LOG-0001092,2026-09-09 01:07:41.079035,IF-004,SAP_ECC,B2B_VAN_SPS,INVOIC,SUCCESS,153.1,0.74,0
LOG-0001375,2026-09-09 01:11:23.079035,IF-006,LEGACY_MAINFRAME,SAP_ECC,MATMAS,SUCCESS,44.6,2.73,0
LOG-0004206,2026-09-09 01:21:14.079035,IF-002,SAP_S4HANA,WMS_MANHATTAN,DESADV,SUCCESS,110.3,46.69,0
LOG-0003402,2026-09-09 01:34:46.079035,IF-005,SAP_S4HANA,BTP_APP,OData,SUCCESS,133.1,4.28,0
LOG-0002631,2026-09-09 01:40:08.079035,IF-001,SAP_ECC,SFDC_CRM,ORDERS,SUCCESS,20.6,5.16,0
LOG-0003718,2026-09-09 01:41:44.079035,IF-007,SAP_S4HANA,DATA_LAKE,CDC,SUCCESS,76.8,6.13,0
LOG-0001766,2026-09-09 01:45:29.079035,IF-008,SAP_CPI,3PL_PROVIDER,DESADV,SUCCESS,78.1,7.5,0
LOG-0002282,2026-09-09 01:50:58.079035,IF-007,SAP_S4HANA,DATA_LAKE,CDC,SUCCESS,83.1,10.86,0
LOG-0001152,2026-09-09 01:55:05.079035,IF-001,SAP_ECC,SFDC_CRM,ORDERS,SUCCESS,66.1,3.83,0
LOG-0001658,2026-09-09 02:06:06.079035,IF-007,SAP_S4HANA,DATA_LAKE,CDC,SUCCESS,75.8,6.19,0
LOG-0001801,2026-09-09 02:20:36.079035,IF-004,SAP_ECC,B2B_VAN_SPS,INVOIC,SUCCESS,37.7,6.87,0
LOG-0003853,2026-09-09 02:33:38.079035,IF-002,SAP_S4HANA,WMS_MANHATTAN,DESADV,SUCCESS,13.3,5.28,0
LOG-0000695,2026-09-09 02:48:04.079035,IF-006,LEGACY_MAINFRAME,SAP_ECC,MATMAS,SUCCESS,59.3,19.75,0
LOG-0002528,2026-09-09 02:51:05.079035,IF-003,SAP_S4HANA,ARIBA_NETWORK,ORDRSP,SUCCESS,38.2,6.88,0
LOG-0002083,2026-09-09 02:51:07.079035,IF-008,SAP_CPI,3PL_PROVIDER,DESADV,SUCCESS,110.4,20.56,0
LOG-0004709,2026-09-09 02:58:29.079035,IF-002,SAP_S4HANA,WMS_MANHATTAN,DESADV,SUCCESS,57.3,10.13,0
LOG-0001329,2026-09-09 03:09:49.079035,IF-006,LEGACY_MAINFRAME,SAP_ECC,MATMAS,SUCCESS,37.1,11.6,0
LOG-0004871,2026-09-09 03:13:43.079035,IF-008,SAP_CPI,3PL_PROVIDER,DESADV,SUCCESS,54.8,9.26,0
LOG-0002267,2026-09-09 03:19:25.079035,IF-002,SAP_S4HANA,WMS_MANHATTAN,DESADV,SUCCESS,64.7,25.41,0
LOG-0000156,2026-09-09 03:22:42.079035,IF-006,LEGACY_MAINFRAME,SAP_ECC,MATMAS,SUCCESS,116.5,2.82,0
LOG-0003396,2026-09-09 03:23:13.079035,IF-004,SAP_ECC,B2B_VAN_SPS,INVOIC,SUCCESS,106.6,4.59,0
LOG-0004758,2026-09-09 03:24:05.079035,IF-005,SAP_S4HANA,BTP_APP,OData,SUCCESS,75.0,7.29,0
LOG-0004363,2026-09-09 03:30:23.079035,IF-003,SAP_S4HANA,ARIBA_NETWORK,ORDRSP,SUCCESS,184.5,4.57,0
LOG-0001800,2026-09-09 03:34:06.079035,IF-004,SAP_ECC,B2B_VAN_SPS,INVOIC,SUCCESS,108.3,10.89,0
LOG-0000136,2026-09-09 03:39:15.079035,IF-003,SAP_S4HANA,ARIBA_NETWORK,ORDRSP,FAILED,63.6,9.85,1
LOG-0000169,2026-09-09 03:43:26.079035,IF-007,SAP_S4HANA,DATA_LAKE,CDC,SUCCESS,182.6,10.77,0
LOG-0002104,2026-09-09 03:46:23.079035,IF-001,SAP_ECC,SFDC_CRM,ORDERS,SUCCESS,35.2,9.39,0
LOG-0001847,2026-09-09 03:55:28.079035,IF-001,SAP_ECC,SFDC_CRM,ORDERS,FAILED,41.0,12.82,3
LOG-0002781,2026-09-09 04:15:21.079035,IF-001,SAP_ECC,SFDC_CRM,ORDERS,SUCCESS,110.1,5.17,0
LOG-0003219,2026-09-09 04:21:09.079035,IF-004,SAP_ECC,B2B_VAN_SPS,INVOIC,SUCCESS,72.8,7.15,0
LOG-0004969,2026-09-09 04:27:01.079035,IF-008,SAP_CPI,3PL_PROVIDER,DESADV,SUCCESS,54.5,22.95,0
LOG-0000414,2026-09-09 04:47:41.079035,IF-004,SAP_ECC,B2B_VAN_SPS,INVOIC,SUCCESS,26.1,15.96,0
LOG-0000224,2026-09-09 04:48:12.079035,IF-001,SAP_ECC,SFDC_CRM,ORDERS,SUCCESS,110.7,2.93,0
LOG-0002482,2026-09-09 04:49:50.079035,IF-007,SAP_S4HANA,DATA_LAKE,CDC,SUCCESS,120.0,18.35,0
LOG-0004748,2026-09-09 04:52:44.079035,IF-001,SAP_ECC,SFDC_CRM,ORDERS,SUCCESS,35.0,9.45,0
LOG-0001211,2026-09-09 05:03:23.079035,IF-002,SAP_S4HANA,WMS_MANHATTAN,DESADV,FAILED,44.5,3.91,3
LOG-0003878,2026-09-09 05:08:46.079035,IF-003,SAP_S4HANA,ARIBA_NETWORK,ORDRSP,SUCCESS,59.6,13.18,0
LOG-0003719,2026-09-09 05:15:03.079035,IF-001,SAP_ECC,SFDC_CRM,ORDERS,SUCCESS,97.5,0.95,0
LOG-0003359,2026-09-09 05:20:36.079035,IF-001,SAP_ECC,SFDC_CRM,ORDERS,SUCCESS,28.5,5.1,0
LOG-0004086,2026-09-09 05:25:44.079035,IF-003,SAP_S4HANA,ARIBA_NETWORK,ORDRSP,SUCCESS,72.4,4.48,0
LOG-0003381,2026-09-09 05:31:31.079035,IF-008,SAP_CPI,3PL_PROVIDER,DESADV,SUCCESS,86.2,1.71,0
LOG-0004362,2026-09-09 05:39:47.079035,IF-003,SAP_S4HANA,ARIBA_NETWORK,ORDRSP,SUCCESS,23.3,13.92,0
LOG-0000811,2026-09-09 05:47:40.079035,IF-006,LEGACY_MAINFRAME,SAP_ECC,MATMAS,SUCCESS,90.3,2.95,0
LOG-0001356,2026-09-09 05:51:10.079035,IF-002,SAP_S4HANA,WMS_MANHATTAN,DESADV,SUCCESS,49.3,0.69,0
LOG-0004392,2026-09-09 06:10:33.079035,IF-003,SAP_S4HANA,ARIBA_NETWORK,ORDRSP,SUCCESS,55.9,38.16,0
LOG-0003497,2026-09-09 06:11:55.079035,IF-005,SAP_S4HANA,BTP_APP,OData,SUCCESS,28.7,16.11,0
LOG-0001171,2026-09-09 06:17:12.079035,IF-007,SAP_S4HANA,DATA_LAKE,CDC,SUCCESS,65.2,2.94,0
LOG-0001512,2026-09-09 06:22:08.079035,IF-002,SAP_S4HANA,WMS_MANHATTAN,DESADV,SUCCESS,176.1,3.54,0
LOG-0004292,2026-09-09 06:23:59.079035,IF-007,SAP_S4HANA,DATA_LAKE,CDC,SUCCESS,80.2,2.87,0
LOG-0004016,2026-09-09 06:31:26.079035,IF-002,SAP_S4HANA,WMS_MANHATTAN,DESADV,SUCCESS,45.2,15.67,0
LOG-0000309,2026-09-09 06:40:35.079035,IF-007,SAP_S4HANA,DATA_LAKE,CDC,SUCCESS,71.8,14.93,0
LOG-0001871,2026-09-09 07:23:00.079035,IF-003,SAP_S4HANA,ARIBA_NETWORK,ORDRSP,SUCCESS,73.2,24.12,0
LOG-0000186,2026-09-09 07:27:35.079035,IF-001,SAP_ECC,SFDC_CRM,ORDERS,SUCCESS,88.5,13.32,0
LOG-0004108,2026-09-09 07:29:09.079035,IF-001,SAP_ECC,SFDC_CRM,ORDERS,SUCCESS,65.0,19.69,0
LOG-0003468,2026-09-09 07:29:22.079035,IF-008,SAP_CPI,3PL_PROVIDER,DESADV,SUCCESS,32.6,7.26,0
LOG-0003198,2026-09-09 07:31:38.079035,IF-007,SAP_S4HANA,DATA_LAKE,CDC,SUCCESS,49.1,2.83,0
LOG-0002978,2026-09-09 07:46:06.079035,IF-005,SAP_S4HANA,BTP_APP,OData,SUCCESS,65.4,2.04,0
LOG-0003978,2026-09-09 08:01:23.079035,IF-003,SAP_S4HANA,ARIBA_NETWORK,ORDRSP,SUCCESS,114.5,11.54,0
LOG-0000369,2026-09-09 08:01:48.079035,IF-008,SAP_CPI,3PL_PROVIDER,DESADV,SUCCESS,26.9,11.23,0
LOG-0001264,2026-09-09 08:03:13.079035,IF-008,SAP_CPI,3PL_PROVIDER,DESADV,SUCCESS,53.2,11.54,0
LOG-0003039,2026-09-09 08:04:51.079035,IF-007,SAP_S4HANA,DATA_LAKE,CDC,SUCCESS,84.0,17.07,0
LOG-0002309,2026-09-09 08:12:14.079035,IF-004,SAP_ECC,B2B_VAN_SPS,INVOIC,SUCCESS,299.5,22.24,0
LOG-0002992,2026-09-09 08:21:31.079035,IF-006,LEGACY_MAINFRAME,SAP_ECC,MATMAS,SUCCESS,103.1,2.46,0
LOG-0001572,2026-09-09 09:07:22.079035,IF-002,SAP_S4HANA,WMS_MANHATTAN,DESADV,SUCCESS,137.5,10.4,0
LOG-0001409,2026-09-09 09:17:00.079035,IF-002,SAP_S4HANA,WMS_MANHATTAN,DESADV,SUCCESS,117.0,19.05,0
LOG-0003570,2026-09-09 09:23:44.079035,IF-004,SAP_ECC,B2B_VAN_SPS,INVOIC,SUCCESS,126.7,10.08,0
LOG-0001270,2026-09-09 09:34:11.079035,IF-004,SAP_ECC,B2B_VAN_SPS,INVOIC,SUCCESS,71.5,3.88,0
LOG-0004458,2026-09-09 09:35:55.079035,IF-001,SAP_ECC,SFDC_CRM,ORDERS,SUCCESS,54.0,0.31,0
LOG-0004581,2026-09-09 10:16:36.079035,IF-006,LEGACY_MAINFRAME,SAP_ECC,MATMAS,SUCCESS,68.2,2.14,0
LOG-0001228,2026-09-09 10:24:02.079035,IF-007,SAP_S4HANA,DATA_LAKE,CDC,SUCCESS,77.9,3.14,0
LOG-0001380,2026-09-09 10:29:31.079035,IF-002,SAP_S4HANA,WMS_MANHATTAN,DESADV,SUCCESS,40.9,10.23,0
LOG-0001799,2026-09-09 10:39:24.079035,IF-008,SAP_CPI,3PL_PROVIDER,DESADV,SUCCESS,13.2,4.28,0
LOG-0000451,2026-09-09 10:40:30.079035,IF-004,SAP_ECC,B2B_VAN_SPS,INVOIC,SUCCESS,36.3,1.13,0
LOG-0004333,2026-09-09 10:43:18.079035,IF-007,SAP_S4HANA,DATA_LAKE,CDC,SUCCESS,31.0,1.05,0
LOG-0002854,2026-09-09 10:49:40.079035,IF-003,SAP_S4HANA,ARIBA_NETWORK,ORDRSP,SUCCESS,67.2,5.58,0
LOG-0001242,2026-09-09 10:50:45.079035,IF-007,SAP_S4HANA,DATA_LAKE,CDC,FAILED,72.6,30.9,3
LOG-0001058,2026-09-09 11:07:02.079035,IF-007,SAP_S4HANA,DATA_LAKE,CDC,SUCCESS,117.0,6.56,0
LOG-0003758,2026-09-09 11:10:30.079035,IF-007,SAP_S4HANA,DATA_LAKE,CDC,RETRY,204.9,1.93,3
LOG-0000853,2026-09-09 11:15:29.079035,IF-006,LEGACY_MAINFRAME,SAP_ECC,MATMAS,SUCCESS,50.4,17.98,0
LOG-0000719,2026-09-09 11:29:29.079035,IF-005,SAP_S4HANA,BTP_APP,OData,SUCCESS,90.9,24.62,0
LOG-0003698,2026-09-09 11:31:10.079035,IF-001,SAP_ECC,SFDC_CRM,ORDERS,SUCCESS,142.2,9.68,0
LOG-0003031,2026-09-09 11:31:18.079035,IF-005,SAP_S4HANA,BTP_APP,OData,SUCCESS,53.9,10.7,0
LOG-0002288,2026-09-09 11:39:27.079035,IF-002,SAP_S4HANA,WMS_MANHATTAN,DESADV,SUCCESS,68.6,53.29,0
LOG-0003613,2026-09-09 11:40:57.079035,IF-008,SAP_CPI,3PL_PROVIDER,DESADV,SUCCESS,318.3,36.04,0
LOG-0004215,2026-09-09 11:46:31.079035,IF-005,SAP_S4HANA,BTP_APP,OData,SUCCESS,112.6,27.16,0
LOG-0000415,2026-09-09 11:48:18.079035,IF-004,SAP_ECC,B2B_VAN_SPS,INVOIC,SUCCESS,68.8,10.55,0
LOG-0004737,2026-09-09 11:51:17.079035,IF-005,SAP_S4HANA,BTP_APP,OData,SUCCESS,183.5,11.4,0
LOG-0003846,2026-09-09 11:57:42.079035,IF-004,SAP_ECC,B2B_VAN_SPS,INVOIC,SUCCESS,68.4,2.14,0
LOG-0001679,2026-09-09 12:16:51.079035,IF-003,SAP_S4HANA,ARIBA_NETWORK,ORDRSP,SUCCESS,73.6,10.19,0
LOG-0001869,2026-09-09 12:25:05.079035,IF-002,SAP_S4HANA,WMS_MANHATTAN,DESADV,SUCCESS,165.3,10.46,0
LOG-0001643,2026-09-09 12:26:21.079035,IF-002,SAP_S4HANA,WMS_MANHATTAN,DESADV,SUCCESS,91.7,1.41,0
LOG-0001253,2026-09-09 12:39:17.079035,IF-006,LEGACY_MAINFRAME,SAP_ECC,MATMAS,SUCCESS,35.8,20.01,0
LOG-0001805,2026-09-09 12:45:45.079035,IF-002,SAP_S4HANA,WMS_MANHATTAN,DESADV,SUCCESS,116.2,14.35,0
LOG-0002614,2026-09-09 12:48:14.079035,IF-002,SAP_S4HANA,WMS_MANHATTAN,DESADV,SUCCESS,29.7,9.7,0
LOG-0001824,2026-09-09 12:55:41.079035,IF-008,SAP_CPI,3PL_PROVIDER,DESADV,SUCCESS,127.8,9.62,0
LOG-0002392,2026-09-09 13:02:34.079035,IF-008,SAP_CPI,3PL_PROVIDER,DESADV,SUCCESS,84.4,1.22,0
LOG-0004507,2026-09-09 13:06:41.079035,IF-002,SAP_S4HANA,WMS_MANHATTAN,DESADV,SUCCESS,96.4,6.41,0
LOG-0001328,2026-09-09 13:08:02.079035,IF-005,SAP_S4HANA,BTP_APP,OData,FAILED,113.2,6.01,2
LOG-0002867,2026-09-09 13:17:04.079035,IF-005,SAP_S4HANA,BTP_APP,OData,SUCCESS,64.6,16.32,0
LOG-0002220,2026-09-09 13:32:27.079035,IF-004,SAP_ECC,B2B_VAN_SPS,INVOIC,FAILED,101.9,2.33,2
LOG-0004471,2026-09-09 13:33:55.079035,IF-003,SAP_S4HANA,ARIBA_NETWORK,ORDRSP,SUCCESS,27.5,4.28,0
LOG-0004348,2026-09-09 13:40:56.079035,IF-002,SAP_S4HANA,WMS_MANHATTAN,DESADV,SUCCESS,50.5,11.5,0
LOG-0000357,2026-09-09 13:41:24.079035,IF-004,SAP_ECC,B2B_VAN_SPS,INVOIC,SUCCESS,39.6,4.46,0
LOG-0000498,2026-09-09 13:54:55.079035,IF-002,SAP_S4HANA,WMS_MANHATTAN,DESADV,SUCCESS,178.7,9.48,0
LOG-0001791,2026-09-09 14:16:37.079035,IF-002,SAP_S4HANA,WMS_MANHATTAN,DESADV,SUCCESS,70.0,10.34,0
LOG-0001404,2026-09-09 14:25:27.079035,IF-001,SAP_ECC,SFDC_CRM,ORDERS,SUCCESS,106.3,4.28,0
LOG-0001511,2026-09-09 14:30:40.079035,IF-007,SAP_S4HANA,DATA_LAKE,CDC,SUCCESS,128.7,11.67,0
LOG-0004518,2026-09-09 14:33:27.079035,IF-001,SAP_ECC,SFDC_CRM,ORDERS,SUCCESS,199.6,11.37,0
LOG-0002912,2026-09-09 14:46:46.079035,IF-001,SAP_ECC,SFDC_CRM,ORDERS,SUCCESS,76.3,27.81,0
LOG-0000533,2026-09-09 14:47:40.079035,IF-004,SAP_ECC,B2B_VAN_SPS,INVOIC,SUCCESS,70.5,30.4,0
LOG-0003871,2026-09-09 15:02:40.079035,IF-003,SAP_S4HANA,ARIBA_NETWORK,ORDRSP,SUCCESS,58.7,38.95,0
LOG-0001792,2026-09-09 15:04:57.079035,IF-002,SAP_S4HANA,WMS_MANHATTAN,DESADV,SUCCESS,76.1,1.38,0
LOG-0002143,2026-09-09 15:10:50.079035,IF-002,SAP_S4HANA,WMS_MANHATTAN,DESADV,SUCCESS,180.5,2.08,0
LOG-0003270,2026-09-09 15:14:06.079035,IF-005,SAP_S4HANA,BTP_APP,OData,SUCCESS,215.4,16.37,0
LOG-0002339,2026-09-09 15:16:03.079035,IF-008,SAP_CPI,3PL_PROVIDER,DESADV,FAILED,46.7,13.62,1
LOG-0004862,2026-09-09 15:24:40.079035,IF-006,LEGACY_MAINFRAME,SAP_ECC,MATMAS,SUCCESS,107.6,24.18,0
LOG-0002188,2026-09-09 15:24:58.079035,IF-005,SAP_S4HANA,BTP_APP,OData,SUCCESS,66.9,8.96,0
LOG-0004696,2026-09-09 15:28:46.079035,IF-003,SAP_S4HANA,ARIBA_NETWORK,ORDRSP,FAILED,45.2,11.87,3
LOG-0004749,2026-09-09 15:46:22.079035,IF-008,SAP_CPI,3PL_PROVIDER,DESADV,SUCCESS,30.3,9.64,0
LOG-0003954,2026-09-09 16:00:24.079035,IF-007,SAP_S4HANA,DATA_LAKE,CDC,SUCCESS,48.4,4.01,0
LOG-0002793,2026-09-09 16:04:09.079035,IF-008,SAP_CPI,3PL_PROVIDER,DESADV,SUCCESS,107.3,6.53,0
LOG-0001645,2026-09-09 16:18:13.079035,IF-004,SAP_ECC,B2B_VAN_SPS,INVOIC,SUCCESS,44.3,12.93,0
LOG-0002756,2026-09-09 16:33:26.079035,IF-004,SAP_ECC,B2B_VAN_SPS,INVOIC,SUCCESS,40.9,22.37,0
LOG-0004956,2026-09-09 16:42:53.079035,IF-001,SAP_ECC,SFDC_CRM,ORDERS,SUCCESS,123.8,1.24,0
LOG-0004216,2026-09-09 16:50:02.079035,IF-008,SAP_CPI,3PL_PROVIDER,DESADV,SUCCESS,85.5,1.04,0
LOG-0004937,2026-09-09 17:00:40.079035,IF-001,SAP_ECC,SFDC_CRM,ORDERS,SUCCESS,62.3,19.67,0
LOG-0003003,2026-09-09 17:07:48.079035,IF-004,SAP_ECC,B2B_VAN_SPS,INVOIC,SUCCESS,51.2,12.37,0
LOG-0003907,2026-09-09 17:10:15.079035,IF-008,SAP_CPI,3PL_PROVIDER,DESADV,SUCCESS,43.4,40.42,0
LOG-0003181,2026-09-09 17:27:22.079035,IF-007,SAP_S4HANA,DATA_LAKE,CDC,SUCCESS,235.7,35.66,0
LOG-0000102,2026-09-09 17:34:23.079035,IF-003,SAP_S4HANA,ARIBA_NETWORK,ORDRSP,TIMEOUT,53.6,8.78,0
LOG-0000413,2026-09-09 17:38:32.079035,IF-003,SAP_S4HANA,ARIBA_NETWORK,ORDRSP,SUCCESS,107.1,2.49,0
LOG-0003617,2026-09-09 17:59:04.079035,IF-007,SAP_S4HANA,DATA_LAKE,CDC,SUCCESS,66.9,17.46,0
LOG-0002728,2026-09-09 18:04:39.079035,IF-001,SAP_ECC,SFDC_CRM,ORDERS,SUCCESS,46.8,3.18,0
LOG-0001326,2026-09-09 18:40:40.079035,IF-004,SAP_ECC,B2B_VAN_SPS,INVOIC,SUCCESS,28.7,13.95,0
LOG-0001443,2026-09-09 18:43:22.079035,IF-006,LEGACY_MAINFRAME,SAP_ECC,MATMAS,SUCCESS,61.0,0.94,0
LOG-0000185,2026-09-09 18:55:24.079035,IF-002,SAP_S4HANA,WMS_MANHATTAN,DESADV,FAILED,61.7,0.77,0
LOG-0003658,2026-09-09 19:05:14.079035,IF-001,SAP_ECC,SFDC_CRM,ORDERS,RETRY,77.4,30.56,2
LOG-0002488,2026-09-09 19:09:16.079035,IF-008,SAP_CPI,3PL_PROVIDER,DESADV,SUCCESS,43.9,1.1,0
LOG-0000992,2026-09-09 19:11:28.079035,IF-007,SAP_S4HANA,DATA_LAKE,CDC,SUCCESS,81.9,10.21,0
LOG-0000188,2026-09-09 19:26:27.079035,IF-007,SAP_S4HANA,DATA_LAKE,CDC,SUCCESS,31.0,9.7,0
LOG-0001912,2026-09-09 19:30:27.079035,IF-006,LEGACY_MAINFRAME,SAP_ECC,MATMAS,SUCCESS,125.7,6.44,0
LOG-0001379,2026-09-09 19:32:02.079035,IF-007,SAP_S4HANA,DATA_LAKE,CDC,SUCCESS,71.5,6.84,0
LOG-0003707,2026-09-09 19:34:18.079035,IF-001,SAP_ECC,SFDC_CRM,ORDERS,SUCCESS,47.4,2.22,0
LOG-0001011,2026-09-09 19:38:13.079035,IF-002,SAP_S4HANA,WMS_MANHATTAN,DESADV,SUCCESS,47.1,25.26,0
LOG-0003555,2026-09-09 19:45:57.079035,IF-006,LEGACY_MAINFRAME,SAP_ECC,MATMAS,SUCCESS,59.5,28.27,0
LOG-0000327,2026-09-09 20:02:19.079035,IF-005,SAP_S4HANA,BTP_APP,OData,SUCCESS,85.1,5.81,0
LOG-0003985,2026-09-09 20:07:48.079035,IF-004,SAP_ECC,B2B_VAN_SPS,INVOIC,SUCCESS,75.2,25.23,0
LOG-0000395,2026-09-09 20:13:41.079035,IF-001,SAP_ECC,SFDC_CRM,ORDERS,TIMEOUT,80.3,11.88,0
LOG-0003630,2026-09-09 20:21:52.079035,IF-002,SAP_S4HANA,WMS_MANHATTAN,DESADV,SUCCESS,100.5,12.6,0
LOG-0003813,2026-09-09 20:49:42.079035,IF-007,SAP_S4HANA,DATA_LAKE,CDC,SUCCESS,67.8,9.1,0
LOG-0000063,2026-09-09 20:53:11.079035,IF-008,SAP_CPI,3PL_PROVIDER,DESADV,SUCCESS,63.4,1.55,0
LOG-0001352,2026-09-09 20:54:34.079035,IF-006,LEGACY_MAINFRAME,SAP_ECC,MATMAS,SUCCESS,60.7,17.04,0
LOG-0000418,2026-09-09 21:00:36.079035,IF-003,SAP_S4HANA,ARIBA_NETWORK,ORDRSP,SUCCESS,86.4,4.59,0
LOG-0003190,2026-09-09 21:02:25.079035,IF-006,LEGACY_MAINFRAME,SAP_ECC,MATMAS,SUCCESS,38.9,6.13,0
LOG-0002256,2026-09-09 21:14:34.079035,IF-007,SAP_S4HANA,DATA_LAKE,CDC,SUCCESS,53.6,1.26,0
LOG-0001970,2026-09-09 21:18:30.079035,IF-007,SAP_S4HANA,DATA_LAKE,CDC,SUCCESS,86.7,5.59,0
LOG-0001324,2026-09-09 21:20:01.079035,IF-001,SAP_ECC,SFDC_CRM,ORDERS,SUCCESS,40.6,4.38,0
LOG-0000789,2026-09-09 21:30:56.079035,IF-002,SAP_S4HANA,WMS_MANHATTAN,DESADV,SUCCESS,39.9,1.33,0
LOG-0000798,2026-09-09 21:41:29.079035,IF-004,SAP_ECC,B2B_VAN_SPS,INVOIC,SUCCESS,41.7,3.25,0
LOG-0001854,2026-09-09 21:41:32.079035,IF-001,SAP_ECC,SFDC_CRM,ORDERS,SUCCESS,57.1,7.86,0
LOG-0004990,2026-09-09 21:45:50.079035,IF-003,SAP_S4HANA,ARIBA_NETWORK,ORDRSP,SUCCESS,90.8,11.79,0
LOG-0000336,2026-09-09 21:56:21.079035,IF-001,SAP_ECC,SFDC_CRM,ORDERS,SUCCESS,46.1,9.86,0
LOG-0003140,2026-09-09 21:57:51.079035,IF-005,SAP_S4HANA,BTP_APP,OData,SUCCESS,182.4,21.1,0
LOG-0003423,2026-09-09 21:59:16.079035,IF-006,LEGACY_MAINFRAME,SAP_ECC,MATMAS,SUCCESS,73.0,6.77,0
LOG-0001915,2026-09-09 22:09:26.079035,IF-008,SAP_CPI,3PL_PROVIDER,DESADV,SUCCESS,201.3,15.57,0
LOG-0004433,2026-09-09 22:13:18.079035,IF-007,SAP_S4HANA,DATA_LAKE,CDC,SUCCESS,80.3,13.23,0
LOG-0000889,2026-09-09 22:14:24.079035,IF-005,SAP_S4HANA,BTP_APP,OData,SUCCESS,47.6,1.41,0
LOG-0003400,2026-09-09 22:31:57.079035,IF-006,LEGACY_MAINFRAME,SAP_ECC,MATMAS,FAILED,213.3,3.62,3
LOG-0000320,2026-09-09 22:46:41.079035,IF-005,SAP_S4HANA,BTP_APP,OData,SUCCESS,37.5,8.79,0
LOG-0001565,2026-09-09 22:54:04.079035,IF-002,SAP_S4HANA,WMS_MANHATTAN,DESADV,FAILED,100.8,3.99,3
LOG-0000265,2026-09-09 23:02:54.079035,IF-004,SAP_ECC,B2B_VAN_SPS,INVOIC,SUCCESS,44.1,10.09,0
LOG-0000615,2026-09-09 23:08:36.079035,IF-004,SAP_ECC,B2B_VAN_SPS,INVOIC,SUCCESS,35.1,12.52,0
LOG-0002894,2026-09-09 23:17:50.079035,IF-006,LEGACY_MAINFRAME,SAP_ECC,MATMAS,SUCCESS,113.4,6.6,0
LOG-0003940,2026-09-09 23:18:26.079035,IF-008,SAP_CPI,3PL_PROVIDER,DESADV,SUCCESS,39.3,4.4,0
LOG-0003487,2026-09-09 23:36:37.079035,IF-001,SAP_ECC,SFDC_CRM,ORDERS,SUCCESS,93.2,46.55,0
LOG-0003561,2026-09-09 23:39:46.079035,IF-005,SAP_S4HANA,BTP_APP,OData,SUCCESS,95.6,9.29,0
LOG-0001918,2026-09-09 23:46:53.079035,IF-008,SAP_CPI,3PL_PROVIDER,DESADV,SUCCESS,40.4,1.55,0
LOG-0002324,2026-09-09 23:51:50.079035,IF-004,SAP_ECC,B2B_VAN_SPS,INVOIC,SUCCESS,117.0,11.74,0
LOG-0003546,2026-09-10 00:00:52.079035,IF-007,SAP_S4HANA,DATA_LAKE,CDC,SUCCESS,63.2,20.29,0
LOG-0004731,2026-09-10 00:11:26.079035,IF-008,SAP_CPI,3PL_PROVIDER,DESADV,SUCCESS,105.7,37.84,0
LOG-0003289,2026-09-10 00:20:12.079035,IF-004,SAP_ECC,B2B_VAN_SPS,INVOIC,SUCCESS,138.0,9.46,0
LOG-0003564,2026-09-10 00:30:25.079035,IF-002,SAP_S4HANA,WMS_MANHATTAN,DESADV,SUCCESS,101.2,10.28,0
LOG-0003046,2026-09-10 00:37:30.079035,IF-008,SAP_CPI,3PL_PROVIDER,DESADV,SUCCESS,71.3,3.25,0
LOG-0003804,2026-09-10 00:39:20.079035,IF-007,SAP_S4HANA,DATA_LAKE,CDC,SUCCESS,134.9,7.18,0
LOG-0000614,2026-09-10 00:49:55.079035,IF-006,LEGACY_MAINFRAME,SAP_ECC,MATMAS,SUCCESS,47.7,5.93,0
LOG-0001783,2026-09-10 00:54:34.079035,IF-004,SAP_ECC,B2B_VAN_SPS,INVOIC,SUCCESS,33.5,33.65,0
LOG-0001727,2026-09-10 01:24:07.079035,IF-001,SAP_ECC,SFDC_CRM,ORDERS,SUCCESS,92.3,58.73,0
LOG-0004899,2026-09-10 01:25:43.079035,IF-006,LEGACY_MAINFRAME,SAP_ECC,MATMAS,SUCCESS,34.0,3.61,0
LOG-0002585,2026-09-10 01:33:17.079035,IF-003,SAP_S4HANA,ARIBA_NETWORK,ORDRSP,SUCCESS,80.9,4.18,0
LOG-0004646,2026-09-10 01:41:02.079035,IF-004,SAP_ECC,B2B_VAN_SPS,INVOIC,SUCCESS,20.8,11.5,0
LOG-0003947,2026-09-10 02:14:26.079035,IF-003,SAP_S4HANA,ARIBA_NETWORK,ORDRSP,SUCCESS,120.9,2.33,0
LOG-0002430,2026-09-10 02:37:13.079035,IF-005,SAP_S4HANA,BTP_APP,OData,SUCCESS,87.1,2.24,0
LOG-0004033,2026-09-10 02:57:39.079035,IF-007,SAP_S4HANA,DATA_LAKE,CDC,SUCCESS,287.0,11.06,0
LOG-0002815,2026-09-10 03:00:13.079035,IF-001,SAP_ECC,SFDC_CRM,ORDERS,SUCCESS,131.1,7.97,0
LOG-0001922,2026-09-10 03:07:44.079035,IF-002,SAP_S4HANA,WMS_MANHATTAN,DESADV,SUCCESS,551.9,17.78,0
LOG-0004703,2026-09-10 03:20:37.079035,IF-003,SAP_S4HANA,ARIBA_NETWORK,ORDRSP,SUCCESS,47.2,16.38,0
LOG-0004174,2026-09-10 03:23:32.079035,IF-003,SAP_S4HANA,ARIBA_NETWORK,ORDRSP,SUCCESS,41.4,7.41,0
LOG-0001902,2026-09-10 03:25:17.079035,IF-006,LEGACY_MAINFRAME,SAP_ECC,MATMAS,SUCCESS,185.1,8.97,0
LOG-0002707,2026-09-10 03:32:10.079035,IF-001,SAP_ECC,SFDC_CRM,ORDERS,SUCCESS,85.6,3.54,0
LOG-0000043,2026-09-10 03:32:46.079035,IF-001,SAP_ECC,SFDC_CRM,ORDERS,SUCCESS,65.2,4.14,0
LOG-0004912,2026-09-10 04:03:36.079035,IF-001,SAP_ECC,SFDC_CRM,ORDERS,SUCCESS,81.3,3.96,0
LOG-0001297,2026-09-10 04:09:21.079035,IF-005,SAP_S4HANA,BTP_APP,OData,SUCCESS,77.7,11.35,0
LOG-0003977,2026-09-10 04:20:54.079035,IF-007,SAP_S4HANA,DATA_LAKE,CDC,FAILED,34.9,17.89,0
LOG-0003260,2026-09-10 04:26:15.079035,IF-003,SAP_S4HANA,ARIBA_NETWORK,ORDRSP,FAILED,98.8,2.03,2
LOG-0000133,2026-09-10 04:52:49.079035,IF-007,SAP_S4HANA,DATA_LAKE,CDC,SUCCESS,26.1,2.58,0
LOG-0000044,2026-09-10 05:00:16.079035,IF-007,SAP_S4HANA,DATA_LAKE,CDC,SUCCESS,45.1,9.21,0
LOG-0003807,2026-09-10 05:11:44.079035,IF-001,SAP_ECC,SFDC_CRM,ORDERS,SUCCESS,64.2,8.89,0
LOG-0004231,2026-09-10 05:15:06.079035,IF-005,SAP_S4HANA,BTP_APP,OData,SUCCESS,65.2,21.04,0
LOG-0001937,2026-09-10 05:16:22.079035,IF-006,LEGACY_MAINFRAME,SAP_ECC,MATMAS,SUCCESS,81.7,3.32,0
LOG-0004307,2026-09-10 05:36:44.079035,IF-001,SAP_ECC,SFDC_CRM,ORDERS,SUCCESS,58.0,3.17,0
LOG-0003500,2026-09-10 05:38:40.079035,IF-002,SAP_S4HANA,WMS_MANHATTAN,DESADV,SUCCESS,29.3,6.47,0
LOG-0004149,2026-09-10 05:38:57.079035,IF-007,SAP_S4HANA,DATA_LAKE,CDC,SUCCESS,129.6,20.86,0
LOG-0001489,2026-09-10 05:46:14.079035,IF-002,SAP_S4HANA,WMS_MANHATTAN,DESADV,SUCCESS,51.5,9.97,0
LOG-0004214,2026-09-10 05:47:14.079035,IF-004,SAP_ECC,B2B_VAN_SPS,INVOIC,FAILED,80.5,5.73,0
LOG-0000793,2026-09-10 05:54:26.079035,IF-001,SAP_ECC,SFDC_CRM,ORDERS,SUCCESS,131.5,27.76,0
LOG-0002592,2026-09-10 06:00:33.079035,IF-003,SAP_S4HANA,ARIBA_NETWORK,ORDRSP,SUCCESS,22.1,1.47,0
LOG-0003114,2026-09-10 06:00:38.079035,IF-001,SAP_ECC,SFDC_CRM,ORDERS,SUCCESS,71.8,4.8,0
LOG-0000416,2026-09-10 06:17:31.079035,IF-005,SAP_S4HANA,BTP_APP,OData,SUCCESS,162.9,1.66,0
LOG-0001537,2026-09-10 06:17:53.079035,IF-001,SAP_ECC,SFDC_CRM,ORDERS,SUCCESS,62.5,9.77,0
LOG-0001947,2026-09-10 06:18:35.079035,IF-002,SAP_S4HANA,WMS_MANHATTAN,DESADV,SUCCESS,263.6,12.85,0
LOG-0004573,2026-09-10 06:18:48.079035,IF-002,SAP_S4HANA,WMS_MANHATTAN,DESADV,SUCCESS,117.5,1.56,0
LOG-0000963,2026-09-10 06:19:03.079035,IF-007,SAP_S4HANA,DATA_LAKE,CDC,SUCCESS,60.9,9.4,0
LOG-0002803,2026-09-10 06:27:10.079035,IF-008,SAP_CPI,3PL_PROVIDER,DESADV,SUCCESS,12.4,11.48,0
LOG-0003926,2026-09-10 06:29:10.079035,IF-001,SAP_ECC,SFDC_CRM,ORDERS,SUCCESS,80.8,9.06,0
LOG-0002357,2026-09-10 06:43:08.079035,IF-004,SAP_ECC,B2B_VAN_SPS,INVOIC,SUCCESS,67.5,4.79,0
LOG-0003606,2026-09-10 06:44:31.079035,IF-005,SAP_S4HANA,BTP_APP,OData,SUCCESS,43.0,11.14,0
LOG-0003285,2026-09-10 06:58:45.079035,IF-006,LEGACY_MAINFRAME,SAP_ECC,MATMAS,SUCCESS,148.5,8.35,0
LOG-0000308,2026-09-10 07:29:24.079035,IF-002,SAP_S4HANA,WMS_MANHATTAN,DESADV,SUCCESS,116.9,6.41,0
LOG-0000779,2026-09-10 07:34:49.079035,IF-006,LEGACY_MAINFRAME,SAP_ECC,MATMAS,SUCCESS,41.7,34.99,0
LOG-0004901,2026-09-10 07:36:11.079035,IF-002,SAP_S4HANA,WMS_MANHATTAN,DESADV,SUCCESS,58.8,1.07,0
LOG-0001153,2026-09-10 07:53:11.079035,IF-007,SAP_S4HANA,DATA_LAKE,CDC,SUCCESS,200.9,2.27,0
LOG-0001405,2026-09-10 08:00:13.079035,IF-007,SAP_S4HANA,DATA_LAKE,CDC,SUCCESS,172.0,0.77,0
LOG-0002132,2026-09-10 08:04:43.079035,IF-004,SAP_ECC,B2B_VAN_SPS,INVOIC,SUCCESS,57.4,16.81,0
LOG-0004907,2026-09-10 08:09:55.079035,IF-005,SAP_S4HANA,BTP_APP,OData,SUCCESS,77.8,3.22,0
LOG-0003800,2026-09-10 08:11:02.079035,IF-002,SAP_S4HANA,WMS_MANHATTAN,DESADV,SUCCESS,65.0,22.29,0
LOG-0002765,2026-09-10 08:11:54.079035,IF-001,SAP_ECC,SFDC_CRM,ORDERS,SUCCESS,123.3,17.12,0
LOG-0003886,2026-09-10 08:20:52.079035,IF-003,SAP_S4HANA,ARIBA_NETWORK,ORDRSP,SUCCESS,23.4,25.39,0
LOG-0001041,2026-09-10 08:21:17.079035,IF-001,SAP_ECC,SFDC_CRM,ORDERS,FAILED,150.8,17.97,0
LOG-0000285,2026-09-10 08:24:50.079035,IF-008,SAP_CPI,3PL_PROVIDER,DESADV,SUCCESS,95.2,10.77,0
LOG-0001098,2026-09-10 08:37:28.079035,IF-002,SAP_S4HANA,WMS_MANHATTAN,DESADV,TIMEOUT,47.9,12.33,0
LOG-0003642,2026-09-10 08:45:11.079035,IF-003,SAP_S4HANA,ARIBA_NETWORK,ORDRSP,RETRY,63.7,7.68,0
LOG-0000647,2026-09-10 08:45:54.079035,IF-003,SAP_S4HANA,ARIBA_NETWORK,ORDRSP,SUCCESS,52.0,1.84,0
LOG-0000120,2026-09-10 08:51:09.079035,IF-006,LEGACY_MAINFRAME,SAP_ECC,MATMAS,RETRY,49.1,2.44,1
LOG-0000618,2026-09-10 08:58:18.079035,IF-001,SAP_ECC,SFDC_CRM,ORDERS,SUCCESS,23.2,5.65,0
LOG-0000002,2026-09-10 09:02:06.079035,IF-004,SAP_ECC,B2B_VAN_SPS,INVOIC,SUCCESS,62.0,10.68,0
LOG-0003924,2026-09-10 09:05:25.079035,IF-006,LEGACY_MAINFRAME,SAP_ECC,MATMAS,SUCCESS,70.6,9.58,0
LOG-0004049,2026-09-10 09:08:08.079035,IF-008,SAP_CPI,3PL_PROVIDER,DESADV,SUCCESS,116.3,11.17,0
LOG-0001381,2026-09-10 09:16:07.079035,IF-002,SAP_S4HANA,WMS_MANHATTAN,DESADV,SUCCESS,78.0,2.87,0
LOG-0003374,2026-09-10 09:48:42.079035,IF-007,SAP_S4HANA,DATA_LAKE,CDC,SUCCESS,73.6,1.15,0
LOG-0003744,2026-09-10 09:55:06.079035,IF-006,LEGACY_MAINFRAME,SAP_ECC,MATMAS,SUCCESS,40.3,5.65,0
LOG-0002181,2026-09-10 09:58:54.079035,IF-005,SAP_S4HANA,BTP_APP,OData,SUCCESS,148.8,5.02,0
LOG-0001469,2026-09-10 10:01:08.079035,IF-006,LEGACY_MAINFRAME,SAP_ECC,MATMAS,SUCCESS,66.5,18.25,0
LOG-0000877,2026-09-10 10:03:20.079035,IF-008,SAP_CPI,3PL_PROVIDER,DESADV,SUCCESS,130.7,2.91,0
LOG-0000163,2026-09-10 10:25:12.079035,IF-002,SAP_S4HANA,WMS_MANHATTAN,DESADV,SUCCESS,63.0,4.1,0
LOG-0003975,2026-09-10 11:01:32.079035,IF-008,SAP_CPI,3PL_PROVIDER,DESADV,SUCCESS,86.4,8.85,0
LOG-0004227,2026-09-10 11:13:34.079035,IF-005,SAP_S4HANA,BTP_APP,OData,SUCCESS,50.1,5.13,0
LOG-0004351,2026-09-10 11:39:02.079035,IF-004,SAP_ECC,B2B_VAN_SPS,INVOIC,SUCCESS,75.8,56.5,0
LOG-0002698,2026-09-10 11:52:19.079035,IF-003,SAP_S4HANA,ARIBA_NETWORK,ORDRSP,SUCCESS,72.4,6.23,0
LOG-0001221,2026-09-10 11:53:46.079035,IF-001,SAP_ECC,SFDC_CRM,ORDERS,SUCCESS,58.4,2.5,0
LOG-0000013,2026-09-10 12:07:29.079035,IF-002,SAP_S4HANA,WMS_MANHATTAN,DESADV,SUCCESS,68.7,15.5,0
LOG-0004840,2026-09-10 12:08:08.079035,IF-006,LEGACY_MAINFRAME,SAP_ECC,MATMAS,SUCCESS,62.3,8.09,0
LOG-0002702,2026-09-10 12:12:43.079035,IF-004,SAP_ECC,B2B_VAN_SPS,INVOIC,SUCCESS,105.3,5.67,0
LOG-0004762,2026-09-10 12:13:48.079035,IF-007,SAP_S4HANA,DATA_LAKE,CDC,SUCCESS,109.3,3.5,0
LOG-0000569,2026-09-10 12:56:46.079035,IF-002,SAP_S4HANA,WMS_MANHATTAN,DESADV,SUCCESS,112.9,11.67,0
LOG-0002565,2026-09-10 13:08:32.079035,IF-007,SAP_S4HANA,DATA_LAKE,CDC,SUCCESS,31.7,4.06,0
LOG-0002919,2026-09-10 13:12:31.079035,IF-003,SAP_S4HANA,ARIBA_NETWORK,ORDRSP,SUCCESS,57.6,1.64,0
LOG-0004280,2026-09-10 13:17:08.079035,IF-003,SAP_S4HANA,ARIBA_NETWORK,ORDRSP,SUCCESS,150.5,7.27,0
LOG-0000064,2026-09-10 13:20:08.079035,IF-008,SAP_CPI,3PL_PROVIDER,DESADV,SUCCESS,54.9,10.99,0
LOG-0003571,2026-09-10 13:39:25.079035,IF-004,SAP_ECC,B2B_VAN_SPS,INVOIC,SUCCESS,43.8,1.53,0
LOG-0002799,2026-09-10 13:48:42.079035,IF-004,SAP_ECC,B2B_VAN_SPS,INVOIC,RETRY,87.1,20.71,1
LOG-0002886,2026-09-10 13:59:08.079035,IF-004,SAP_ECC,B2B_VAN_SPS,INVOIC,SUCCESS,55.3,25.13,0
LOG-0002068,2026-09-10 14:03:43.079035,IF-006,LEGACY_MAINFRAME,SAP_ECC,MATMAS,SUCCESS,69.4,6.61,0
LOG-0001249,2026-09-10 14:14:05.079035,IF-004,SAP_ECC,B2B_VAN_SPS,INVOIC,SUCCESS,97.5,15.01,0
LOG-0004887,2026-09-10 14:31:41.079035,IF-001,SAP_ECC,SFDC_CRM,ORDERS,SUCCESS,35.5,7.99,0
LOG-0002289,2026-09-10 14:44:32.079035,IF-008,SAP_CPI,3PL_PROVIDER,DESADV,FAILED,57.8,16.09,1
LOG-0000125,2026-09-10 14:46:31.079035,IF-003,SAP_S4HANA,ARIBA_NETWORK,ORDRSP,SUCCESS,47.3,15.66,0
LOG-0002605,2026-09-10 15:03:20.079035,IF-003,SAP_S4HANA,ARIBA_NETWORK,ORDRSP,SUCCESS,34.4,6.44,0
LOG-0000443,2026-09-10 15:08:04.079035,IF-005,SAP_S4HANA,BTP_APP,OData,SUCCESS,67.6,3.61,0
LOG-0004026,2026-09-10 15:22:54.079035,IF-003,SAP_S4HANA,ARIBA_NETWORK,ORDRSP,SUCCESS,104.0,13.37,0
LOG-0002552,2026-09-10 15:32:21.079035,IF-004,SAP_ECC,B2B_VAN_SPS,INVOIC,SUCCESS,67.4,3.0,0
LOG-0004278,2026-09-10 15:36:14.079035,IF-003,SAP_S4HANA,ARIBA_NETWORK,ORDRSP,SUCCESS,71.1,50.37,0
LOG-0002107,2026-09-10 15:40:22.079035,IF-003,SAP_S4HANA,ARIBA_NETWORK,ORDRSP,SUCCESS,355.0,2.28,0
LOG-0001759,2026-09-10 15:40:47.079035,IF-003,SAP_S4HANA,ARIBA_NETWORK,ORDRSP,SUCCESS,20.8,5.02,0
LOG-0001220,2026-09-10 15:52:10.079035,IF-005,SAP_S4HANA,BTP_APP,OData,SUCCESS,138.1,5.22,0
LOG-0002494,2026-09-10 16:00:32.079035,IF-002,SAP_S4HANA,WMS_MANHATTAN,DESADV,SUCCESS,61.6,2.2,0
LOG-0000015,2026-09-10 16:04:05.079035,IF-007,SAP_S4HANA,DATA_LAKE,CDC,SUCCESS,77.4,3.73,0
LOG-0000444,2026-09-10 16:05:39.079035,IF-007,SAP_S4HANA,DATA_LAKE,CDC,RETRY,12.2,4.16,0
LOG-0000255,2026-09-10 16:05:57.079035,IF-006,LEGACY_MAINFRAME,SAP_ECC,MATMAS,SUCCESS,158.7,6.62,0
LOG-0000220,2026-09-10 16:07:03.079035,IF-003,SAP_S4HANA,ARIBA_NETWORK,ORDRSP,SUCCESS,49.3,8.24,0
LOG-0004088,2026-09-10 16:07:54.079035,IF-001,SAP_ECC,SFDC_CRM,ORDERS,SUCCESS,37.0,1.98,0
LOG-0002881,2026-09-10 16:09:38.079035,IF-008,SAP_CPI,3PL_PROVIDER,DESADV,SUCCESS,183.3,61.57,0
LOG-0004541,2026-09-10 16:19:34.079035,IF-001,SAP_ECC,SFDC_CRM,ORDERS,SUCCESS,96.7,5.76,0
LOG-0003245,2026-09-10 16:26:59.079035,IF-008,SAP_CPI,3PL_PROVIDER,DESADV,SUCCESS,100.3,4.82,0
LOG-0004153,2026-09-10 16:51:30.079035,IF-004,SAP_ECC,B2B_VAN_SPS,INVOIC,SUCCESS,49.5,23.78,0
LOG-0002000,2026-09-10 16:56:11.079035,IF-004,SAP_ECC,B2B_VAN_SPS,INVOIC,SUCCESS,169.7,4.16,0
LOG-0000803,2026-09-10 17:07:15.079035,IF-007,SAP_S4HANA,DATA_LAKE,CDC,RETRY,129.4,6.06,0
LOG-0001522,2026-09-10 17:19:28.079035,IF-008,SAP_CPI,3PL_PROVIDER,DESADV,SUCCESS,49.0,1.26,0
LOG-0003184,2026-09-10 17:39:19.079035,IF-001,SAP_ECC,SFDC_CRM,ORDERS,SUCCESS,36.9,22.35,0
LOG-0002684,2026-09-10 17:53:11.079035,IF-005,SAP_S4HANA,BTP_APP,OData,SUCCESS,134.2,8.19,0
LOG-0002412,2026-09-10 17:54:14.079035,IF-003,SAP_S4HANA,ARIBA_NETWORK,ORDRSP,SUCCESS,79.3,6.3,0
LOG-0001000,2026-09-10 17:59:37.079035,IF-008,SAP_CPI,3PL_PROVIDER,DESADV,SUCCESS,103.3,1.72,0
LOG-0004599,2026-09-10 18:00:27.079035,IF-008,SAP_CPI,3PL_PROVIDER,DESADV,SUCCESS,100.2,4.74,0
LOG-0000678,2026-09-10 18:04:32.079035,IF-008,SAP_CPI,3PL_PROVIDER,DESADV,FAILED,45.5,10.79,0
LOG-0004156,2026-09-10 18:18:47.079035,IF-002,SAP_S4HANA,WMS_MANHATTAN,DESADV,SUCCESS,69.7,2.03,0
LOG-0004493,2026-09-10 18:20:43.079035,IF-005,SAP_S4HANA,BTP_APP,OData,SUCCESS,82.5,4.63,0
LOG-0004910,2026-09-10 18:29:15.079035,IF-001,SAP_ECC,SFDC_CRM,ORDERS,SUCCESS,41.2,11.99,0
LOG-0001718,2026-09-10 18:48:09.079035,IF-008,SAP_CPI,3PL_PROVIDER,DESADV,SUCCESS,62.4,5.35,0
LOG-0002421,2026-09-10 19:04:36.079035,IF-008,SAP_CPI,3PL_PROVIDER,DESADV,SUCCESS,90.5,1.81,0
LOG-0002814,2026-09-10 19:34:06.079035,IF-005,SAP_S4HANA,BTP_APP,OData,SUCCESS,45.7,12.77,0
LOG-0003212,2026-09-10 20:00:13.079035,IF-003,SAP_S4HANA,ARIBA_NETWORK,ORDRSP,SUCCESS,181.5,3.7,0
LOG-0002806,2026-09-10 20:01:09.079035,IF-005,SAP_S4HANA,BTP_APP,OData,SUCCESS,94.2,6.45,0
LOG-0002092,2026-09-10 20:26:29.079035,IF-002,SAP_S4HANA,WMS_MANHATTAN,DESADV,SUCCESS,128.4,12.14,0
LOG-0003651,2026-09-10 20:42:36.079035,IF-006,LEGACY_MAINFRAME,SAP_ECC,MATMAS,SUCCESS,35.6,14.86,0
LOG-0003128,2026-09-10 20:48:47.079035,IF-008,SAP_CPI,3PL_PROVIDER,DESADV,SUCCESS,26.1,8.99,0
LOG-0001719,2026-09-10 20:50:07.079035,IF-002,SAP_S4HANA,WMS_MANHATTAN,DESADV,SUCCESS,138.2,1.7,0
LOG-0002994,2026-09-10 20:54:01.079035,IF-002,SAP_S4HANA,WMS_MANHATTAN,DESADV,SUCCESS,34.6,13.8,0
LOG-0003133,2026-09-10 20:57:39.079035,IF-004,SAP_ECC,B2B_VAN_SPS,INVOIC,SUCCESS,516.2,24.18,0
LOG-0001894,2026-09-10 21:02:36.079035,IF-002,SAP_S4HANA,WMS_MANHATTAN,DESADV,SUCCESS,95.1,11.49,0
LOG-0002851,2026-09-10 21:06:19.079035,IF-005,SAP_S4HANA,BTP_APP,OData,SUCCESS,69.3,28.86,0
LOG-0002191,2026-09-10 21:09:33.079035,IF-002,SAP_S4HANA,WMS_MANHATTAN,DESADV,FAILED,100.3,7.1,3
LOG-0004358,2026-09-10 21:13:23.079035,IF-005,SAP_S4HANA,BTP_APP,OData,SUCCESS,93.5,1.1,0
LOG-0004802,2026-09-10 21:20:33.079035,IF-003,SAP_S4HANA,ARIBA_NETWORK,ORDRSP,FAILED,37.8,15.64,3
LOG-0003141,2026-09-10 21:25:39.079035,IF-004,SAP_ECC,B2B_VAN_SPS,INVOIC,SUCCESS,95.3,11.07,0
LOG-0002359,2026-09-10 21:36:41.079035,IF-001,SAP_ECC,SFDC_CRM,ORDERS,SUCCESS,109.1,2.43,0
LOG-0003788,2026-09-10 21:37:27.079035,IF-002,SAP_S4HANA,WMS_MANHATTAN,DESADV,SUCCESS,88.7,18.8,0
LOG-0003325,2026-09-10 21:48:59.079035,IF-007,SAP_S4HANA,DATA_LAKE,CDC,SUCCESS,132.3,8.16,0
LOG-0000115,2026-09-10 21:51:30.079035,IF-004,SAP_ECC,B2B_VAN_SPS,INVOIC,SUCCESS,71.0,7.13,0
LOG-0000307,2026-09-10 21:52:34.079035,IF-005,SAP_S4HANA,BTP_APP,OData,SUCCESS,78.1,10.53,0
LOG-0000271,2026-09-10 22:05:05.079035,IF-008,SAP_CPI,3PL_PROVIDER,DESADV,SUCCESS,184.9,8.77,0
LOG-0002986,2026-09-10 22:09:57.079035,IF-004,SAP_ECC,B2B_VAN_SPS,INVOIC,SUCCESS,51.5,6.4,0
LOG-0001208,2026-09-10 22:19:48.079035,IF-003,SAP_S4HANA,ARIBA_NETWORK,ORDRSP,SUCCESS,38.8,6.29,0
LOG-0004003,2026-09-10 22:20:52.079035,IF-004,SAP_ECC,B2B_VAN_SPS,INVOIC,SUCCESS,52.3,11.16,0
LOG-0001532,2026-09-10 22:21:10.079035,IF-008,SAP_CPI,3PL_PROVIDER,DESADV,SUCCESS,119.0,13.93,0
LOG-0003856,2026-09-10 22:25:02.079035,IF-008,SAP_CPI,3PL_PROVIDER,DESADV,SUCCESS,35.2,14.2,0
LOG-0002326,2026-09-10 22:36:29.079035,IF-008,SAP_CPI,3PL_PROVIDER,DESADV,SUCCESS,28.2,19.47,0
LOG-0002771,2026-09-10 22:39:21.079035,IF-006,LEGACY_MAINFRAME,SAP_ECC,MATMAS,SUCCESS,231.5,51.31,0
LOG-0000585,2026-09-10 22:39:47.079035,IF-005,SAP_S4HANA,BTP_APP,OData,FAILED,89.3,7.84,2
LOG-0000796,2026-09-10 22:42:57.079035,IF-004,SAP_ECC,B2B_VAN_SPS,INVOIC,SUCCESS,134.9,38.06,0
LOG-0004825,2026-09-10 22:52:19.079035,IF-007,SAP_S4HANA,DATA_LAKE,CDC,SUCCESS,159.5,15.05,0
LOG-0004361,2026-09-10 22:52:23.079035,IF-005,SAP_S4HANA,BTP_APP,OData,RETRY,34.2,1.0,0
LOG-0002643,2026-09-10 22:54:00.079035,IF-007,SAP_S4HANA,DATA_LAKE,CDC,SUCCESS,27.4,3.64,0
LOG-0002662,2026-09-10 23:17:54.079035,IF-007,SAP_S4HANA,DATA_LAKE,CDC,SUCCESS,30.7,4.62,0
LOG-0000624,2026-09-10 23:33:03.079035,IF-003,SAP_S4HANA,ARIBA_NETWORK,ORDRSP,SUCCESS,72.8,5.46,0
LOG-0003294,2026-09-10 23:34:46.079035,IF-002,SAP_S4HANA,WMS_MANHATTAN,DESADV,SUCCESS,24.5,7.77,0
LOG-0004390,2026-09-10 23:50:49.079035,IF-005,SAP_S4HANA,BTP_APP,OData,SUCCESS,98.0,5.08,0
LOG-0002241,2026-09-10 23:53:24.079035,IF-004,SAP_ECC,B2B_VAN_SPS,INVOIC,FAILED,25.2,21.68,3
LOG-0004094,2026-09-10 23:55:16.079035,IF-005,SAP_S4HANA,BTP_APP,OData,SUCCESS,21.8,33.29,0
LOG-0001992,2026-09-10 23:57:36.079035,IF-008,SAP_CPI,3PL_PROVIDER,DESADV,SUCCESS,209.5,3.59,0
LOG-0000837,2026-09-10 23:58:01.079035,IF-007,SAP_S4HANA,DATA_LAKE,CDC,SUCCESS,32.4,53.67,0
LOG-0004236,2026-09-11 00:02:46.079035,IF-005,SAP_S4HANA,BTP_APP,OData,SUCCESS,66.8,11.6,0
LOG-0004332,2026-09-11 00:04:26.079035,IF-006,LEGACY_MAINFRAME,SAP_ECC,MATMAS,RETRY,53.0,9.54,2
LOG-0004483,2026-09-11 00:29:00.079035,IF-006,LEGACY_MAINFRAME,SAP_ECC,MATMAS,SUCCESS,83.0,22.85,0
LOG-0002866,2026-09-11 00:46:08.079035,IF-004,SAP_ECC,B2B_VAN_SPS,INVOIC,SUCCESS,26.0,2.99,0
LOG-0003117,2026-09-11 01:03:46.079035,IF-008,SAP_CPI,3PL_PROVIDER,DESADV,SUCCESS,70.6,19.54,0
LOG-0004608,2026-09-11 01:14:12.079035,IF-007,SAP_S4HANA,DATA_LAKE,CDC,FAILED,36.4,1.03,1
LOG-0004313,2026-09-11 01:20:23.079035,IF-008,SAP_CPI,3PL_PROVIDER,DESADV,SUCCESS,61.5,10.02,0
LOG-0003679,2026-09-11 01:24:15.079035,IF-002,SAP_S4HANA,WMS_MANHATTAN,DESADV,TIMEOUT,37.2,44.93,2
LOG-0000899,2026-09-11 01:26:06.079035,IF-003,SAP_S4HANA,ARIBA_NETWORK,ORDRSP,SUCCESS,49.2,9.13,0
LOG-0001884,2026-09-11 01:32:54.079035,IF-002,SAP_S4HANA,WMS_MANHATTAN,DESADV,SUCCESS,31.1,8.91,0
LOG-0001556,2026-09-11 01:33:36.079035,IF-008,SAP_CPI,3PL_PROVIDER,DESADV,SUCCESS,35.2,35.22,0
LOG-0004058,2026-09-11 01:34:13.079035,IF-006,LEGACY_MAINFRAME,SAP_ECC,MATMAS,SUCCESS,40.5,11.43,0
LOG-0000953,2026-09-11 01:39:17.079035,IF-002,SAP_S4HANA,WMS_MANHATTAN,DESADV,SUCCESS,87.1,10.78,0
LOG-0003263,2026-09-11 01:44:03.079035,IF-005,SAP_S4HANA,BTP_APP,OData,SUCCESS,50.9,2.47,0
LOG-0002887,2026-09-11 02:13:11.079035,IF-008,SAP_CPI,3PL_PROVIDER,DESADV,SUCCESS,95.1,8.15,0
LOG-0000681,2026-09-11 02:43:04.079035,IF-003,SAP_S4HANA,ARIBA_NETWORK,ORDRSP,SUCCESS,121.3,10.74,0
LOG-0000240,2026-09-11 02:45:20.079035,IF-001,SAP_ECC,SFDC_CRM,ORDERS,SUCCESS,54.4,2.93,0
LOG-0004834,2026-09-11 02:57:12.079035,IF-004,SAP_ECC,B2B_VAN_SPS,INVOIC,SUCCESS,85.3,8.13,0
LOG-0002011,2026-09-11 02:58:54.079035,IF-008,SAP_CPI,3PL_PROVIDER,DESADV,SUCCESS,93.1,12.05,0
LOG-0003817,2026-09-11 02:59:38.079035,IF-002,SAP_S4HANA,WMS_MANHATTAN,DESADV,SUCCESS,46.5,11.0,0
LOG-0000235,2026-09-11 03:06:29.079035,IF-005,SAP_S4HANA,BTP_APP,OData,SUCCESS,162.7,4.66,0
LOG-0000941,2026-09-11 03:10:01.079035,IF-002,SAP_S4HANA,WMS_MANHATTAN,DESADV,SUCCESS,100.6,2.31,0
LOG-0000275,2026-09-11 03:11:48.079035,IF-007,SAP_S4HANA,DATA_LAKE,CDC,SUCCESS,53.2,5.24,0
LOG-0000236,2026-09-11 03:14:51.079035,IF-003,SAP_S4HANA,ARIBA_NETWORK,ORDRSP,SUCCESS,128.3,22.23,0
LOG-0002252,2026-09-11 03:16:34.079035,IF-002,SAP_S4HANA,WMS_MANHATTAN,DESADV,SUCCESS,267.7,7.86,0
LOG-0000499,2026-09-11 03:22:31.079035,IF-003,SAP_S4HANA,ARIBA_NETWORK,ORDRSP,SUCCESS,104.8,26.52,0
LOG-0002839,2026-09-11 03:24:08.079035,IF-003,SAP_S4HANA,ARIBA_NETWORK,ORDRSP,SUCCESS,80.2,2.65,0
LOG-0002456,2026-09-11 03:29:30.079035,IF-006,LEGACY_MAINFRAME,SAP_ECC,MATMAS,SUCCESS,29.1,4.06,0
LOG-0001432,2026-09-11 03:30:22.079035,IF-008,SAP_CPI,3PL_PROVIDER,DESADV,SUCCESS,35.7,12.32,0
LOG-0003967,2026-09-11 03:40:02.079035,IF-002,SAP_S4HANA,WMS_MANHATTAN,DESADV,SUCCESS,58.4,32.48,0
LOG-0002646,2026-09-11 03:45:09.079035,IF-005,SAP_S4HANA,BTP_APP,OData,RETRY,321.2,24.4,0
LOG-0004080,2026-09-11 03:46:59.079035,IF-003,SAP_S4HANA,ARIBA_NETWORK,ORDRSP,SUCCESS,33.0,21.27,0
LOG-0001984,2026-09-11 03:48:50.079035,IF-001,SAP_ECC,SFDC_CRM,ORDERS,SUCCESS,52.2,21.53,0
LOG-0004776,2026-09-11 03:50:07.079035,IF-008,SAP_CPI,3PL_PROVIDER,DESADV,SUCCESS,91.3,5.84,0
LOG-0001835,2026-09-11 03:52:57.079035,IF-002,SAP_S4HANA,WMS_MANHATTAN,DESADV,SUCCESS,313.4,0.81,0
LOG-0000404,2026-09-11 04:10:28.079035,IF-008,SAP_CPI,3PL_PROVIDER,DESADV,SUCCESS,35.5,9.35,0
LOG-0002343,2026-09-11 04:23:23.079035,IF-001,SAP_ECC,SFDC_CRM,ORDERS,SUCCESS,66.2,3.89,0
LOG-0004594,2026-09-11 04:25:52.079035,IF-001,SAP_ECC,SFDC_CRM,ORDERS,SUCCESS,66.0,9.85,0
LOG-0003115,2026-09-11 04:35:54.079035,IF-006,LEGACY_MAINFRAME,SAP_ECC,MATMAS,SUCCESS,48.0,1.32,0
LOG-0003929,2026-09-11 04:43:10.079035,IF-008,SAP_CPI,3PL_PROVIDER,DESADV,SUCCESS,68.8,48.0,0
LOG-0004751,2026-09-11 04:44:15.079035,IF-003,SAP_S4HANA,ARIBA_NETWORK,ORDRSP,SUCCESS,133.2,22.8,0
LOG-0004204,2026-09-11 04:46:23.079035,IF-003,SAP_S4HANA,ARIBA_NETWORK,ORDRSP,SUCCESS,73.1,5.41,0
LOG-0003154,2026-09-11 04:58:30.079035,IF-003,SAP_S4HANA,ARIBA_NETWORK,ORDRSP,SUCCESS,62.6,42.11,0
LOG-0001765,2026-09-11 05:04:09.079035,IF-006,LEGACY_MAINFRAME,SAP_ECC,MATMAS,SUCCESS,94.3,4.0,0
LOG-0002336,2026-09-11 05:17:55.079035,IF-001,SAP_ECC,SFDC_CRM,ORDERS,SUCCESS,38.3,0.62,0
LOG-0003321,2026-09-11 05:21:18.079035,IF-005,SAP_S4HANA,BTP_APP,OData,SUCCESS,40.5,3.5,0
LOG-0001496,2026-09-11 05:27:56.079035,IF-006,LEGACY_MAINFRAME,SAP_ECC,MATMAS,TIMEOUT,48.9,16.91,1
LOG-0004998,2026-09-11 05:39:49.079035,IF-005,SAP_S4HANA,BTP_APP,OData,SUCCESS,19.2,3.19,0
LOG-0000137,2026-09-11 05:42:57.079035,IF-003,SAP_S4HANA,ARIBA_NETWORK,ORDRSP,SUCCESS,198.8,3.73,0
LOG-0001529,2026-09-11 05:59:55.079035,IF-004,SAP_ECC,B2B_VAN_SPS,INVOIC,SUCCESS,84.6,3.52,0
LOG-0002538,2026-09-11 06:04:49.079035,IF-006,LEGACY_MAINFRAME,SAP_ECC,MATMAS,SUCCESS,80.3,2.56,0
LOG-0000842,2026-09-11 06:07:31.079035,IF-008,SAP_CPI,3PL_PROVIDER,DESADV,SUCCESS,73.3,3.83,0
LOG-0002691,2026-09-11 06:12:11.079035,IF-002,SAP_S4HANA,WMS_MANHATTAN,DESADV,SUCCESS,59.3,13.95,0
LOG-0001857,2026-09-11 06:15:40.079035,IF-005,SAP_S4HANA,BTP_APP,OData,SUCCESS,50.9,0.88,0
LOG-0003656,2026-09-11 06:28:24.079035,IF-008,SAP_CPI,3PL_PROVIDER,DESADV,SUCCESS,34.0,5.2,0
LOG-0004964,2026-09-11 06:32:01.079035,IF-005,SAP_S4HANA,BTP_APP,OData,SUCCESS,143.0,24.76,0
LOG-0000194,2026-09-11 06:40:19.079035,IF-006,LEGACY_MAINFRAME,SAP_ECC,MATMAS,SUCCESS,53.2,11.52,0
LOG-0002999,2026-09-11 06:41:46.079035,IF-008,SAP_CPI,3PL_PROVIDER,DESADV,SUCCESS,64.6,1.24,0
LOG-0003005,2026-09-11 06:42:38.079035,IF-003,SAP_S4HANA,ARIBA_NETWORK,ORDRSP,SUCCESS,48.5,3.79,0
LOG-0001955,2026-09-11 06:58:23.079035,IF-001,SAP_ECC,SFDC_CRM,ORDERS,FAILED,45.5,3.79,2
LOG-0001261,2026-09-11 07:07:46.079035,IF-008,SAP_CPI,3PL_PROVIDER,DESADV,SUCCESS,138.7,4.39,0
LOG-0000598,2026-09-11 07:44:00.079035,IF-002,SAP_S4HANA,WMS_MANHATTAN,DESADV,SUCCESS,125.8,16.33,0
LOG-0000208,2026-09-11 07:55:11.079035,IF-008,SAP_CPI,3PL_PROVIDER,DESADV,SUCCESS,61.6,13.23,0
LOG-0004952,2026-09-11 08:02:52.079035,IF-004,SAP_ECC,B2B_VAN_SPS,INVOIC,SUCCESS,159.2,47.12,0
LOG-0004064,2026-09-11 08:09:15.079035,IF-004,SAP_ECC,B2B_VAN_SPS,INVOIC,SUCCESS,36.5,6.19,0
LOG-0002370,2026-09-11 08:10:04.079035,IF-003,SAP_S4HANA,ARIBA_NETWORK,ORDRSP,TIMEOUT,126.1,10.46,3
LOG-0004232,2026-09-11 08:16:12.079035,IF-003,SAP_S4HANA,ARIBA_NETWORK,ORDRSP,SUCCESS,73.6,4.28,0
LOG-0000104,2026-09-11 08:29:29.079035,IF-002,SAP_S4HANA,WMS_MANHATTAN,DESADV,SUCCESS,41.3,3.41,0
LOG-0001704,2026-09-11 08:34:25.079035,IF-002,SAP_S4HANA,WMS_MANHATTAN,DESADV,SUCCESS,76.4,9.76,0
LOG-0000875,2026-09-11 08:35:21.079035,IF-002,SAP_S4HANA,WMS_MANHATTAN,DESADV,SUCCESS,107.5,3.08,0
LOG-0002424,2026-09-11 08:37:40.079035,IF-007,SAP_S4HANA,DATA_LAKE,CDC,SUCCESS,80.4,28.91,0
LOG-0004897,2026-09-11 08:47:51.079035,IF-008,SAP_CPI,3PL_PROVIDER,DESADV,SUCCESS,26.9,3.29,0
LOG-0000846,2026-09-11 09:08:05.079035,IF-002,SAP_S4HANA,WMS_MANHATTAN,DESADV,SUCCESS,33.9,6.47,0
LOG-0000181,2026-09-11 09:10:10.079035,IF-003,SAP_S4HANA,ARIBA_NETWORK,ORDRSP,SUCCESS,123.5,12.41,0
LOG-0003851,2026-09-11 09:18:07.079035,IF-005,SAP_S4HANA,BTP_APP,OData,SUCCESS,25.6,6.78,0
LOG-0002198,2026-09-11 09:38:34.079035,IF-004,SAP_ECC,B2B_VAN_SPS,INVOIC,SUCCESS,54.0,2.41,0
LOG-0004673,2026-09-11 09:52:14.079035,IF-006,LEGACY_MAINFRAME,SAP_ECC,MATMAS,RETRY,16.0,2.54,3
LOG-0001273,2026-09-11 10:14:20.079035,IF-002,SAP_S4HANA,WMS_MANHATTAN,DESADV,SUCCESS,78.1,23.63,0
LOG-0000352,2026-09-11 10:15:11.079035,IF-001,SAP_ECC,SFDC_CRM,ORDERS,SUCCESS,32.9,3.68,0
LOG-0003551,2026-09-11 10:31:17.079035,IF-002,SAP_S4HANA,WMS_MANHATTAN,DESADV,SUCCESS,82.4,3.5,0
LOG-0004641,2026-09-11 10:31:17.079035,IF-006,LEGACY_MAINFRAME,SAP_ECC,MATMAS,SUCCESS,41.4,19.97,0
LOG-0003286,2026-09-11 10:43:46.079035,IF-007,SAP_S4HANA,DATA_LAKE,CDC,SUCCESS,184.4,31.93,0
LOG-0002078,2026-09-11 11:06:55.079035,IF-003,SAP_S4HANA,ARIBA_NETWORK,ORDRSP,SUCCESS,62.1,15.4,0
LOG-0004889,2026-09-11 11:09:38.079035,IF-005,SAP_S4HANA,BTP_APP,OData,SUCCESS,83.1,14.76,0
LOG-0004938,2026-09-11 11:10:58.079035,IF-003,SAP_S4HANA,ARIBA_NETWORK,ORDRSP,RETRY,64.0,6.32,0
LOG-0003092,2026-09-11 11:12:03.079035,IF-004,SAP_ECC,B2B_VAN_SPS,INVOIC,RETRY,44.1,6.36,0
LOG-0003930,2026-09-11 11:20:33.079035,IF-006,LEGACY_MAINFRAME,SAP_ECC,MATMAS,SUCCESS,50.1,8.91,0
LOG-0003173,2026-09-11 11:35:49.079035,IF-008,SAP_CPI,3PL_PROVIDER,DESADV,SUCCESS,96.2,6.14,0
LOG-0003688,2026-09-11 11:38:34.079035,IF-005,SAP_S4HANA,BTP_APP,OData,SUCCESS,41.9,10.36,0
LOG-0000660,2026-09-11 11:41:28.079035,IF-001,SAP_ECC,SFDC_CRM,ORDERS,SUCCESS,88.1,3.35,0
LOG-0003844,2026-09-11 11:50:25.079035,IF-005,SAP_S4HANA,BTP_APP,OData,SUCCESS,43.3,8.81,0
LOG-0000574,2026-09-11 12:26:31.079035,IF-006,LEGACY_MAINFRAME,SAP_ECC,MATMAS,SUCCESS,144.0,4.39,0
LOG-0004056,2026-09-11 12:36:24.079035,IF-007,SAP_S4HANA,DATA_LAKE,CDC,FAILED,136.3,6.03,1
LOG-0004196,2026-09-11 12:43:44.079035,IF-006,LEGACY_MAINFRAME,SAP_ECC,MATMAS,SUCCESS,25.8,7.72,0
LOG-0002977,2026-09-11 12:44:42.079035,IF-005,SAP_S4HANA,BTP_APP,OData,SUCCESS,51.5,13.27,0
LOG-0001392,2026-09-11 12:48:24.079035,IF-008,SAP_CPI,3PL_PROVIDER,DESADV,SUCCESS,47.7,4.27,0
LOG-0004612,2026-09-11 12:48:45.079035,IF-002,SAP_S4HANA,WMS_MANHATTAN,DESADV,SUCCESS,534.0,3.66,0
LOG-0003405,2026-09-11 12:59:12.079035,IF-002,SAP_S4HANA,WMS_MANHATTAN,DESADV,SUCCESS,57.1,1.45,0
LOG-0003313,2026-09-11 13:33:50.079035,IF-007,SAP_S4HANA,DATA_LAKE,CDC,SUCCESS,89.4,51.3,0
LOG-0002464,2026-09-11 13:42:07.079035,IF-006,LEGACY_MAINFRAME,SAP_ECC,MATMAS,SUCCESS,13.9,25.82,0
LOG-0001466,2026-09-11 13:51:53.079035,IF-006,LEGACY_MAINFRAME,SAP_ECC,MATMAS,SUCCESS,126.7,4.24,0
LOG-0003689,2026-09-11 13:54:53.079035,IF-008,SAP_CPI,3PL_PROVIDER,DESADV,SUCCESS,186.8,47.57,0
LOG-0003937,2026-09-11 14:04:11.079035,IF-005,SAP_S4HANA,BTP_APP,OData,SUCCESS,61.4,17.15,0
LOG-0001614,2026-09-11 14:22:37.079035,IF-002,SAP_S4HANA,WMS_MANHATTAN,DESADV,FAILED,713.9,3.94,2
LOG-0003164,2026-09-11 14:58:40.079035,IF-003,SAP_S4HANA,ARIBA_NETWORK,ORDRSP,SUCCESS,48.2,14.38,0
LOG-0000572,2026-09-11 15:00:10.079035,IF-008,SAP_CPI,3PL_PROVIDER,DESADV,SUCCESS,154.2,8.12,0
LOG-0001616,2026-09-11 15:36:40.079035,IF-003,SAP_S4HANA,ARIBA_NETWORK,ORDRSP,SUCCESS,27.1,5.85,0
LOG-0004302,2026-09-11 15:48:32.079035,IF-001,SAP_ECC,SFDC_CRM,ORDERS,SUCCESS,51.3,6.84,0
LOG-0004869,2026-09-11 15:54:18.079035,IF-006,LEGACY_MAINFRAME,SAP_ECC,MATMAS,SUCCESS,123.3,29.56,0
LOG-0004385,2026-09-11 16:10:01.079035,IF-001,SAP_ECC,SFDC_CRM,ORDERS,SUCCESS,19.5,36.84,0
LOG-0003726,2026-09-11 16:28:34.079035,IF-001,SAP_ECC,SFDC_CRM,ORDERS,SUCCESS,57.3,40.52,0
LOG-0004582,2026-09-11 16:37:11.079035,IF-004,SAP_ECC,B2B_VAN_SPS,INVOIC,FAILED,107.7,8.95,0
LOG-0001136,2026-09-11 16:41:30.079035,IF-003,SAP_S4HANA,ARIBA_NETWORK,ORDRSP,SUCCESS,91.3,1.82,0
LOG-0002495,2026-09-11 16:49:15.079035,IF-007,SAP_S4HANA,DATA_LAKE,CDC,SUCCESS,90.3,35.08,0
LOG-0004296,2026-09-11 17:05:46.079035,IF-003,SAP_S4HANA,ARIBA_NETWORK,ORDRSP,SUCCESS,131.9,6.97,0
LOG-0000001,2026-09-11 17:06:52.079035,IF-006,LEGACY_MAINFRAME,SAP_ECC,MATMAS,SUCCESS,116.0,7.56,0
LOG-0003085,2026-09-11 17:08:28.079035,IF-006,LEGACY_MAINFRAME,SAP_ECC,MATMAS,TIMEOUT,169.0,5.88,2
LOG-0001521,2026-09-11 17:16:09.079035,IF-007,SAP_S4HANA,DATA_LAKE,CDC,SUCCESS,32.9,24.94,0
LOG-0000058,2026-09-11 17:28:22.079035,IF-004,SAP_ECC,B2B_VAN_SPS,INVOIC,SUCCESS,84.1,7.06,0
LOG-0002659,2026-09-11 17:31:21.079035,IF-002,SAP_S4HANA,WMS_MANHATTAN,DESADV,TIMEOUT,440.2,8.32,3
LOG-0001185,2026-09-11 17:44:37.079035,IF-001,SAP_ECC,SFDC_CRM,ORDERS,SUCCESS,32.3,28.22,0
LOG-0001046,2026-09-11 17:49:35.079035,IF-001,SAP_ECC,SFDC_CRM,ORDERS,SUCCESS,66.5,12.92,0
LOG-0003496,2026-09-11 17:59:50.079035,IF-006,LEGACY_MAINFRAME,SAP_ECC,MATMAS,SUCCESS,27.6,5.45,0
LOG-0001629,2026-09-11 18:00:12.079035,IF-008,SAP_CPI,3PL_PROVIDER,DESADV,SUCCESS,34.7,2.77,0
LOG-0000633,2026-09-11 18:03:07.079035,IF-001,SAP_ECC,SFDC_CRM,ORDERS,SUCCESS,41.4,7.51,0
LOG-0003458,2026-09-11 18:04:23.079035,IF-006,LEGACY_MAINFRAME,SAP_ECC,MATMAS,SUCCESS,20.5,9.66,0
LOG-0003909,2026-09-11 18:09:06.079035,IF-006,LEGACY_MAINFRAME,SAP_ECC,MATMAS,SUCCESS,81.1,25.44,0
LOG-0002925,2026-09-11 18:18:08.079035,IF-005,SAP_S4HANA,BTP_APP,OData,SUCCESS,76.5,10.46,0
LOG-0001298,2026-09-11 18:18:36.079035,IF-006,LEGACY_MAINFRAME,SAP_ECC,MATMAS,SUCCESS,91.5,25.12,0
LOG-0002739,2026-09-11 18:22:18.079035,IF-002,SAP_S4HANA,WMS_MANHATTAN,DESADV,SUCCESS,49.5,8.99,0
LOG-0000324,2026-09-11 18:22:50.079035,IF-007,SAP_S4HANA,DATA_LAKE,CDC,SUCCESS,37.0,5.67,0
LOG-0001789,2026-09-11 18:47:35.079035,IF-007,SAP_S4HANA,DATA_LAKE,CDC,SUCCESS,33.4,10.35,0
LOG-0001144,2026-09-11 18:50:07.079035,IF-004,SAP_ECC,B2B_VAN_SPS,INVOIC,SUCCESS,133.6,10.24,0
LOG-0001300,2026-09-11 18:57:04.079035,IF-003,SAP_S4HANA,ARIBA_NETWORK,ORDRSP,FAILED,38.6,8.0,2
LOG-0001879,2026-09-11 18:58:34.079035,IF-006,LEGACY_MAINFRAME,SAP_ECC,MATMAS,SUCCESS,20.4,1.59,0
LOG-0004698,2026-09-11 19:08:13.079035,IF-005,SAP_S4HANA,BTP_APP,OData,SUCCESS,32.9,5.31,0
LOG-0002549,2026-09-11 19:09:53.079035,IF-001,SAP_ECC,SFDC_CRM,ORDERS,SUCCESS,137.6,2.36,0
LOG-0004965,2026-09-11 19:27:37.079035,IF-002,SAP_S4HANA,WMS_MANHATTAN,DESADV,SUCCESS,43.6,1.44,0
LOG-0002619,2026-09-11 19:42:40.079035,IF-006,LEGACY_MAINFRAME,SAP_ECC,MATMAS,SUCCESS,30.4,11.41,0
LOG-0001442,2026-09-11 19:51:27.079035,IF-001,SAP_ECC,SFDC_CRM,ORDERS,SUCCESS,80.4,3.04,0
LOG-0003287,2026-09-11 19:52:12.079035,IF-006,LEGACY_MAINFRAME,SAP_ECC,MATMAS,SUCCESS,91.5,6.88,0
LOG-0001285,2026-09-11 20:18:59.079035,IF-001,SAP_ECC,SFDC_CRM,ORDERS,SUCCESS,51.3,118.65,0
LOG-0003842,2026-09-11 20:25:03.079035,IF-001,SAP_ECC,SFDC_CRM,ORDERS,SUCCESS,87.5,5.96,0
LOG-0002753,2026-09-11 20:30:53.079035,IF-001,SAP_ECC,SFDC_CRM,ORDERS,FAILED,266.8,1.51,3
LOG-0003298,2026-09-11 20:39:36.079035,IF-008,SAP_CPI,3PL_PROVIDER,DESADV,SUCCESS,78.2,5.26,0
LOG-0004259,2026-09-11 20:53:48.079035,IF-003,SAP_S4HANA,ARIBA_NETWORK,ORDRSP,SUCCESS,117.3,8.81,0
LOG-0004082,2026-09-11 20:54:18.079035,IF-006,LEGACY_MAINFRAME,SAP_ECC,MATMAS,SUCCESS,34.9,15.89,0
LOG-0000944,2026-09-11 20:59:57.079035,IF-002,SAP_S4HANA,WMS_MANHATTAN,DESADV,SUCCESS,68.6,10.4,0
LOG-0003086,2026-09-11 21:00:44.079035,IF-003,SAP_S4HANA,ARIBA_NETWORK,ORDRSP,SUCCESS,31.2,4.33,0
LOG-0001259,2026-09-11 21:04:56.079035,IF-001,SAP_ECC,SFDC_CRM,ORDERS,SUCCESS,121.1,109.8,0
LOG-0003187,2026-09-11 21:05:43.079035,IF-003,SAP_S4HANA,ARIBA_NETWORK,ORDRSP,SUCCESS,390.5,2.3,0
LOG-0004419,2026-09-11 21:06:07.079035,IF-002,SAP_S4HANA,WMS_MANHATTAN,DESADV,SUCCESS,77.8,7.29,0
LOG-0002283,2026-09-11 21:12:09.079035,IF-005,SAP_S4HANA,BTP_APP,OData,SUCCESS,81.5,2.64,0
LOG-0002431,2026-09-11 21:52:33.079035,IF-004,SAP_ECC,B2B_VAN_SPS,INVOIC,SUCCESS,47.1,9.28,0
LOG-0004989,2026-09-11 22:22:58.079035,IF-003,SAP_S4HANA,ARIBA_NETWORK,ORDRSP,SUCCESS,37.6,2.06,0
LOG-0003510,2026-09-11 22:47:06.079035,IF-007,SAP_S4HANA,DATA_LAKE,CDC,SUCCESS,91.0,11.27,0
LOG-0001684,2026-09-11 22:58:27.079035,IF-007,SAP_S4HANA,DATA_LAKE,CDC,FAILED,670.1,5.69,1
LOG-0000771,2026-09-11 23:04:38.079035,IF-006,LEGACY_MAINFRAME,SAP_ECC,MATMAS,SUCCESS,35.1,7.13,0
LOG-0000556,2026-09-11 23:05:40.079035,IF-005,SAP_S4HANA,BTP_APP,OData,SUCCESS,108.1,1.96,0
LOG-0000230,2026-09-11 23:07:12.079035,IF-003,SAP_S4HANA,ARIBA_NETWORK,ORDRSP,FAILED,33.9,10.94,3
LOG-0002433,2026-09-11 23:07:59.079035,IF-007,SAP_S4HANA,DATA_LAKE,CDC,SUCCESS,44.5,52.63,0
LOG-0003534,2026-09-11 23:18:01.079035,IF-001,SAP_ECC,SFDC_CRM,ORDERS,SUCCESS,55.3,10.45,0
LOG-0004222,2026-09-11 23:26:11.079035,IF-001,SAP_ECC,SFDC_CRM,ORDERS,SUCCESS,80.3,2.29,0
LOG-0004853,2026-09-11 23:41:55.079035,IF-007,SAP_S4HANA,DATA_LAKE,CDC,RETRY,444.2,3.18,0
LOG-0000295,2026-09-11 23:45:16.079035,IF-006,LEGACY_MAINFRAME,SAP_ECC,MATMAS,SUCCESS,73.0,21.28,0
LOG-0002700,2026-09-11 23:53:46.079035,IF-006,LEGACY_MAINFRAME,SAP_ECC,MATMAS,SUCCESS,55.1,5.61,0
LOG-0004226,2026-09-12 00:01:11.079035,IF-007,SAP_S4HANA,DATA_LAKE,CDC,FAILED,698.1,13.93,3
LOG-0003120,2026-09-12 00:03:56.079035,IF-005,SAP_S4HANA,BTP_APP,OData,SUCCESS,501.6,2.83,0
LOG-0002397,2026-09-12 00:42:48.079035,IF-001,SAP_ECC,SFDC_CRM,ORDERS,RETRY,218.7,4.36,0
LOG-0001111,2026-09-12 00:43:25.079035,IF-007,SAP_S4HANA,DATA_LAKE,CDC,SUCCESS,100.6,2.0,0
LOG-0004344,2026-09-12 00:53:27.079035,IF-001,SAP_ECC,SFDC_CRM,ORDERS,FAILED,84.1,3.95,2
LOG-0003290,2026-09-12 00:57:06.079035,IF-004,SAP_ECC,B2B_VAN_SPS,INVOIC,SUCCESS,45.7,3.21,0
LOG-0004479,2026-09-12 01:05:46.079035,IF-007,SAP_S4HANA,DATA_LAKE,CDC,TIMEOUT,67.3,24.3,3
LOG-0004936,2026-09-12 01:10:51.079035,IF-002,SAP_S4HANA,WMS_MANHATTAN,DESADV,SUCCESS,55.1,11.49,0
LOG-0003669,2026-09-12 01:17:51.079035,IF-005,SAP_S4HANA,BTP_APP,OData,SUCCESS,32.4,5.26,0
LOG-0003578,2026-09-12 01:33:42.079035,IF-001,SAP_ECC,SFDC_CRM,ORDERS,RETRY,12.7,6.86,1
LOG-0002861,2026-09-12 01:41:49.079035,IF-006,LEGACY_MAINFRAME,SAP_ECC,MATMAS,SUCCESS,78.1,4.49,0
LOG-0000310,2026-09-12 01:58:25.079035,IF-007,SAP_S4HANA,DATA_LAKE,CDC,SUCCESS,96.9,4.63,0
LOG-0001881,2026-09-12 02:03:43.079035,IF-001,SAP_ECC,SFDC_CRM,ORDERS,SUCCESS,62.0,4.87,0
LOG-0003029,2026-09-12 02:16:49.079035,IF-008,SAP_CPI,3PL_PROVIDER,DESADV,RETRY,46.1,8.13,0
LOG-0003918,2026-09-12 02:22:20.079035,IF-002,SAP_S4HANA,WMS_MANHATTAN,DESADV,SUCCESS,47.7,12.34,0
LOG-0004087,2026-09-12 02:25:25.079035,IF-001,SAP_ECC,SFDC_CRM,ORDERS,SUCCESS,123.8,74.34,0
LOG-0002071,2026-09-12 02:43:08.079035,IF-005,SAP_S4HANA,BTP_APP,OData,SUCCESS,93.9,12.91,0
LOG-0004635,2026-09-12 02:50:03.079035,IF-008,SAP_CPI,3PL_PROVIDER,DESADV,SUCCESS,62.4,9.68,0
LOG-0002139,2026-09-12 02:58:02.079035,IF-004,SAP_ECC,B2B_VAN_SPS,INVOIC,SUCCESS,94.0,8.46,0
LOG-0000720,2026-09-12 03:04:59.079035,IF-006,LEGACY_MAINFRAME,SAP_ECC,MATMAS,RETRY,58.9,21.77,2
LOG-0001795,2026-09-12 03:21:25.079035,IF-003,SAP_S4HANA,ARIBA_NETWORK,ORDRSP,SUCCESS,595.5,2.39,0
LOG-0002323,2026-09-12 03:33:59.079035,IF-004,SAP_ECC,B2B_VAN_SPS,INVOIC,SUCCESS,48.0,2.97,0
LOG-0004268,2026-09-12 03:38:37.079035,IF-004,SAP_ECC,B2B_VAN_SPS,INVOIC,SUCCESS,108.3,3.85,0
LOG-0000258,2026-09-12 03:45:55.079035,IF-007,SAP_S4HANA,DATA_LAKE,CDC,SUCCESS,75.4,8.18,0
LOG-0001654,2026-09-12 03:54:41.079035,IF-001,SAP_ECC,SFDC_CRM,ORDERS,SUCCESS,59.3,8.24,0
LOG-0002807,2026-09-12 04:01:28.079035,IF-007,SAP_S4HANA,DATA_LAKE,CDC,SUCCESS,68.5,3.5,0
LOG-0003965,2026-09-12 04:05:57.079035,IF-001,SAP_ECC,SFDC_CRM,ORDERS,SUCCESS,37.7,21.95,0
LOG-0003472,2026-09-12 04:10:19.079035,IF-003,SAP_S4HANA,ARIBA_NETWORK,ORDRSP,RETRY,175.4,11.18,1
LOG-0001365,2026-09-12 04:37:28.079035,IF-003,SAP_S4HANA,ARIBA_NETWORK,ORDRSP,FAILED,239.1,9.72,0
LOG-0000358,2026-09-12 04:39:10.079035,IF-003,SAP_S4HANA,ARIBA_NETWORK,ORDRSP,SUCCESS,35.7,8.92,0
LOG-0000828,2026-09-12 05:11:37.079035,IF-002,SAP_S4HANA,WMS_MANHATTAN,DESADV,SUCCESS,142.0,26.69,0
LOG-0002465,2026-09-12 05:13:19.079035,IF-001,SAP_ECC,SFDC_CRM,ORDERS,SUCCESS,40.9,3.98,0
LOG-0004777,2026-09-12 05:17:31.079035,IF-007,SAP_S4HANA,DATA_LAKE,CDC,SUCCESS,42.5,11.24,0
LOG-0000755,2026-09-12 05:17:47.079035,IF-005,SAP_S4HANA,BTP_APP,OData,SUCCESS,30.6,38.01,0
LOG-0002325,2026-09-12 05:54:26.079035,IF-006,LEGACY_MAINFRAME,SAP_ECC,MATMAS,SUCCESS,46.2,18.04,0
LOG-0003422,2026-09-12 05:55:42.079035,IF-005,SAP_S4HANA,BTP_APP,OData,SUCCESS,30.0,12.02,0
LOG-0000517,2026-09-12 05:59:37.079035,IF-004,SAP_ECC,B2B_VAN_SPS,INVOIC,SUCCESS,121.8,4.11,0
LOG-0002816,2026-09-12 05:59:59.079035,IF-003,SAP_S4HANA,ARIBA_NETWORK,ORDRSP,SUCCESS,123.7,2.87,0
LOG-0002388,2026-09-12 06:13:46.079035,IF-001,SAP_ECC,SFDC_CRM,ORDERS,RETRY,122.3,10.66,3
LOG-0001260,2026-09-12 06:32:11.079035,IF-002,SAP_S4HANA,WMS_MANHATTAN,DESADV,SUCCESS,742.2,8.63,0
LOG-0000474,2026-09-12 06:38:09.079035,IF-008,SAP_CPI,3PL_PROVIDER,DESADV,SUCCESS,254.8,1.88,0
LOG-0003064,2026-09-12 06:41:22.079035,IF-003,SAP_S4HANA,ARIBA_NETWORK,ORDRSP,SUCCESS,42.0,7.31,0
LOG-0000399,2026-09-12 06:42:38.079035,IF-008,SAP_CPI,3PL_PROVIDER,DESADV,SUCCESS,45.7,11.98,0
LOG-0003469,2026-09-12 06:47:43.079035,IF-008,SAP_CPI,3PL_PROVIDER,DESADV,SUCCESS,177.5,4.4,0
LOG-0001192,2026-09-12 07:03:25.079035,IF-005,SAP_S4HANA,BTP_APP,OData,SUCCESS,37.1,9.1,0
LOG-0004824,2026-09-12 07:05:48.079035,IF-003,SAP_S4HANA,ARIBA_NETWORK,ORDRSP,SUCCESS,48.8,7.41,0
LOG-0003182,2026-09-12 07:06:36.079035,IF-006,LEGACY_MAINFRAME,SAP_ECC,MATMAS,SUCCESS,77.1,2.37,0
LOG-0003478,2026-09-12 07:07:48.079035,IF-005,SAP_S4HANA,BTP_APP,OData,SUCCESS,67.1,17.03,0
LOG-0003580,2026-09-12 07:22:57.079035,IF-007,SAP_S4HANA,DATA_LAKE,CDC,SUCCESS,122.6,18.14,0
LOG-0002540,2026-09-12 07:40:15.079035,IF-007,SAP_S4HANA,DATA_LAKE,CDC,SUCCESS,115.8,10.53,0
LOG-0000467,2026-09-12 07:46:18.079035,IF-001,SAP_ECC,SFDC_CRM,ORDERS,SUCCESS,74.2,12.32,0
LOG-0001342,2026-09-12 07:50:32.079035,IF-008,SAP_CPI,3PL_PROVIDER,DESADV,SUCCESS,70.7,3.6,0
LOG-0001076,2026-09-12 07:55:00.079035,IF-001,SAP_ECC,SFDC_CRM,ORDERS,SUCCESS,63.3,3.22,0
LOG-0001118,2026-09-12 08:02:22.079035,IF-003,SAP_S4HANA,ARIBA_NETWORK,ORDRSP,SUCCESS,38.8,15.71,0
LOG-0003796,2026-09-12 08:06:48.079035,IF-008,SAP_CPI,3PL_PROVIDER,DESADV,SUCCESS,27.9,4.21,0
LOG-0001823,2026-09-12 08:09:06.079035,IF-007,SAP_S4HANA,DATA_LAKE,CDC,TIMEOUT,209.0,17.04,2
LOG-0000228,2026-09-12 08:17:22.079035,IF-005,SAP_S4HANA,BTP_APP,OData,SUCCESS,53.7,6.54,0
LOG-0002587,2026-09-12 08:18:32.079035,IF-003,SAP_S4HANA,ARIBA_NETWORK,ORDRSP,SUCCESS,128.1,40.28,0
LOG-0001983,2026-09-12 08:19:42.079035,IF-008,SAP_CPI,3PL_PROVIDER,DESADV,SUCCESS,92.6,9.27,0
LOG-0003827,2026-09-12 08:22:10.079035,IF-007,SAP_S4HANA,DATA_LAKE,CDC,SUCCESS,110.4,6.68,0
LOG-0002167,2026-09-12 08:32:59.079035,IF-002,SAP_S4HANA,WMS_MANHATTAN,DESADV,SUCCESS,35.2,25.48,0
LOG-0004017,2026-09-12 08:39:05.079035,IF-004,SAP_ECC,B2B_VAN_SPS,INVOIC,SUCCESS,69.6,23.46,0
LOG-0003098,2026-09-12 08:45:24.079035,IF-004,SAP_ECC,B2B_VAN_SPS,INVOIC,FAILED,30.7,3.99,1
LOG-0000456,2026-09-12 09:03:02.079035,IF-007,SAP_S4HANA,DATA_LAKE,CDC,SUCCESS,17.6,2.85,0
LOG-0003859,2026-09-12 09:03:12.079035,IF-003,SAP_S4HANA,ARIBA_NETWORK,ORDRSP,SUCCESS,59.0,4.06,0
LOG-0000140,2026-09-12 09:19:24.079035,IF-004,SAP_ECC,B2B_VAN_SPS,INVOIC,FAILED,305.4,10.44,3
LOG-0002899,2026-09-12 09:22:19.079035,IF-005,SAP_S4HANA,BTP_APP,OData,SUCCESS,50.3,17.89,0
LOG-0002407,2026-09-12 09:30:11.079035,IF-008,SAP_CPI,3PL_PROVIDER,DESADV,SUCCESS,187.6,2.85,0
LOG-0004688,2026-09-12 09:57:27.079035,IF-008,SAP_CPI,3PL_PROVIDER,DESADV,RETRY,51.1,10.29,2
LOG-0003101,2026-09-12 09:57:47.079035,IF-006,LEGACY_MAINFRAME,SAP_ECC,MATMAS,RETRY,41.0,57.95,0
LOG-0001505,2026-09-12 10:03:23.079035,IF-004,SAP_ECC,B2B_VAN_SPS,INVOIC,SUCCESS,60.5,10.74,0
LOG-0002776,2026-09-12 10:22:30.079035,IF-005,SAP_S4HANA,BTP_APP,OData,SUCCESS,73.8,33.97,0
LOG-0002901,2026-09-12 10:24:44.079035,IF-003,SAP_S4HANA,ARIBA_NETWORK,ORDRSP,SUCCESS,121.3,29.35,0
LOG-0000760,2026-09-12 10:25:58.079035,IF-001,SAP_ECC,SFDC_CRM,ORDERS,SUCCESS,146.1,0.87,0
LOG-0001667,2026-09-12 10:28:11.079035,IF-006,LEGACY_MAINFRAME,SAP_ECC,MATMAS,SUCCESS,87.9,1.53,0
LOG-0003330,2026-09-12 10:42:03.079035,IF-008,SAP_CPI,3PL_PROVIDER,DESADV,SUCCESS,36.3,5.17,0
LOG-0000997,2026-09-12 10:44:35.079035,IF-001,SAP_ECC,SFDC_CRM,ORDERS,SUCCESS,695.8,3.64,0
LOG-0001723,2026-09-12 10:48:41.079035,IF-004,SAP_ECC,B2B_VAN_SPS,INVOIC,SUCCESS,47.8,4.11,0
LOG-0001944,2026-09-12 10:55:11.079035,IF-008,SAP_CPI,3PL_PROVIDER,DESADV,SUCCESS,109.0,2.49,0
LOG-0001388,2026-09-12 10:59:49.079035,IF-002,SAP_S4HANA,WMS_MANHATTAN,DESADV,SUCCESS,188.4,39.04,0
LOG-0004620,2026-09-12 11:05:21.079035,IF-007,SAP_S4HANA,DATA_LAKE,CDC,SUCCESS,94.6,28.74,0
LOG-0000788,2026-09-12 11:10:03.079035,IF-008,SAP_CPI,3PL_PROVIDER,DESADV,SUCCESS,119.5,6.11,0
LOG-0003941,2026-09-12 11:17:56.079035,IF-008,SAP_CPI,3PL_PROVIDER,DESADV,SUCCESS,51.5,8.34,0
LOG-0002623,2026-09-12 11:33:15.079035,IF-002,SAP_S4HANA,WMS_MANHATTAN,DESADV,SUCCESS,38.6,9.05,0
LOG-0000757,2026-09-12 11:35:31.079035,IF-005,SAP_S4HANA,BTP_APP,OData,SUCCESS,65.5,5.52,0
LOG-0003861,2026-09-12 11:38:17.079035,IF-004,SAP_ECC,B2B_VAN_SPS,INVOIC,SUCCESS,59.5,5.16,0
LOG-0000198,2026-09-12 11:40:20.079035,IF-003,SAP_S4HANA,ARIBA_NETWORK,ORDRSP,SUCCESS,110.7,10.49,0
LOG-0003409,2026-09-12 11:41:02.079035,IF-006,LEGACY_MAINFRAME,SAP_ECC,MATMAS,SUCCESS,256.7,33.73,0
LOG-0003136,2026-09-12 12:13:21.079035,IF-006,LEGACY_MAINFRAME,SAP_ECC,MATMAS,SUCCESS,727.1,8.86,0
LOG-0003063,2026-09-12 12:17:00.079035,IF-005,SAP_S4HANA,BTP_APP,OData,SUCCESS,61.8,44.58,0
LOG-0000503,2026-09-12 12:25:31.079035,IF-006,LEGACY_MAINFRAME,SAP_ECC,MATMAS,SUCCESS,76.0,13.25,0
LOG-0004129,2026-09-12 12:39:41.079035,IF-003,SAP_S4HANA,ARIBA_NETWORK,ORDRSP,SUCCESS,73.4,15.01,0
LOG-0001948,2026-09-12 12:46:32.079035,IF-008,SAP_CPI,3PL_PROVIDER,DESADV,SUCCESS,71.9,20.29,0
LOG-0004505,2026-09-12 13:08:41.079035,IF-006,LEGACY_MAINFRAME,SAP_ECC,MATMAS,SUCCESS,69.8,9.99,0
LOG-0004644,2026-09-12 13:13:30.079035,IF-003,SAP_S4HANA,ARIBA_NETWORK,ORDRSP,SUCCESS,67.9,1.21,0
LOG-0002467,2026-09-12 13:16:20.079035,IF-007,SAP_S4HANA,DATA_LAKE,CDC,SUCCESS,61.4,12.79,0
LOG-0004397,2026-09-12 13:34:13.079035,IF-003,SAP_S4HANA,ARIBA_NETWORK,ORDRSP,SUCCESS,61.5,1.15,0
LOG-0001539,2026-09-12 13:40:26.079035,IF-008,SAP_CPI,3PL_PROVIDER,DESADV,SUCCESS,40.1,8.78,0
LOG-0003150,2026-09-12 13:42:03.079035,IF-003,SAP_S4HANA,ARIBA_NETWORK,ORDRSP,SUCCESS,52.9,2.35,0
LOG-0001177,2026-09-12 13:52:39.079035,IF-001,SAP_ECC,SFDC_CRM,ORDERS,SUCCESS,85.2,79.41,0
LOG-0002102,2026-09-12 13:54:24.079035,IF-004,SAP_ECC,B2B_VAN_SPS,INVOIC,TIMEOUT,31.9,9.13,2
LOG-0002451,2026-09-12 13:55:09.079035,IF-002,SAP_S4HANA,WMS_MANHATTAN,DESADV,SUCCESS,150.3,42.15,0
LOG-0003124,2026-09-12 13:59:18.079035,IF-004,SAP_ECC,B2B_VAN_SPS,INVOIC,SUCCESS,117.6,5.74,0
LOG-0000084,2026-09-12 14:09:57.079035,IF-008,SAP_CPI,3PL_PROVIDER,DESADV,SUCCESS,152.9,1.65,0
LOG-0003633,2026-09-12 14:28:19.079035,IF-001,SAP_ECC,SFDC_CRM,ORDERS,SUCCESS,25.4,13.93,0
LOG-0004858,2026-09-12 14:30:02.079035,IF-001,SAP_ECC,SFDC_CRM,ORDERS,SUCCESS,94.8,39.85,0
LOG-0002907,2026-09-12 14:33:45.079035,IF-001,SAP_ECC,SFDC_CRM,ORDERS,SUCCESS,151.9,7.36,0
LOG-0003000,2026-09-12 14:34:37.079035,IF-007,SAP_S4HANA,DATA_LAKE,CDC,SUCCESS,62.4,4.44,0
LOG-0002940,2026-09-12 14:34:38.079035,IF-007,SAP_S4HANA,DATA_LAKE,CDC,SUCCESS,12.8,7.37,0
LOG-0000939,2026-09-12 14:47:33.079035,IF-001,SAP_ECC,SFDC_CRM,ORDERS,SUCCESS,49.9,0.3,0
LOG-0001295,2026-09-12 14:51:08.079035,IF-004,SAP_ECC,B2B_VAN_SPS,INVOIC,SUCCESS,43.1,12.52,0
LOG-0002637,2026-09-12 14:51:41.079035,IF-007,SAP_S4HANA,DATA_LAKE,CDC,SUCCESS,41.0,5.97,0
LOG-0000092,2026-09-12 15:34:01.079035,IF-001,SAP_ECC,SFDC_CRM,ORDERS,SUCCESS,81.2,33.15,0
LOG-0003279,2026-09-12 15:34:15.079035,IF-003,SAP_S4HANA,ARIBA_NETWORK,ORDRSP,SUCCESS,76.6,14.43,0
LOG-0004588,2026-09-12 15:49:41.079035,IF-001,SAP_ECC,SFDC_CRM,ORDERS,SUCCESS,71.1,64.2,0
LOG-0003094,2026-09-12 16:02:44.079035,IF-006,LEGACY_MAINFRAME,SAP_ECC,MATMAS,SUCCESS,46.7,5.52,0
LOG-0004848,2026-09-12 16:14:57.079035,IF-007,SAP_S4HANA,DATA_LAKE,CDC,SUCCESS,46.3,11.77,0
LOG-0001987,2026-09-12 16:15:28.079035,IF-006,LEGACY_MAINFRAME,SAP_ECC,MATMAS,SUCCESS,58.9,2.12,0
LOG-0000891,2026-09-12 16:17:45.079035,IF-005,SAP_S4HANA,BTP_APP,OData,FAILED,297.8,3.46,1
LOG-0000200,2026-09-12 16:24:49.079035,IF-005,SAP_S4HANA,BTP_APP,OData,SUCCESS,31.0,14.98,0
LOG-0002151,2026-09-12 16:30:25.079035,IF-005,SAP_S4HANA,BTP_APP,OData,SUCCESS,135.7,3.53,0
LOG-0001663,2026-09-12 16:43:21.079035,IF-003,SAP_S4HANA,ARIBA_NETWORK,ORDRSP,SUCCESS,71.2,15.8,0
LOG-0001558,2026-09-12 16:49:02.079035,IF-005,SAP_S4HANA,BTP_APP,OData,SUCCESS,64.2,19.39,0
LOG-0003051,2026-09-12 16:57:55.079035,IF-005,SAP_S4HANA,BTP_APP,OData,RETRY,359.0,6.4,0
LOG-0001038,2026-09-12 16:59:46.079035,IF-005,SAP_S4HANA,BTP_APP,OData,SUCCESS,91.3,9.79,0
LOG-0004814,2026-09-12 17:00:17.079035,IF-005,SAP_S4HANA,BTP_APP,OData,SUCCESS,132.2,9.72,0
LOG-0003989,2026-09-12 17:02:02.079035,IF-005,SAP_S4HANA,BTP_APP,OData,SUCCESS,61.3,15.44,0
LOG-0000868,2026-09-12 17:08:11.079035,IF-007,SAP_S4HANA,DATA_LAKE,CDC,SUCCESS,71.0,58.82,0
LOG-0002547,2026-09-12 17:08:44.079035,IF-008,SAP_CPI,3PL_PROVIDER,DESADV,SUCCESS,30.8,2.2,0
LOG-0003563,2026-09-12 17:18:00.079035,IF-004,SAP_ECC,B2B_VAN_SPS,INVOIC,SUCCESS,25.2,36.98,0
LOG-0004443,2026-09-12 17:33:00.079035,IF-002,SAP_S4HANA,WMS_MANHATTAN,DESADV,SUCCESS,101.4,3.84,0
LOG-0000411,2026-09-12 17:33:33.079035,IF-008,SAP_CPI,3PL_PROVIDER,DESADV,SUCCESS,37.5,8.79,0
LOG-0003572,2026-09-12 17:35:53.079035,IF-007,SAP_S4HANA,DATA_LAKE,CDC,SUCCESS,80.7,14.1,0
LOG-0004228,2026-09-12 17:41:57.079035,IF-008,SAP_CPI,3PL_PROVIDER,DESADV,SUCCESS,114.5,3.85,0
LOG-0002260,2026-09-12 17:54:44.079035,IF-007,SAP_S4HANA,DATA_LAKE,CDC,SUCCESS,37.2,18.27,0
LOG-0003696,2026-09-12 18:05:24.079035,IF-001,SAP_ECC,SFDC_CRM,ORDERS,FAILED,18.4,18.99,3
LOG-0003227,2026-09-12 18:06:09.079035,IF-001,SAP_ECC,SFDC_CRM,ORDERS,SUCCESS,46.4,4.35,0
LOG-0004833,2026-09-12 18:09:00.079035,IF-007,SAP_S4HANA,DATA_LAKE,CDC,FAILED,387.4,3.07,2
LOG-0000995,2026-09-12 18:19:37.079035,IF-004,SAP_ECC,B2B_VAN_SPS,INVOIC,SUCCESS,117.3,5.82,0
LOG-0001617,2026-09-12 18:24:40.079035,IF-007,SAP_S4HANA,DATA_LAKE,CDC,SUCCESS,158.2,11.99,0
LOG-0002375,2026-09-12 18:29:46.079035,IF-007,SAP_S4HANA,DATA_LAKE,CDC,SUCCESS,101.6,8.11,0
LOG-0004900,2026-09-12 18:31:19.079035,IF-006,LEGACY_MAINFRAME,SAP_ECC,MATMAS,SUCCESS,91.6,15.0,0
LOG-0000602,2026-09-12 18:40:19.079035,IF-005,SAP_S4HANA,BTP_APP,OData,SUCCESS,36.9,6.85,0
LOG-0000276,2026-09-12 18:41:13.079035,IF-005,SAP_S4HANA,BTP_APP,OData,SUCCESS,71.5,8.27,0
LOG-0004182,2026-09-12 18:51:41.079035,IF-005,SAP_S4HANA,BTP_APP,OData,SUCCESS,199.6,12.22,0
LOG-0002052,2026-09-12 18:52:53.079035,IF-004,SAP_ECC,B2B_VAN_SPS,INVOIC,SUCCESS,23.3,4.17,0
LOG-0004567,2026-09-12 18:54:56.079035,IF-004,SAP_ECC,B2B_VAN_SPS,INVOIC,SUCCESS,65.3,6.84,0
LOG-0003200,2026-09-12 18:59:05.079035,IF-005,SAP_S4HANA,BTP_APP,OData,SUCCESS,65.2,2.28,0
LOG-0003949,2026-09-12 19:02:32.079035,IF-003,SAP_S4HANA,ARIBA_NETWORK,ORDRSP,SUCCESS,97.5,0.58,0
LOG-0004818,2026-09-12 19:10:01.079035,IF-005,SAP_S4HANA,BTP_APP,OData,SUCCESS,37.7,5.29,0
LOG-0004668,2026-09-12 19:17:07.079035,IF-008,SAP_CPI,3PL_PROVIDER,DESADV,SUCCESS,144.6,5.78,0
LOG-0001167,2026-09-12 19:24:00.079035,IF-003,SAP_S4HANA,ARIBA_NETWORK,ORDRSP,SUCCESS,36.5,15.11,0
LOG-0001036,2026-09-12 19:54:33.079035,IF-002,SAP_S4HANA,WMS_MANHATTAN,DESADV,SUCCESS,85.5,34.64,0
LOG-0003540,2026-09-12 20:19:29.079035,IF-008,SAP_CPI,3PL_PROVIDER,DESADV,RETRY,33.2,2.28,3
LOG-0004371,2026-09-12 20:19:55.079035,IF-007,SAP_S4HANA,DATA_LAKE,CDC,SUCCESS,139.9,3.18,0
LOG-0003746,2026-09-12 20:38:20.079035,IF-002,SAP_S4HANA,WMS_MANHATTAN,DESADV,SUCCESS,25.7,32.85,0
LOG-0002809,2026-09-12 20:48:12.079035,IF-005,SAP_S4HANA,BTP_APP,OData,SUCCESS,77.0,7.99,0
LOG-0001284,2026-09-12 20:51:03.079035,IF-006,LEGACY_MAINFRAME,SAP_ECC,MATMAS,SUCCESS,39.0,4.3,0
LOG-0002537,2026-09-12 20:52:07.079035,IF-006,LEGACY_MAINFRAME,SAP_ECC,MATMAS,SUCCESS,29.3,3.6,0
LOG-0000683,2026-09-12 20:59:27.079035,IF-006,LEGACY_MAINFRAME,SAP_ECC,MATMAS,SUCCESS,31.8,4.24,0
LOG-0000318,2026-09-12 21:26:48.079035,IF-006,LEGACY_MAINFRAME,SAP_ECC,MATMAS,SUCCESS,68.9,14.68,0
LOG-0000377,2026-09-12 21:29:43.079035,IF-005,SAP_S4HANA,BTP_APP,OData,SUCCESS,84.2,19.89,0
LOG-0001023,2026-09-12 21:32:08.079035,IF-003,SAP_S4HANA,ARIBA_NETWORK,ORDRSP,SUCCESS,118.5,4.78,0
LOG-0002589,2026-09-12 21:38:35.079035,IF-003,SAP_S4HANA,ARIBA_NETWORK,ORDRSP,SUCCESS,165.9,7.13,0
LOG-0002136,2026-09-12 21:49:11.079035,IF-008,SAP_CPI,3PL_PROVIDER,DESADV,SUCCESS,53.6,14.1,0
LOG-0002521,2026-09-12 21:51:50.079035,IF-003,SAP_S4HANA,ARIBA_NETWORK,ORDRSP,SUCCESS,91.8,22.36,0
LOG-0001547,2026-09-12 21:58:14.079035,IF-003,SAP_S4HANA,ARIBA_NETWORK,ORDRSP,RETRY,52.9,6.62,2
LOG-0003138,2026-09-12 22:00:52.079035,IF-005,SAP_S4HANA,BTP_APP,OData,SUCCESS,80.2,1.01,0
LOG-0002773,2026-09-12 22:03:13.079035,IF-005,SAP_S4HANA,BTP_APP,OData,FAILED,213.9,8.21,2
LOG-0002029,2026-09-12 22:22:05.079035,IF-001,SAP_ECC,SFDC_CRM,ORDERS,SUCCESS,54.6,3.58,0
LOG-0002460,2026-09-12 22:23:29.079035,IF-002,SAP_S4HANA,WMS_MANHATTAN,DESADV,SUCCESS,87.5,16.23,0
LOG-0001492,2026-09-12 22:33:36.079035,IF-001,SAP_ECC,SFDC_CRM,ORDERS,SUCCESS,113.0,21.2,0
LOG-0000831,2026-09-12 22:34:41.079035,IF-001,SAP_ECC,SFDC_CRM,ORDERS,SUCCESS,91.2,8.97,0
LOG-0001950,2026-09-12 22:55:53.079035,IF-008,SAP_CPI,3PL_PROVIDER,DESADV,FAILED,43.9,32.2,1
LOG-0004450,2026-09-12 23:01:41.079035,IF-003,SAP_S4HANA,ARIBA_NETWORK,ORDRSP,SUCCESS,63.9,15.29,0
LOG-0004991,2026-09-12 23:11:30.079035,IF-005,SAP_S4HANA,BTP_APP,OData,SUCCESS,64.2,21.51,0
LOG-0002371,2026-09-12 23:21:30.079035,IF-003,SAP_S4HANA,ARIBA_NETWORK,ORDRSP,SUCCESS,113.8,28.28,0
LOG-0001377,2026-09-12 23:46:28.079035,IF-008,SAP_CPI,3PL_PROVIDER,DESADV,SUCCESS,108.1,27.56,0
LOG-0003873,2026-09-12 23:57:08.079035,IF-007,SAP_S4HANA,DATA_LAKE,CDC,SUCCESS,65.2,4.47,0
LOG-0003280,2026-09-12 23:57:42.079035,IF-002,SAP_S4HANA,WMS_MANHATTAN,DESADV,SUCCESS,189.8,5.61,0
LOG-0003467,2026-09-13 00:02:23.079035,IF-007,SAP_S4HANA,DATA_LAKE,CDC,SUCCESS,159.3,1.66,0
LOG-0002645,2026-09-13 00:21:16.079035,IF-005,SAP_S4HANA,BTP_APP,OData,SUCCESS,64.0,2.76,0
LOG-0002277,2026-09-13 00:40:09.079035,IF-001,SAP_ECC,SFDC_CRM,ORDERS,SUCCESS,19.0,24.51,0
LOG-0001611,2026-09-13 00:43:32.079035,IF-005,SAP_S4HANA,BTP_APP,OData,SUCCESS,93.8,23.15,0
LOG-0001776,2026-09-13 00:51:04.079035,IF-002,SAP_S4HANA,WMS_MANHATTAN,DESADV,SUCCESS,81.2,7.27,0
LOG-0000766,2026-09-13 00:54:37.079035,IF-001,SAP_ECC,SFDC_CRM,ORDERS,SUCCESS,94.9,2.48,0
LOG-0001142,2026-09-13 01:02:35.079035,IF-006,LEGACY_MAINFRAME,SAP_ECC,MATMAS,SUCCESS,25.9,14.48,0
LOG-0000368,2026-09-13 01:08:07.079035,IF-005,SAP_S4HANA,BTP_APP,OData,SUCCESS,31.5,5.0,0
LOG-0000712,2026-09-13 01:14:59.079035,IF-005,SAP_S4HANA,BTP_APP,OData,SUCCESS,29.8,3.56,0
LOG-0000894,2026-09-13 01:20:24.079035,IF-008,SAP_CPI,3PL_PROVIDER,DESADV,SUCCESS,82.5,10.92,0
LOG-0001096,2026-09-13 01:29:27.079035,IF-002,SAP_S4HANA,WMS_MANHATTAN,DESADV,SUCCESS,85.9,2.94,0
LOG-0000246,2026-09-13 01:38:08.079035,IF-006,LEGACY_MAINFRAME,SAP_ECC,MATMAS,SUCCESS,60.4,2.63,0
LOG-0002757,2026-09-13 01:47:24.079035,IF-004,SAP_ECC,B2B_VAN_SPS,INVOIC,SUCCESS,45.5,2.37,0
LOG-0001386,2026-09-13 01:56:49.079035,IF-004,SAP_ECC,B2B_VAN_SPS,INVOIC,SUCCESS,51.6,10.16,0
LOG-0000056,2026-09-13 02:08:09.079035,IF-004,SAP_ECC,B2B_VAN_SPS,INVOIC,SUCCESS,33.1,12.04,0
LOG-0002091,2026-09-13 02:29:51.079035,IF-002,SAP_S4HANA,WMS_MANHATTAN,DESADV,SUCCESS,45.3,1.81,0
LOG-0002758,2026-09-13 03:16:38.079035,IF-001,SAP_ECC,SFDC_CRM,ORDERS,SUCCESS,49.4,3.16,0
LOG-0004722,2026-09-13 03:24:29.079035,IF-002,SAP_S4HANA,WMS_MANHATTAN,DESADV,SUCCESS,142.4,6.59,0
LOG-0004229,2026-09-13 03:25:04.079035,IF-005,SAP_S4HANA,BTP_APP,OData,SUCCESS,106.0,32.21,0
LOG-0000427,2026-09-13 03:36:50.079035,IF-006,LEGACY_MAINFRAME,SAP_ECC,MATMAS,SUCCESS,43.8,6.66,0
LOG-0001627,2026-09-13 03:48:20.079035,IF-004,SAP_ECC,B2B_VAN_SPS,INVOIC,SUCCESS,65.9,4.17,0
LOG-0003619,2026-09-13 04:01:07.079035,IF-007,SAP_S4HANA,DATA_LAKE,CDC,SUCCESS,52.9,1.4,0
LOG-0000445,2026-09-13 04:07:13.079035,IF-003,SAP_S4HANA,ARIBA_NETWORK,ORDRSP,SUCCESS,50.8,9.41,0
LOG-0003482,2026-09-13 04:18:51.079035,IF-006,LEGACY_MAINFRAME,SAP_ECC,MATMAS,SUCCESS,47.8,12.04,0
LOG-0003252,2026-09-13 04:24:01.079035,IF-002,SAP_S4HANA,WMS_MANHATTAN,DESADV,SUCCESS,12.7,3.97,0
LOG-0002084,2026-09-13 04:33:43.079035,IF-003,SAP_S4HANA,ARIBA_NETWORK,ORDRSP,SUCCESS,50.2,18.59,0
LOG-0002968,2026-09-13 04:35:07.079035,IF-004,SAP_ECC,B2B_VAN_SPS,INVOIC,SUCCESS,72.8,3.99,0
LOG-0002176,2026-09-13 04:55:29.079035,IF-008,SAP_CPI,3PL_PROVIDER,DESADV,SUCCESS,65.0,8.49,0
LOG-0000639,2026-09-13 04:57:22.079035,IF-004,SAP_ECC,B2B_VAN_SPS,INVOIC,SUCCESS,78.0,18.76,0
LOG-0002984,2026-09-13 05:06:16.079035,IF-003,SAP_S4HANA,ARIBA_NETWORK,ORDRSP,SUCCESS,82.7,6.85,0
LOG-0004326,2026-09-13 05:22:12.079035,IF-008,SAP_CPI,3PL_PROVIDER,DESADV,FAILED,71.6,12.72,1
LOG-0001357,2026-09-13 05:29:39.079035,IF-007,SAP_S4HANA,DATA_LAKE,CDC,SUCCESS,61.3,3.72,0
LOG-0001961,2026-09-13 05:33:53.079035,IF-004,SAP_ECC,B2B_VAN_SPS,INVOIC,SUCCESS,142.1,21.81,0
LOG-0004519,2026-09-13 05:42:05.079035,IF-006,LEGACY_MAINFRAME,SAP_ECC,MATMAS,SUCCESS,94.9,5.65,0
LOG-0003308,2026-09-13 05:47:00.079035,IF-006,LEGACY_MAINFRAME,SAP_ECC,MATMAS,SUCCESS,88.1,8.45,0
LOG-0002544,2026-09-13 05:49:44.079035,IF-004,SAP_ECC,B2B_VAN_SPS,INVOIC,SUCCESS,67.2,6.72,0
LOG-0002504,2026-09-13 05:58:23.079035,IF-006,LEGACY_MAINFRAME,SAP_ECC,MATMAS,SUCCESS,79.1,29.89,0
LOG-0000612,2026-09-13 05:59:46.079035,IF-004,SAP_ECC,B2B_VAN_SPS,INVOIC,SUCCESS,113.3,3.87,0
LOG-0004893,2026-09-13 06:06:20.079035,IF-008,SAP_CPI,3PL_PROVIDER,DESADV,SUCCESS,106.6,4.03,0
LOG-0002302,2026-09-13 06:19:54.079035,IF-005,SAP_S4HANA,BTP_APP,OData,SUCCESS,79.8,2.44,0
LOG-0001910,2026-09-13 06:23:18.079035,IF-004,SAP_ECC,B2B_VAN_SPS,INVOIC,SUCCESS,33.8,1.37,0
LOG-0000501,2026-09-13 06:37:31.079035,IF-008,SAP_CPI,3PL_PROVIDER,DESADV,SUCCESS,51.6,16.79,0
LOG-0003427,2026-09-13 06:40:19.079035,IF-003,SAP_S4HANA,ARIBA_NETWORK,ORDRSP,SUCCESS,129.7,65.23,0
LOG-0001494,2026-09-13 06:42:02.079035,IF-008,SAP_CPI,3PL_PROVIDER,DESADV,SUCCESS,72.6,7.31,0
LOG-0004040,2026-09-13 06:46:23.079035,IF-007,SAP_S4HANA,DATA_LAKE,CDC,SUCCESS,120.7,14.73,0
LOG-0002474,2026-09-13 06:55:01.079035,IF-003,SAP_S4HANA,ARIBA_NETWORK,ORDRSP,FAILED,77.3,8.14,0
LOG-0001754,2026-09-13 06:57:41.079035,IF-002,SAP_S4HANA,WMS_MANHATTAN,DESADV,SUCCESS,35.8,51.32,0
LOG-0002099,2026-09-13 07:51:02.079035,IF-005,SAP_S4HANA,BTP_APP,OData,SUCCESS,33.8,2.08,0
LOG-0004850,2026-09-13 07:53:50.079035,IF-006,LEGACY_MAINFRAME,SAP_ECC,MATMAS,SUCCESS,52.3,11.21,0
LOG-0004795,2026-09-13 07:54:40.079035,IF-008,SAP_CPI,3PL_PROVIDER,DESADV,FAILED,96.1,33.38,2
LOG-0004857,2026-09-13 07:57:13.079035,IF-005,SAP_S4HANA,BTP_APP,OData,SUCCESS,53.9,3.98,0
LOG-0004947,2026-09-13 07:58:49.079035,IF-001,SAP_ECC,SFDC_CRM,ORDERS,SUCCESS,56.7,3.63,0
LOG-0001181,2026-09-13 08:04:30.079035,IF-008,SAP_CPI,3PL_PROVIDER,DESADV,SUCCESS,87.9,14.1,0
LOG-0004124,2026-09-13 08:05:13.079035,IF-006,LEGACY_MAINFRAME,SAP_ECC,MATMAS,FAILED,477.9,11.35,1
LOG-0000980,2026-09-13 08:21:14.079035,IF-004,SAP_ECC,B2B_VAN_SPS,INVOIC,SUCCESS,298.8,6.0,0
LOG-0001574,2026-09-13 08:27:24.079035,IF-005,SAP_S4HANA,BTP_APP,OData,SUCCESS,45.9,3.66,0
LOG-0001822,2026-09-13 08:34:40.079035,IF-002,SAP_S4HANA,WMS_MANHATTAN,DESADV,SUCCESS,110.5,2.38,0
LOG-0002244,2026-09-13 08:45:19.079035,IF-002,SAP_S4HANA,WMS_MANHATTAN,DESADV,SUCCESS,29.6,19.34,0
LOG-0004004,2026-09-13 08:46:59.079035,IF-007,SAP_S4HANA,DATA_LAKE,CDC,SUCCESS,133.9,8.53,0
LOG-0004331,2026-09-13 08:47:02.079035,IF-007,SAP_S4HANA,DATA_LAKE,CDC,SUCCESS,33.8,10.66,0
LOG-0001217,2026-09-13 08:49:57.079035,IF-003,SAP_S4HANA,ARIBA_NETWORK,ORDRSP,RETRY,81.7,23.75,3
LOG-0003418,2026-09-13 08:57:12.079035,IF-008,SAP_CPI,3PL_PROVIDER,DESADV,SUCCESS,55.8,17.89,0
LOG-0003072,2026-09-13 09:22:16.079035,IF-001,SAP_ECC,SFDC_CRM,ORDERS,SUCCESS,81.8,18.85,0
LOG-0001946,2026-09-13 09:23:54.079035,IF-007,SAP_S4HANA,DATA_LAKE,CDC,SUCCESS,37.2,6.86,0
LOG-0001346,2026-09-13 09:36:29.079035,IF-004,SAP_ECC,B2B_VAN_SPS,INVOIC,SUCCESS,24.9,4.38,0
LOG-0003311,2026-09-13 09:44:58.079035,IF-002,SAP_S4HANA,WMS_MANHATTAN,DESADV,SUCCESS,109.8,4.11,0
LOG-0001042,2026-09-13 09:46:07.079035,IF-007,SAP_S4HANA,DATA_LAKE,CDC,SUCCESS,33.7,5.63,0
LOG-0004617,2026-09-13 09:51:25.079035,IF-003,SAP_S4HANA,ARIBA_NETWORK,ORDRSP,SUCCESS,44.1,2.65,0
LOG-0004666,2026-09-13 09:59:41.079035,IF-002,SAP_S4HANA,WMS_MANHATTAN,DESADV,RETRY,78.7,12.28,2
LOG-0000004,2026-09-13 10:16:45.079035,IF-004,SAP_ECC,B2B_VAN_SPS,INVOIC,SUCCESS,71.7,43.02,0
LOG-0001478,2026-09-13 10:23:22.079035,IF-007,SAP_S4HANA,DATA_LAKE,CDC,SUCCESS,71.0,74.98,0
LOG-0002639,2026-09-13 10:27:22.079035,IF-004,SAP_ECC,B2B_VAN_SPS,INVOIC,SUCCESS,328.0,9.42,0
LOG-0001397,2026-09-13 10:45:38.079035,IF-001,SAP_ECC,SFDC_CRM,ORDERS,SUCCESS,28.6,1.56,0
LOG-0004365,2026-09-13 10:50:13.079035,IF-007,SAP_S4HANA,DATA_LAKE,CDC,SUCCESS,70.8,6.85,0
LOG-0004431,2026-09-13 10:55:23.079035,IF-007,SAP_S4HANA,DATA_LAKE,CDC,FAILED,398.4,6.08,3
LOG-0001721,2026-09-13 11:20:49.079035,IF-006,LEGACY_MAINFRAME,SAP_ECC,MATMAS,SUCCESS,23.2,4.82,0
LOG-0000054,2026-09-13 11:29:21.079035,IF-003,SAP_S4HANA,ARIBA_NETWORK,ORDRSP,SUCCESS,40.2,19.69,0
LOG-0003764,2026-09-13 11:31:28.079035,IF-004,SAP_ECC,B2B_VAN_SPS,INVOIC,SUCCESS,75.1,13.41,0
LOG-0003880,2026-09-13 11:56:51.079035,IF-003,SAP_S4HANA,ARIBA_NETWORK,ORDRSP,SUCCESS,47.0,30.48,0
LOG-0001692,2026-09-13 12:04:30.079035,IF-004,SAP_ECC,B2B_VAN_SPS,INVOIC,SUCCESS,139.3,19.32,0
LOG-0002120,2026-09-13 12:07:58.079035,IF-003,SAP_S4HANA,ARIBA_NETWORK,ORDRSP,SUCCESS,122.9,7.14,0
LOG-0003819,2026-09-13 12:18:15.079035,IF-003,SAP_S4HANA,ARIBA_NETWORK,ORDRSP,SUCCESS,168.3,4.49,0
LOG-0003333,2026-09-13 12:39:46.079035,IF-008,SAP_CPI,3PL_PROVIDER,DESADV,SUCCESS,65.9,12.17,0
LOG-0000823,2026-09-13 12:42:34.079035,IF-002,SAP_S4HANA,WMS_MANHATTAN,DESADV,SUCCESS,44.1,27.52,0
LOG-0002405,2026-09-13 13:03:17.079035,IF-003,SAP_S4HANA,ARIBA_NETWORK,ORDRSP,SUCCESS,53.4,10.93,0
LOG-0004146,2026-09-13 13:10:37.079035,IF-006,LEGACY_MAINFRAME,SAP_ECC,MATMAS,SUCCESS,91.1,14.62,0
LOG-0003470,2026-09-13 13:26:33.079035,IF-008,SAP_CPI,3PL_PROVIDER,DESADV,SUCCESS,120.3,8.81,0
LOG-0004181,2026-09-13 13:27:55.079035,IF-006,LEGACY_MAINFRAME,SAP_ECC,MATMAS,SUCCESS,32.3,8.65,0
LOG-0003552,2026-09-13 13:29:58.079035,IF-004,SAP_ECC,B2B_VAN_SPS,INVOIC,SUCCESS,111.4,2.62,0
LOG-0003615,2026-09-13 13:34:03.079035,IF-001,SAP_ECC,SFDC_CRM,ORDERS,SUCCESS,79.2,1.29,0
LOG-0003801,2026-09-13 13:37:31.079035,IF-005,SAP_S4HANA,BTP_APP,OData,SUCCESS,77.8,8.64,0
LOG-0004645,2026-09-13 13:40:10.079035,IF-007,SAP_S4HANA,DATA_LAKE,CDC,SUCCESS,109.7,1.09,0
LOG-0001662,2026-09-13 13:50:03.079035,IF-004,SAP_ECC,B2B_VAN_SPS,INVOIC,SUCCESS,50.1,5.89,0
LOG-0000023,2026-09-13 14:28:39.079035,IF-006,LEGACY_MAINFRAME,SAP_ECC,MATMAS,SUCCESS,15.2,3.64,0
LOG-0000222,2026-09-13 14:34:44.079035,IF-001,SAP_ECC,SFDC_CRM,ORDERS,SUCCESS,87.6,8.3,0
LOG-0001724,2026-09-13 14:36:13.079035,IF-001,SAP_ECC,SFDC_CRM,ORDERS,SUCCESS,48.5,21.56,0
LOG-0002017,2026-09-13 14:37:43.079035,IF-008,SAP_CPI,3PL_PROVIDER,DESADV,SUCCESS,39.6,6.88,0
LOG-0003490,2026-09-13 14:43:32.079035,IF-004,SAP_ECC,B2B_VAN_SPS,INVOIC,SUCCESS,144.0,4.3,0
LOG-0003767,2026-09-13 14:43:40.079035,IF-001,SAP_ECC,SFDC_CRM,ORDERS,SUCCESS,98.2,5.31,0
LOG-0004135,2026-09-13 14:48:07.079035,IF-008,SAP_CPI,3PL_PROVIDER,DESADV,SUCCESS,60.6,1.31,0
LOG-0003241,2026-09-13 14:57:21.079035,IF-007,SAP_S4HANA,DATA_LAKE,CDC,SUCCESS,162.4,8.37,0
LOG-0004565,2026-09-13 15:07:34.079035,IF-001,SAP_ECC,SFDC_CRM,ORDERS,SUCCESS,179.6,29.48,0
LOG-0003093,2026-09-13 15:20:52.079035,IF-002,SAP_S4HANA,WMS_MANHATTAN,DESADV,SUCCESS,28.9,10.97,0
LOG-0001156,2026-09-13 15:23:16.079035,IF-008,SAP_CPI,3PL_PROVIDER,DESADV,SUCCESS,82.0,4.08,0
LOG-0000046,2026-09-13 15:43:43.079035,IF-003,SAP_S4HANA,ARIBA_NETWORK,ORDRSP,SUCCESS,163.8,15.77,0
LOG-0004905,2026-09-13 15:48:31.079035,IF-003,SAP_S4HANA,ARIBA_NETWORK,ORDRSP,SUCCESS,92.6,2.52,0
LOG-0001989,2026-09-13 16:02:51.079035,IF-001,SAP_ECC,SFDC_CRM,ORDERS,FAILED,382.3,3.1,0
LOG-0001339,2026-09-13 16:42:47.079035,IF-005,SAP_S4HANA,BTP_APP,OData,SUCCESS,88.6,96.22,0
LOG-0001814,2026-09-13 17:00:41.079035,IF-005,SAP_S4HANA,BTP_APP,OData,SUCCESS,26.8,9.12,0
LOG-0002131,2026-09-13 17:05:35.079035,IF-008,SAP_CPI,3PL_PROVIDER,DESADV,SUCCESS,163.0,4.86,0
LOG-0000048,2026-09-13 17:12:06.079035,IF-003,SAP_S4HANA,ARIBA_NETWORK,ORDRSP,SUCCESS,195.7,3.1,0
LOG-0001241,2026-09-13 17:18:47.079035,IF-007,SAP_S4HANA,DATA_LAKE,CDC,SUCCESS,187.8,3.75,0
LOG-0001653,2026-09-13 17:18:48.079035,IF-008,SAP_CPI,3PL_PROVIDER,DESADV,SUCCESS,20.1,1.52,0
LOG-0002368,2026-09-13 17:20:47.079035,IF-004,SAP_ECC,B2B_VAN_SPS,INVOIC,SUCCESS,28.9,48.52,0
LOG-0001862,2026-09-13 17:29:37.079035,IF-008,SAP_CPI,3PL_PROVIDER,DESADV,FAILED,284.3,6.33,2
LOG-0002025,2026-09-13 17:30:22.079035,IF-006,LEGACY_MAINFRAME,SAP_ECC,MATMAS,SUCCESS,170.9,20.84,0
LOG-0001400,2026-09-13 17:31:16.079035,IF-002,SAP_S4HANA,WMS_MANHATTAN,DESADV,SUCCESS,51.6,3.56,0
LOG-0000756,2026-09-13 17:33:31.079035,IF-002,SAP_S4HANA,WMS_MANHATTAN,DESADV,SUCCESS,156.8,24.93,0
LOG-0003097,2026-09-13 18:15:51.079035,IF-005,SAP_S4HANA,BTP_APP,OData,SUCCESS,55.9,28.08,0
LOG-0003674,2026-09-13 18:30:43.079035,IF-004,SAP_ECC,B2B_VAN_SPS,INVOIC,SUCCESS,74.0,56.82,0
LOG-0004716,2026-09-13 18:33:10.079035,IF-002,SAP_S4HANA,WMS_MANHATTAN,DESADV,SUCCESS,36.9,5.11,0
LOG-0002072,2026-09-13 18:56:01.079035,IF-008,SAP_CPI,3PL_PROVIDER,DESADV,SUCCESS,54.9,6.0,0
LOG-0002931,2026-09-13 18:56:11.079035,IF-003,SAP_S4HANA,ARIBA_NETWORK,ORDRSP,SUCCESS,62.0,5.35,0
LOG-0004772,2026-09-13 19:20:19.079035,IF-002,SAP_S4HANA,WMS_MANHATTAN,DESADV,SUCCESS,72.6,1.84,0
LOG-0001323,2026-09-13 19:40:10.079035,IF-005,SAP_S4HANA,BTP_APP,OData,SUCCESS,24.5,0.64,0
LOG-0003309,2026-09-13 19:40:13.079035,IF-004,SAP_ECC,B2B_VAN_SPS,INVOIC,SUCCESS,64.9,4.0,0
LOG-0002832,2026-09-13 19:54:37.079035,IF-008,SAP_CPI,3PL_PROVIDER,DESADV,SUCCESS,44.4,2.53,0
LOG-0002701,2026-09-13 19:55:37.079035,IF-007,SAP_S4HANA,DATA_LAKE,CDC,SUCCESS,42.8,57.43,0
LOG-0004959,2026-09-13 19:56:11.079035,IF-006,LEGACY_MAINFRAME,SAP_ECC,MATMAS,RETRY,40.8,1.56,1
LOG-0000191,2026-09-13 20:05:34.079035,IF-004,SAP_ECC,B2B_VAN_SPS,INVOIC,SUCCESS,49.6,4.77,0
LOG-0002141,2026-09-13 20:32:59.079035,IF-004,SAP_ECC,B2B_VAN_SPS,INVOIC,SUCCESS,41.6,29.47,0
LOG-0003386,2026-09-13 20:35:34.079035,IF-003,SAP_S4HANA,ARIBA_NETWORK,ORDRSP,SUCCESS,87.6,9.13,0
LOG-0004399,2026-09-13 20:42:12.079035,IF-001,SAP_ECC,SFDC_CRM,ORDERS,SUCCESS,49.7,5.3,0
LOG-0000734,2026-09-13 20:55:54.079035,IF-006,LEGACY_MAINFRAME,SAP_ECC,MATMAS,SUCCESS,53.0,26.74,0
LOG-0004209,2026-09-13 21:05:09.079035,IF-008,SAP_CPI,3PL_PROVIDER,DESADV,SUCCESS,111.5,27.04,0
LOG-0000805,2026-09-13 21:06:14.079035,IF-002,SAP_S4HANA,WMS_MANHATTAN,DESADV,SUCCESS,81.7,2.27,0
LOG-0004369,2026-09-13 21:33:09.079035,IF-001,SAP_ECC,SFDC_CRM,ORDERS,TIMEOUT,339.2,6.73,0
LOG-0004614,2026-09-13 21:39:07.079035,IF-006,LEGACY_MAINFRAME,SAP_ECC,MATMAS,SUCCESS,52.9,32.99,0
LOG-0000564,2026-09-13 21:53:11.079035,IF-006,LEGACY_MAINFRAME,SAP_ECC,MATMAS,SUCCESS,25.7,22.32,0
LOG-0003916,2026-09-13 22:11:18.079035,IF-002,SAP_S4HANA,WMS_MANHATTAN,DESADV,SUCCESS,660.5,6.24,0
LOG-0001088,2026-09-13 22:14:27.079035,IF-005,SAP_S4HANA,BTP_APP,OData,SUCCESS,85.3,9.5,0
LOG-0001958,2026-09-13 22:18:28.079035,IF-005,SAP_S4HANA,BTP_APP,OData,SUCCESS,66.7,1.51,0
LOG-0003488,2026-09-13 22:19:31.079035,IF-005,SAP_S4HANA,BTP_APP,OData,SUCCESS,30.1,8.68,0
LOG-0001633,2026-09-13 22:20:36.079035,IF-001,SAP_ECC,SFDC_CRM,ORDERS,SUCCESS,163.6,13.81,0
LOG-0004593,2026-09-13 22:23:28.079035,IF-005,SAP_S4HANA,BTP_APP,OData,RETRY,31.5,5.9,2
LOG-0001151,2026-09-13 22:26:25.079035,IF-005,SAP_S4HANA,BTP_APP,OData,SUCCESS,41.5,8.45,0
LOG-0003326,2026-09-13 22:40:30.079035,IF-008,SAP_CPI,3PL_PROVIDER,DESADV,SUCCESS,124.8,21.18,0
LOG-0003874,2026-09-13 22:42:24.079035,IF-001,SAP_ECC,SFDC_CRM,ORDERS,SUCCESS,92.2,2.23,0
LOG-0002429,2026-09-13 22:46:44.079035,IF-002,SAP_S4HANA,WMS_MANHATTAN,DESADV,SUCCESS,77.7,9.47,0
LOG-0004066,2026-09-13 23:10:36.079035,IF-001,SAP_ECC,SFDC_CRM,ORDERS,SUCCESS,79.6,6.89,0
LOG-0003818,2026-09-13 23:25:04.079035,IF-007,SAP_S4HANA,DATA_LAKE,CDC,SUCCESS,58.2,15.87,0
LOG-0002888,2026-09-13 23:32:32.079035,IF-005,SAP_S4HANA,BTP_APP,OData,SUCCESS,153.4,12.55,0
LOG-0004107,2026-09-14 00:07:35.079035,IF-007,SAP_S4HANA,DATA_LAKE,CDC,SUCCESS,752.8,6.61,0
LOG-0000827,2026-09-14 00:30:31.079035,IF-008,SAP_CPI,3PL_PROVIDER,DESADV,SUCCESS,80.9,9.0,0
LOG-0004306,2026-09-14 00:31:11.079035,IF-008,SAP_CPI,3PL_PROVIDER,DESADV,FAILED,707.5,2.34,0
LOG-0000774,2026-09-14 00:38:53.079035,IF-006,LEGACY_MAINFRAME,SAP_ECC,MATMAS,SUCCESS,64.1,2.27,0
LOG-0001003,2026-09-14 01:08:08.079035,IF-003,SAP_S4HANA,ARIBA_NETWORK,ORDRSP,RETRY,21.0,2.84,3
LOG-0001907,2026-09-14 01:17:38.079035,IF-002,SAP_S4HANA,WMS_MANHATTAN,DESADV,SUCCESS,57.4,1.64,0
LOG-0004873,2026-09-14 01:42:57.079035,IF-002,SAP_S4HANA,WMS_MANHATTAN,DESADV,SUCCESS,40.2,2.37,0
LOG-0000964,2026-09-14 01:46:43.079035,IF-008,SAP_CPI,3PL_PROVIDER,DESADV,SUCCESS,54.8,1.97,0
LOG-0003763,2026-09-14 02:06:19.079035,IF-001,SAP_ECC,SFDC_CRM,ORDERS,SUCCESS,39.5,3.59,0
LOG-0002979,2026-09-14 02:12:39.079035,IF-001,SAP_ECC,SFDC_CRM,ORDERS,SUCCESS,36.4,6.08,0
LOG-0004556,2026-09-14 02:20:33.079035,IF-003,SAP_S4HANA,ARIBA_NETWORK,ORDRSP,SUCCESS,36.4,52.84,0
LOG-0001707,2026-09-14 02:31:44.079035,IF-007,SAP_S4HANA,DATA_LAKE,CDC,SUCCESS,55.9,8.64,0
LOG-0000865,2026-09-14 02:35:16.079035,IF-005,SAP_S4HANA,BTP_APP,OData,RETRY,47.4,43.71,0
LOG-0001646,2026-09-14 02:45:09.079035,IF-002,SAP_S4HANA,WMS_MANHATTAN,DESADV,SUCCESS,218.7,3.67,0
LOG-0004816,2026-09-14 02:52:49.079035,IF-002,SAP_S4HANA,WMS_MANHATTAN,DESADV,SUCCESS,124.7,5.95,0
LOG-0000216,2026-09-14 03:06:53.079035,IF-005,SAP_S4HANA,BTP_APP,OData,SUCCESS,97.5,1.69,0
LOG-0004856,2026-09-14 03:23:44.079035,IF-001,SAP_ECC,SFDC_CRM,ORDERS,SUCCESS,25.5,3.16,0
LOG-0000089,2026-09-14 03:24:33.079035,IF-003,SAP_S4HANA,ARIBA_NETWORK,ORDRSP,SUCCESS,162.4,4.48,0
LOG-0004870,2026-09-14 03:33:16.079035,IF-006,LEGACY_MAINFRAME,SAP_ECC,MATMAS,SUCCESS,72.4,5.75,0
LOG-0004281,2026-09-14 03:41:09.079035,IF-007,SAP_S4HANA,DATA_LAKE,CDC,SUCCESS,120.9,5.91,0
LOG-0003069,2026-09-14 03:44:29.079035,IF-002,SAP_S4HANA,WMS_MANHATTAN,DESADV,SUCCESS,23.6,4.56,0
LOG-0003914,2026-09-14 03:47:43.079035,IF-005,SAP_S4HANA,BTP_APP,OData,SUCCESS,48.1,3.42,0
LOG-0001266,2026-09-14 04:06:53.079035,IF-001,SAP_ECC,SFDC_CRM,ORDERS,SUCCESS,74.1,14.38,0
LOG-0003303,2026-09-14 04:11:11.079035,IF-001,SAP_ECC,SFDC_CRM,ORDERS,SUCCESS,199.3,35.66,0
LOG-0001457,2026-09-14 04:13:35.079035,IF-007,SAP_S4HANA,DATA_LAKE,CDC,SUCCESS,84.2,6.77,0
LOG-0004048,2026-09-14 04:20:07.079035,IF-002,SAP_S4HANA,WMS_MANHATTAN,DESADV,SUCCESS,1611.5,6.18,0
LOG-0001579,2026-09-14 04:34:31.079035,IF-001,SAP_ECC,SFDC_CRM,ORDERS,SUCCESS,160.5,13.44,0
LOG-0004690,2026-09-14 04:38:27.079035,IF-006,LEGACY_MAINFRAME,SAP_ECC,MATMAS,SUCCESS,125.6,5.22,0
LOG-0002249,2026-09-14 04:43:32.079035,IF-008,SAP_CPI,3PL_PROVIDER,DESADV,SUCCESS,31.5,5.6,0
LOG-0003589,2026-09-14 04:50:03.079035,IF-006,LEGACY_MAINFRAME,SAP_ECC,MATMAS,SUCCESS,49.5,23.66,0
LOG-0002974,2026-09-14 04:54:57.079035,IF-001,SAP_ECC,SFDC_CRM,ORDERS,SUCCESS,46.7,2.95,0
LOG-0000910,2026-09-14 04:59:15.079035,IF-002,SAP_S4HANA,WMS_MANHATTAN,DESADV,FAILED,55.7,1.17,1
LOG-0002427,2026-09-14 05:26:32.079035,IF-008,SAP_CPI,3PL_PROVIDER,DESADV,SUCCESS,59.3,9.67,0
LOG-0004364,2026-09-14 05:32:35.079035,IF-004,SAP_ECC,B2B_VAN_SPS,INVOIC,SUCCESS,33.8,27.45,0
LOG-0004551,2026-09-14 05:40:18.079035,IF-008,SAP_CPI,3PL_PROVIDER,DESADV,SUCCESS,160.7,3.76,0
LOG-0004370,2026-09-14 05:42:37.079035,IF-001,SAP_ECC,SFDC_CRM,ORDERS,SUCCESS,48.6,1.72,0
LOG-0001275,2026-09-14 05:44:10.079035,IF-001,SAP_ECC,SFDC_CRM,ORDERS,SUCCESS,43.9,2.47,0
LOG-0000274,2026-09-14 05:44:17.079035,IF-001,SAP_ECC,SFDC_CRM,ORDERS,SUCCESS,116.9,6.3,0
LOG-0004131,2026-09-14 06:39:12.079035,IF-007,SAP_S4HANA,DATA_LAKE,CDC,SUCCESS,145.1,15.76,0
LOG-0004023,2026-09-14 06:44:00.079035,IF-006,LEGACY_MAINFRAME,SAP_ECC,MATMAS,SUCCESS,59.3,2.89,0
LOG-0002578,2026-09-14 06:49:08.079035,IF-003,SAP_S4HANA,ARIBA_NETWORK,ORDRSP,SUCCESS,119.3,8.97,0
LOG-0004979,2026-09-14 06:49:43.079035,IF-008,SAP_CPI,3PL_PROVIDER,DESADV,SUCCESS,33.4,1.4,0
LOG-0002852,2026-09-14 06:51:50.079035,IF-008,SAP_CPI,3PL_PROVIDER,DESADV,SUCCESS,88.8,16.85,0
LOG-0003121,2026-09-14 06:52:02.079035,IF-003,SAP_S4HANA,ARIBA_NETWORK,ORDRSP,SUCCESS,38.0,3.7,0
LOG-0002310,2026-09-14 07:02:01.079035,IF-006,LEGACY_MAINFRAME,SAP_ECC,MATMAS,SUCCESS,47.8,19.69,0
LOG-0001445,2026-09-14 07:04:00.079035,IF-008,SAP_CPI,3PL_PROVIDER,DESADV,SUCCESS,562.9,8.23,0
LOG-0003715,2026-09-14 07:06:07.079035,IF-002,SAP_S4HANA,WMS_MANHATTAN,DESADV,SUCCESS,45.5,15.31,0
LOG-0004453,2026-09-14 07:25:13.079035,IF-004,SAP_ECC,B2B_VAN_SPS,INVOIC,SUCCESS,54.0,13.68,0
LOG-0001344,2026-09-14 07:43:56.079035,IF-006,LEGACY_MAINFRAME,SAP_ECC,MATMAS,SUCCESS,43.9,36.22,0
LOG-0002566,2026-09-14 07:49:46.079035,IF-001,SAP_ECC,SFDC_CRM,ORDERS,SUCCESS,44.8,8.91,0
LOG-0000428,2026-09-14 07:51:34.079035,IF-008,SAP_CPI,3PL_PROVIDER,DESADV,SUCCESS,70.3,7.6,0
LOG-0002385,2026-09-14 07:53:20.079035,IF-001,SAP_ECC,SFDC_CRM,ORDERS,RETRY,488.2,2.42,2
LOG-0004828,2026-09-14 08:12:56.079035,IF-003,SAP_S4HANA,ARIBA_NETWORK,ORDRSP,SUCCESS,39.0,4.07,0
LOG-0001546,2026-09-14 08:20:40.079035,IF-003,SAP_S4HANA,ARIBA_NETWORK,ORDRSP,FAILED,334.8,13.47,3
LOG-0001966,2026-09-14 08:23:26.079035,IF-003,SAP_S4HANA,ARIBA_NETWORK,ORDRSP,SUCCESS,83.2,7.02,0
LOG-0001825,2026-09-14 08:27:01.079035,IF-007,SAP_S4HANA,DATA_LAKE,CDC,SUCCESS,153.4,10.02,0
LOG-0003605,2026-09-14 08:48:50.079035,IF-006,LEGACY_MAINFRAME,SAP_ECC,MATMAS,SUCCESS,29.7,13.67,0
LOG-0000867,2026-09-14 08:54:54.079035,IF-003,SAP_S4HANA,ARIBA_NETWORK,ORDRSP,FAILED,42.7,6.43,2
LOG-0002194,2026-09-14 09:28:11.079035,IF-002,SAP_S4HANA,WMS_MANHATTAN,DESADV,SUCCESS,51.9,24.4,0
LOG-0000943,2026-09-14 09:55:01.079035,IF-002,SAP_S4HANA,WMS_MANHATTAN,DESADV,SUCCESS,74.4,8.01,0
LOG-0002165,2026-09-14 09:56:55.079035,IF-007,SAP_S4HANA,DATA_LAKE,CDC,SUCCESS,40.5,36.01,0
LOG-0004592,2026-09-14 10:00:56.079035,IF-004,SAP_ECC,B2B_VAN_SPS,INVOIC,SUCCESS,47.0,11.83,0
LOG-0003710,2026-09-14 10:01:51.079035,IF-007,SAP_S4HANA,DATA_LAKE,CDC,SUCCESS,206.1,3.25,0
LOG-0000384,2026-09-14 10:02:57.079035,IF-007,SAP_S4HANA,DATA_LAKE,CDC,SUCCESS,68.1,5.68,0
LOG-0002669,2026-09-14 10:10:38.079035,IF-006,LEGACY_MAINFRAME,SAP_ECC,MATMAS,SUCCESS,147.4,25.87,0
LOG-0001883,2026-09-14 10:23:24.079035,IF-007,SAP_S4HANA,DATA_LAKE,CDC,SUCCESS,82.6,6.88,0
LOG-0004180,2026-09-14 10:24:15.079035,IF-007,SAP_S4HANA,DATA_LAKE,CDC,SUCCESS,65.7,5.69,0
LOG-0003879,2026-09-14 10:25:38.079035,IF-002,SAP_S4HANA,WMS_MANHATTAN,DESADV,SUCCESS,64.7,7.6,0
LOG-0004449,2026-09-14 10:34:59.079035,IF-002,SAP_S4HANA,WMS_MANHATTAN,DESADV,SUCCESS,125.1,3.67,0
LOG-0003084,2026-09-14 10:43:18.079035,IF-008,SAP_CPI,3PL_PROVIDER,DESADV,SUCCESS,83.9,17.64,0
LOG-0004169,2026-09-14 10:44:08.079035,IF-003,SAP_S4HANA,ARIBA_NETWORK,ORDRSP,SUCCESS,110.5,3.48,0
LOG-0003426,2026-09-14 10:44:27.079035,IF-004,SAP_ECC,B2B_VAN_SPS,INVOIC,SUCCESS,85.5,14.85,0
LOG-0003259,2026-09-14 10:47:47.079035,IF-001,SAP_ECC,SFDC_CRM,ORDERS,SUCCESS,77.3,3.06,0
LOG-0002476,2026-09-14 10:49:26.079035,IF-006,LEGACY_MAINFRAME,SAP_ECC,MATMAS,SUCCESS,31.7,8.29,0
LOG-0002153,2026-09-14 10:51:22.079035,IF-002,SAP_S4HANA,WMS_MANHATTAN,DESADV,SUCCESS,120.7,15.33,0
LOG-0002263,2026-09-14 10:51:30.079035,IF-004,SAP_ECC,B2B_VAN_SPS,INVOIC,SUCCESS,138.6,1.52,0
LOG-0000710,2026-09-14 10:58:58.079035,IF-007,SAP_S4HANA,DATA_LAKE,CDC,SUCCESS,33.2,4.22,0
LOG-0004533,2026-09-14 11:13:03.079035,IF-006,LEGACY_MAINFRAME,SAP_ECC,MATMAS,SUCCESS,179.7,2.84,0
LOG-0000873,2026-09-14 11:20:09.079035,IF-002,SAP_S4HANA,WMS_MANHATTAN,DESADV,SUCCESS,119.9,3.49,0
LOG-0000850,2026-09-14 11:23:22.079035,IF-008,SAP_CPI,3PL_PROVIDER,DESADV,SUCCESS,42.4,24.14,0
LOG-0003876,2026-09-14 11:32:43.079035,IF-003,SAP_S4HANA,ARIBA_NETWORK,ORDRSP,SUCCESS,56.3,3.87,0
LOG-0000663,2026-09-14 12:01:00.079035,IF-008,SAP_CPI,3PL_PROVIDER,DESADV,SUCCESS,69.2,46.9,0
LOG-0003524,2026-09-14 12:19:11.079035,IF-002,SAP_S4HANA,WMS_MANHATTAN,DESADV,SUCCESS,86.6,1.83,0
LOG-0001866,2026-09-14 12:32:12.079035,IF-007,SAP_S4HANA,DATA_LAKE,CDC,SUCCESS,66.2,17.1,0
LOG-0001897,2026-09-14 12:33:04.079035,IF-003,SAP_S4HANA,ARIBA_NETWORK,ORDRSP,SUCCESS,70.2,13.09,0
LOG-0000685,2026-09-14 12:40:12.079035,IF-006,LEGACY_MAINFRAME,SAP_ECC,MATMAS,SUCCESS,62.8,5.29,0
LOG-0000075,2026-09-14 12:40:14.079035,IF-005,SAP_S4HANA,BTP_APP,OData,TIMEOUT,19.4,24.38,0
LOG-0003332,2026-09-14 12:52:38.079035,IF-005,SAP_S4HANA,BTP_APP,OData,SUCCESS,114.3,11.99,0
LOG-0003143,2026-09-14 13:25:54.079035,IF-003,SAP_S4HANA,ARIBA_NETWORK,ORDRSP,SUCCESS,41.4,2.01,0
LOG-0002828,2026-09-14 13:27:59.079035,IF-005,SAP_S4HANA,BTP_APP,OData,SUCCESS,45.4,7.07,0
LOG-0002007,2026-09-14 13:32:49.079035,IF-006,LEGACY_MAINFRAME,SAP_ECC,MATMAS,SUCCESS,249.5,13.03,0
LOG-0000339,2026-09-14 13:35:34.079035,IF-003,SAP_S4HANA,ARIBA_NETWORK,ORDRSP,SUCCESS,73.5,2.29,0
LOG-0002057,2026-09-14 13:58:32.079035,IF-005,SAP_S4HANA,BTP_APP,OData,SUCCESS,15.9,2.9,0
LOG-0003902,2026-09-14 13:58:50.079035,IF-006,LEGACY_MAINFRAME,SAP_ECC,MATMAS,SUCCESS,81.9,8.4,0
LOG-0000646,2026-09-14 14:14:35.079035,IF-007,SAP_S4HANA,DATA_LAKE,CDC,SUCCESS,139.1,13.21,0
LOG-0004350,2026-09-14 14:19:44.079035,IF-003,SAP_S4HANA,ARIBA_NETWORK,ORDRSP,SUCCESS,37.8,4.49,0
LOG-0003315,2026-09-14 14:20:44.079035,IF-001,SAP_ECC,SFDC_CRM,ORDERS,SUCCESS,52.6,5.19,0
LOG-0003123,2026-09-14 14:34:51.079035,IF-002,SAP_S4HANA,WMS_MANHATTAN,DESADV,FAILED,71.1,11.19,0
LOG-0002613,2026-09-14 14:35:47.079035,IF-005,SAP_S4HANA,BTP_APP,OData,SUCCESS,52.9,5.91,0
LOG-0003622,2026-09-14 14:36:58.079035,IF-001,SAP_ECC,SFDC_CRM,ORDERS,SUCCESS,38.2,5.23,0
LOG-0002689,2026-09-14 14:37:33.079035,IF-004,SAP_ECC,B2B_VAN_SPS,INVOIC,SUCCESS,39.7,27.82,0
LOG-0001021,2026-09-14 14:44:31.079035,IF-002,SAP_S4HANA,WMS_MANHATTAN,DESADV,SUCCESS,68.9,8.96,0
