VBELN,POSNR,MATNR,WERKS,KWMENG,NETPR,NETWR
4500000000,10,0000900288,1020,39,29.03,1132.17
4500000000,20,0000900130,1020,38,135.35,5143.3
4500000001,10,0000900251,1010,21,26.61,558.81
4500000001,20,0000900118,1000,47,36.22,1702.34
4500000002,10,0000900105,1020,18,22.84,411.12
4500000002,20,0000900010,1010,29,3.71,107.59
4500000003,10,0000900128,1010,14,1.63,22.82
4500000003,20,0000900033,1000,29,46.65,1352.85
4500000004,10,0000900003,1000,13,2.83,36.79
4500000005,10,0000900158,1020,39,9.67,377.13
4500000005,20,0000900262,2010,39,8.22,320.58
4500000005,30,0000900191,2000,35,97.33,3406.55
4500000005,40,0000900032,2010,46,34.49,1586.54
4500000006,10,0000900000,1000,29,7.93,229.97
4500000006,20,0000900059,2000,29,47.28,1371.12
4500000006,30,0000900045,1000,43,10.71,460.53
4500000006,40,0000900233,1000,28,8.59,240.52
4500000007,10,0000900176,2010,20,35.16,703.2
4500000007,20,0000900017,1020,22,21.46,472.12
4500000008,10,0000900027,1010,40,27.17,1086.8
4500000009,10,0000900058,1000,2,16.25,32.5
4500000010,10,0000900146,1010,24,74.78,1794.72
4500000010,20,0000900179,2010,40,59.24,2369.6
4500000010,30,0000900218,2010,29,48.75,1413.75
4500000011,10,0000900212,2000,36,14.33,515.88
4500000011,20,0000900241,2010,30,127.8,3834.0
4500000011,30,0000900292,1000,43,14.65,629.95
4500000012,10,0000900242,1010,24,137.41,3297.84
4500000013,10,0000900135,2000,23,4.32,99.36
4500000013,20,0000900039,1000,47,535.3,25159.1
4500000013,30,0000900080,1010,35,19.01,665.35
4500000014,10,0000900128,1010,2,1.46,2.92
4500000014,20,0000900072,2000,21,50.04,1050.84
4500000014,30,0000900165,1000,44,28.67,1261.48
4500000015,10,0000900239,2000,10,52.96,529.6
4500000016,10,0000900021,1010,12,45.07,540.84
4500000016,20,0000900128,1010,44,1.62,71.28
4500000016,30,0000900043,2000,26,114.12,2967.12
4500000017,10,0000900052,1000,4,12.71,50.84
4500000017,20,0000900171,2010,8,4.06,32.48
4500000017,30,0000900026,1000,9,6.68,60.12
4500000018,10,0000900277,2000,33,26.58,877.14
4500000019,10,0000900162,2000,46,169.35,7790.1
4500000019,20,0000900021,1010,17,41.5,705.5
4500000019,30,0000900008,1010,13,12.92,167.96
4500000019,40,0000900092,1020,8,8.07,64.56
4500000020,10,0000900118,1000,36,37.29,1342.44
4500000020,20,0000900201,1020,21,62.39,1310.19
4500000020,30,0000900171,2010,41,4.52,185.32
4500000021,10,0000900218,2010,40,50.35,2014.0
4500000021,20,0000900098,1010,22,20.56,452.32
4500000022,10,0000900223,1020,38,58.26,2213.88
4500000023,10,0000900187,1000,13,77.09,1002.17
4500000023,20,0000900180,2010,33,8.79,290.07
4500000023,30,0000900253,1020,41,18.95,776.95
4500000024,10,0000900124,1000,24,75.57,1813.68
4500000024,20,0000900149,2000,38,11.15,423.7
4500000024,30,0000900241,2010,39,112.25,4377.75
4500000025,10,0000900159,1010,29,6.0,174.0
4500000025,20,0000900057,2010,2,71.5,143.0
4500000025,30,0000900001,1000,4,43.79,175.16
4500000026,10,0000900263,1000,30,12.43,372.9
4500000026,20,0000900151,1000,27,58.78,1587.06
4500000027,10,0000900171,2010,9,4.73,42.57
4500000028,10,0000900115,2000,24,42.3,1015.2
4500000028,20,0000900190,2010,17,11.75,199.75
4500000028,30,0000900265,2000,34,64.16,2181.44
4500000029,10,0000900218,2010,20,47.76,955.2
4500000029,20,0000900046,1020,35,12.28,429.8
4500000029,30,0000900099,1010,46,160.78,7395.88
4500000030,10,0000900040,2000,26,28.6,743.6
4500000030,20,0000900149,2000,2,11.5,23.0
4500000030,30,0000900049,1010,20,154.91,3098.2
4500000030,40,0000900122,1020,4,17.79,71.16
4500000031,10,0000900122,1020,48,19.43,932.64
4500000031,20,0000900002,2010,22,5.12,112.64
4500000031,30,0000900179,2010,8,56.01,448.08
4500000032,10,0000900172,2000,34,6.69,227.46
4500000032,20,0000900050,1020,39,112.8,4399.2
4500000032,30,0000900173,2000,10,17.39,173.9
4500000033,10,0000900240,2000,5,24.19,120.95
4500000034,10,0000900214,2000,46,151.98,6991.08
4500000035,10,0000900104,2010,34,34.15,1161.1
4500000035,20,0000900010,1010,6,3.91,23.46
4500000035,30,0000900257,2000,27,76.55,2066.85
4500000035,40,0000900111,1020,26,25.88,672.88
4500000036,10,0000900272,1010,7,11.4,79.8
4500000036,20,0000900084,1000,15,9.74,146.1
4500000036,30,0000900065,1000,13,16.47,214.11
4500000036,40,0000900081,1000,36,24.73,890.28
4500000037,10,0000900103,2000,42,16.9,709.8
4500000037,20,0000900259,1020,47,6.45,303.15
4500000037,30,0000900157,2000,34,96.28,3273.52
4500000038,10,0000900133,2010,7,46.03,322.21
4500000038,20,0000900062,2000,48,26.01,1248.48
4500000039,10,0000900037,1000,22,8.35,183.7
4500000039,20,0000900101,1010,20,120.0,2400.0
4500000039,30,0000900006,2000,1,7.12,7.12
4500000039,40,0000900255,1000,3,103.56,310.68
4500000040,10,0000900106,1000,17,12.01,204.17
4500000040,20,0000900297,1020,31,3.74,115.94
4500000040,30,0000900205,1020,22,30.72,675.84
4500000040,40,0000900098,1010,5,20.69,103.45
4500000041,10,0000900248,2010,30,23.7,711.0
4500000041,20,0000900060,1010,49,19.17,939.33
4500000041,30,0000900115,2000,28,41.65,1166.2
4500000041,40,0000900065,1000,39,16.07,626.73
4500000042,10,0000900022,1010,29,3.12,90.48
4500000042,20,0000900192,1000,38,9.88,375.44
4500000042,30,0000900069,1020,27,15.59,420.93
4500000042,40,0000900255,1000,35,107.58,3765.3
4500000043,10,0000900222,1020,3,158.75,476.25
4500000043,20,0000900125,2000,4,5.72,22.88
4500000043,30,0000900013,2000,26,34.03,884.78
4500000044,10,0000900191,2000,15,93.55,1403.25
4500000044,20,0000900069,1020,44,14.23,626.12
4500000044,30,0000900161,1010,22,56.79,1249.38
4500000045,10,0000900230,1010,4,1.83,7.32
4500000046,10,0000900014,2000,31,2.35,72.85
4500000047,10,0000900002,2010,19,5.76,109.44
4500000048,10,0000900177,1020,1,2.22,2.22
4500000048,20,0000900161,1010,3,57.69,173.07
4500000048,30,0000900199,2000,37,35.31,1306.47
4500000048,40,0000900229,1010,43,2.86,122.98
4500000049,10,0000900044,2000,30,18.9,567.0
4500000049,20,0000900195,1000,17,7.47,126.99
4500000049,30,0000900009,2000,3,41.31,123.93
4500000049,40,0000900056,1020,49,25.77,1262.73
4500000050,10,0000900253,1020,7,19.5,136.5
4500000050,20,0000900013,2000,40,30.34,1213.6
4500000050,30,0000900053,1000,23,17.0,391.0
4500000050,40,0000900211,1020,47,95.18,4473.46
4500000051,10,0000900157,2000,47,91.55,4302.85
4500000051,20,0000900084,1000,34,9.23,313.82
4500000052,10,0000900288,1020,33,31.81,1049.73
4500000052,20,0000900281,1000,23,10.82,248.86
4500000053,10,0000900285,1020,37,1.36,50.32
4500000054,10,0000900187,1000,42,71.59,3006.78
4500000054,20,0000900293,1000,15,28.58,428.7
4500000054,30,0000900155,2000,23,92.88,2136.24
4500000054,40,0000900272,1010,24,11.87,284.88
4500000055,10,0000900028,1010,39,7.71,300.69
4500000055,20,0000900023,2000,6,6.0,36.0
4500000056,10,0000900125,2000,21,5.43,114.03
4500000056,20,0000900007,1020,18,160.93,2896.74
4500000056,30,0000900199,2000,5,35.78,178.9
4500000057,10,0000900138,1010,11,31.27,343.97
4500000057,20,0000900130,1020,25,143.45,3586.25
4500000057,30,0000900201,1020,31,67.05,2078.55
4500000058,10,0000900234,1010,38,3.88,147.44
4500000058,20,0000900094,2010,34,6.84,232.56
4500000058,30,0000900029,2000,38,3.41,129.58
4500000058,40,0000900101,1010,47,119.2,5602.4
4500000059,10,0000900105,1020,5,21.67,108.35
4500000059,20,0000900066,1010,1,11.94,11.94
4500000059,30,0000900270,1000,1,9.48,9.48
4500000060,10,0000900182,2010,35,81.29,2845.15
4500000060,20,0000900036,2000,28,19.45,544.6
4500000060,30,0000900155,2000,44,91.71,4035.24
4500000060,40,0000900250,2010,44,46.11,2028.84
4500000061,10,0000900159,1010,17,5.83,99.11
4500000061,20,0000900250,2010,2,43.59,87.18
4500000062,10,0000900157,2000,32,89.56,2865.92
4500000062,20,0000900155,2000,24,95.2,2284.8
4500000063,10,0000900270,1000,47,9.46,444.62
4500000064,10,0000900266,1000,1,101.44,101.44
4500000064,20,0000900244,1020,34,79.85,2714.9
4500000065,10,0000900121,2010,6,15.07,90.42
4500000065,20,0000900000,1000,17,7.38,125.46
4500000065,30,0000900134,1000,44,65.23,2870.12
4500000066,10,0000900049,1010,16,150.03,2400.48
4500000067,10,0000900025,2010,20,87.92,1758.4
4500000067,20,0000900046,1020,35,12.57,439.95
4500000067,30,0000900214,2000,36,146.74,5282.64
4500000068,10,0000900033,1000,39,49.6,1934.4
4500000068,20,0000900218,2010,39,46.56,1815.84
4500000069,10,0000900261,1020,30,12.36,370.8
4500000070,10,0000900065,1000,4,17.06,68.24
4500000071,10,0000900242,1010,36,148.56,5348.16
4500000071,20,0000900129,2000,34,284.36,9668.24
4500000071,30,0000900094,2010,13,7.59,98.67
4500000072,10,0000900154,2010,21,10.98,230.58
4500000073,10,0000900203,1020,42,8.43,354.06
4500000074,10,0000900209,1000,48,23.95,1149.6
4500000075,10,0000900091,2000,19,129.72,2464.68
4500000075,20,0000900081,1000,45,23.7,1066.5
4500000075,30,0000900011,2010,37,9.78,361.86
4500000076,10,0000900238,1020,24,7.3,175.2
4500000076,20,0000900168,2000,3,41.89,125.67
4500000076,30,0000900226,1000,37,18.43,681.91
4500000076,40,0000900007,1020,2,175.84,351.68
4500000077,10,0000900269,2000,33,44.49,1468.17
4500000077,20,0000900260,1000,12,18.47,221.64
4500000077,30,0000900087,1000,49,14.61,715.89
4500000078,10,0000900158,1020,49,10.97,537.53
4500000078,20,0000900218,2010,9,44.66,401.94
4500000079,10,0000900034,1000,34,28.59,972.06
4500000079,20,0000900175,2000,39,12.01,468.39
4500000079,30,0000900109,2000,49,4.09,200.41
4500000080,10,0000900201,1020,21,62.11,1304.31
4500000080,20,0000900120,1000,30,8.58,257.4
4500000081,10,0000900122,1020,37,19.68,728.16
4500000082,10,0000900182,2010,37,78.31,2897.47
4500000082,20,0000900250,2010,49,41.08,2012.92
4500000083,10,0000900243,1010,29,35.47,1028.63
4500000084,10,0000900087,1000,23,14.38,330.74
4500000085,10,0000900249,1020,49,6.18,302.82
4500000086,10,0000900261,1020,15,11.55,173.25
4500000086,20,0000900132,2010,48,19.34,928.32
4500000086,30,0000900094,2010,39,7.4,288.6
4500000087,10,0000900223,1020,33,52.19,1722.27
4500000088,10,0000900279,2000,8,8.62,68.96
4500000088,20,0000900263,1000,34,11.94,405.96
4500000089,10,0000900016,1010,24,15.22,365.28
4500000089,20,0000900137,1000,19,32.81,623.39
4500000089,30,0000900042,2000,13,13.38,173.94
4500000089,40,0000900051,1000,11,13.44,147.84
4500000090,10,0000900217,1010,45,14.59,656.55
4500000090,20,0000900145,1020,37,5.51,203.87
4500000090,30,0000900022,1010,23,3.38,77.74
4500000091,10,0000900191,2000,15,89.11,1336.65
4500000091,20,0000900037,1000,44,8.91,392.04
4500000091,30,0000900000,1000,39,8.24,321.36
4500000092,10,0000900136,1010,19,13.41,254.79
4500000092,20,0000900112,1010,36,26.07,938.52
4500000092,30,0000900076,1020,40,47.42,1896.8
4500000093,10,0000900250,2010,45,45.56,2050.2
4500000094,10,0000900277,2000,49,24.61,1205.89
4500000094,20,0000900093,2010,7,14.52,101.64
4500000095,10,0000900094,2010,27,7.62,205.74
4500000095,20,0000900185,1020,22,17.35,381.7
4500000096,10,0000900202,2010,41,14.18,581.38
4500000096,20,0000900122,1020,29,17.76,515.04
4500000096,30,0000900228,2000,6,8.03,48.18
4500000097,10,0000900276,1010,20,13.2,264.0
4500000097,20,0000900244,1020,1,77.47,77.47
4500000098,10,0000900150,1010,39,35.42,1381.38
4500000098,20,0000900213,1010,47,6.86,322.42
4500000099,10,0000900254,2000,49,27.35,1340.15
4500000099,20,0000900202,2010,20,14.94,298.8
4500000099,30,0000900073,1000,22,22.09,485.98
4500000099,40,0000900014,2000,18,2.5,45.0
4500000100,10,0000900182,2010,19,82.62,1569.78
4500000100,20,0000900233,1000,38,8.94,339.72
4500000100,30,0000900066,1010,5,11.51,57.55
4500000100,40,0000900192,1000,16,9.42,150.72
4500000101,10,0000900148,2000,11,7.07,77.77
4500000102,10,0000900107,1000,49,2.67,130.83
4500000102,20,0000900064,2000,3,6.39,19.17
4500000102,30,0000900172,2000,26,6.74,175.24
4500000102,40,0000900127,1000,28,165.53,4634.84
4500000103,10,0000900114,2000,14,4.7,65.8
4500000103,20,0000900109,2000,22,4.08,89.76
4500000103,30,0000900266,1000,23,98.34,2261.82
4500000103,40,0000900087,1000,40,15.22,608.8
4500000104,10,0000900175,2000,29,12.13,351.77
4500000105,10,0000900279,2000,33,9.74,321.42
4500000105,20,0000900230,1010,45,1.61,72.45
4500000105,30,0000900052,1000,33,12.29,405.57
4500000105,40,0000900289,2010,15,68.57,1028.55
4500000106,10,0000900236,1000,10,37.42,374.2
4500000107,10,0000900131,2010,26,35.35,919.1
4500000108,10,0000900090,2000,9,20.67,186.03
4500000108,20,0000900244,1020,4,80.18,320.72
4500000108,30,0000900075,1000,16,46.8,748.8
4500000108,40,0000900125,2000,18,6.06,109.08
4500000109,10,0000900121,2010,32,14.2,454.4
4500000109,20,0000900197,2010,11,7.56,83.16
4500000109,30,0000900120,1000,27,8.03,216.81
4500000109,40,0000900198,2010,37,21.23,785.51
4500000110,10,0000900094,2010,21,7.05,148.05
4500000111,10,0000900260,1000,32,16.47,527.04
4500000111,20,0000900054,1010,42,3.49,146.58
4500000111,30,0000900161,1010,23,58.11,1336.53
4500000112,10,0000900074,2000,4,10.02,40.08
4500000113,10,0000900086,1020,39,14.68,572.52
4500000113,20,0000900040,2000,38,31.0,1178.0
4500000113,30,0000900169,2010,10,25.74,257.4
4500000114,10,0000900172,2000,45,6.77,304.65
4500000114,20,0000900231,2010,26,69.6,1809.6
4500000114,30,0000900098,1010,48,23.24,1115.52
4500000115,10,0000900028,1010,1,7.37,7.37
4500000115,20,0000900267,1000,7,15.67,109.69
4500000115,30,0000900156,1010,20,27.37,547.4
4500000116,10,0000900214,2000,40,140.24,5609.6
4500000116,20,0000900174,2000,33,10.59,349.47
4500000116,30,0000900156,1010,25,26.76,669.0
4500000116,40,0000900024,1020,49,18.14,888.86
4500000117,10,0000900200,2010,4,10.21,40.84
4500000118,10,0000900218,2010,8,50.6,404.8
4500000118,20,0000900065,1000,38,16.79,638.02
4500000118,30,0000900259,1020,6,6.46,38.76
4500000119,10,0000900045,1000,14,9.34,130.76
4500000119,20,0000900130,1020,9,143.36,1290.24
4500000119,30,0000900006,2000,14,7.28,101.92
4500000119,40,0000900124,1000,19,72.35,1374.65
4500000120,10,0000900263,1000,4,11.45,45.8
4500000120,20,0000900124,1000,35,72.09,2523.15
4500000121,10,0000900001,1000,1,42.01,42.01
4500000121,20,0000900175,2000,40,11.37,454.8
4500000122,10,0000900009,2000,31,43.33,1343.23
4500000122,20,0000900245,2000,11,45.67,502.37
4500000122,30,0000900253,1020,10,19.41,194.1
4500000123,10,0000900202,2010,19,15.0,285.0
4500000123,20,0000900058,1000,15,17.14,257.1
4500000123,30,0000900149,2000,16,11.55,184.8
4500000123,40,0000900007,1020,2,164.74,329.48
4500000124,10,0000900000,1000,48,8.4,403.2
4500000125,10,0000900233,1000,18,8.35,150.3
4500000125,20,0000900124,1000,13,73.28,952.64
4500000126,10,0000900074,2000,2,11.03,22.06
4500000126,20,0000900132,2010,31,18.78,582.18
4500000126,30,0000900237,1000,36,50.69,1824.84
4500000126,40,0000900059,2000,47,47.69,2241.43
4500000127,10,0000900134,1000,37,69.05,2554.85
4500000127,20,0000900080,1010,6,19.5,117.0
4500000128,10,0000900139,2010,36,290.99,10475.64
4500000128,20,0000900285,1020,9,1.4,12.6
4500000128,30,0000900026,1000,22,5.91,130.02
4500000129,10,0000900062,2000,38,25.38,964.44
4500000130,10,0000900017,1020,45,22.13,995.85
4500000130,20,0000900248,2010,10,24.65,246.5
4500000130,30,0000900144,1000,14,13.82,193.48
4500000130,40,0000900208,2000,30,20.79,623.7
4500000131,10,0000900019,1010,22,47.16,1037.52
4500000131,20,0000900093,2010,44,14.46,636.24
4500000131,30,0000900056,1020,49,24.81,1215.69
4500000132,10,0000900087,1000,22,15.96,351.12
4500000133,10,0000900225,1000,49,10.82,530.18
4500000134,10,0000900155,2000,14,96.36,1349.04
4500000134,20,0000900116,1010,22,32.55,716.1
4500000134,30,0000900065,1000,3,15.23,45.69
4500000135,10,0000900041,1020,21,164.12,3446.52
4500000135,20,0000900101,1010,33,111.48,3678.84
4500000136,10,0000900015,1020,1,152.79,152.79
4500000137,10,0000900240,2000,7,22.44,157.08
4500000137,20,0000900297,1020,49,3.48,170.52
4500000137,30,0000900109,2000,39,4.37,170.43
4500000137,40,0000900114,2000,15,4.27,64.05
4500000138,10,0000900042,2000,15,14.14,212.1
4500000138,20,0000900081,1000,45,24.27,1092.15
4500000138,30,0000900277,2000,15,24.14,362.1
4500000139,10,0000900204,1010,10,76.28,762.8
4500000140,10,0000900080,1010,11,16.72,183.92
4500000140,20,0000900034,1000,5,30.84,154.2
4500000141,10,0000900008,1010,41,14.79,606.39
4500000141,20,0000900266,1000,45,97.18,4373.1
4500000141,30,0000900029,2000,44,3.74,164.56
4500000141,40,0000900016,1010,20,15.3,306.0
4500000142,10,0000900295,1010,44,8.86,389.84
4500000143,10,0000900075,1000,46,47.38,2179.48
4500000144,10,0000900007,1020,34,175.19,5956.46
4500000144,20,0000900043,2000,48,123.5,5928.0
4500000145,10,0000900124,1000,30,68.81,2064.3
4500000146,10,0000900253,1020,49,18.95,928.55
4500000147,10,0000900268,1000,10,54.53,545.3
4500000147,20,0000900274,2010,36,4.21,151.56
4500000147,30,0000900231,2010,47,67.33,3164.51
4500000148,10,0000900104,2010,15,36.58,548.7
4500000148,20,0000900245,2000,20,43.77,875.4
4500000148,30,0000900088,2000,26,54.84,1425.84
4500000148,40,0000900071,1020,10,71.82,718.2
4500000149,10,0000900242,1010,40,141.33,5653.2
4500000149,20,0000900114,2000,30,4.28,128.4
4500000149,30,0000900183,1000,17,44.14,750.38
4500000149,40,0000900136,1010,3,12.26,36.78
4500000150,10,0000900160,2000,45,23.1,1039.5
4500000150,20,0000900203,1020,9,8.27,74.43
4500000150,30,0000900257,2000,26,68.01,1768.26
4500000151,10,0000900045,1000,48,9.57,459.36
4500000151,20,0000900276,1010,20,13.88,277.6
4500000151,30,0000900060,1010,3,21.84,65.52
4500000152,10,0000900273,2010,2,29.87,59.74
4500000153,10,0000900281,1000,42,11.9,499.8
4500000153,20,0000900274,2010,12,3.81,45.72
4500000153,30,0000900129,2000,30,322.96,9688.8
4500000154,10,0000900214,2000,49,151.68,7432.32
4500000155,10,0000900284,2010,1,6.06,6.06
4500000155,20,0000900147,2010,8,13.06,104.48
4500000155,30,0000900005,1020,44,84.82,3732.08
4500000156,10,0000900281,1000,19,11.33,215.27
4500000157,10,0000900058,1000,18,15.65,281.7
4500000157,20,0000900179,2010,27,55.23,1491.21
4500000158,10,0000900262,2010,19,8.19,155.61
4500000158,20,0000900090,2000,5,21.73,108.65
4500000158,30,0000900266,1000,4,97.06,388.24
4500000158,40,0000900062,2000,39,26.59,1037.01
4500000159,10,0000900209,1000,9,24.74,222.66
4500000159,20,0000900273,2010,43,27.75,1193.25
4500000159,30,0000900057,2010,38,78.44,2980.72
4500000160,10,0000900062,2000,8,25.03,200.24
4500000160,20,0000900049,1010,29,135.7,3935.3
4500000160,30,0000900122,1020,16,18.8,300.8
4500000161,10,0000900192,1000,45,9.66,434.7
4500000161,20,0000900018,1010,30,33.79,1013.7
4500000162,10,0000900156,1010,26,25.65,666.9
4500000162,20,0000900243,1010,49,38.83,1902.67
4500000163,10,0000900186,2010,46,22.06,1014.76
4500000163,20,0000900021,1010,27,42.27,1141.29
4500000164,10,0000900285,1020,29,1.3,37.7
4500000164,20,0000900053,1000,31,14.82,459.42
4500000165,10,0000900051,1000,29,13.05,378.45
4500000165,20,0000900011,2010,34,9.02,306.68
4500000165,30,0000900118,1000,22,34.18,751.96
4500000165,40,0000900147,2010,10,13.63,136.3
4500000166,10,0000900012,1010,15,41.31,619.65
4500000166,20,0000900182,2010,41,78.81,3231.21
4500000167,10,0000900168,2000,9,39.91,359.19
4500000167,20,0000900134,1000,1,72.44,72.44
4500000167,30,0000900208,2000,47,20.77,976.19
4500000167,40,0000900161,1010,36,61.57,2216.52
4500000168,10,0000900289,2010,48,76.88,3690.24
4500000169,10,0000900225,1000,11,9.51,104.61
4500000169,20,0000900242,1010,38,139.4,5297.2
4500000170,10,0000900204,1010,6,71.99,431.94
4500000170,20,0000900038,1020,3,9.47,28.41
4500000170,30,0000900226,1000,38,17.36,659.68
4500000170,40,0000900230,1010,29,1.79,51.91
4500000171,10,0000900126,1020,24,2.27,54.48
4500000171,20,0000900185,1020,25,16.67,416.75
4500000171,30,0000900183,1000,21,46.1,968.1
4500000172,10,0000900042,2000,43,13.34,573.62
4500000172,20,0000900180,2010,34,8.48,288.32
4500000173,10,0000900277,2000,3,23.72,71.16
4500000173,20,0000900113,1010,48,2.56,122.88
4500000173,30,0000900009,2000,31,43.81,1358.11
4500000174,10,0000900207,1010,31,15.62,484.22
4500000174,20,0000900165,1000,31,28.09,870.79
4500000174,30,0000900138,1010,41,33.79,1385.39
4500000175,10,0000900014,2000,46,2.63,120.98
4500000176,10,0000900257,2000,44,74.23,3266.12
4500000176,20,0000900069,1020,27,14.78,399.06
4500000176,30,0000900141,1020,34,38.43,1306.62
4500000177,10,0000900048,1010,13,82.43,1071.59
4500000177,20,0000900247,1020,23,46.36,1066.28
4500000177,30,0000900122,1020,40,19.98,799.2
4500000178,10,0000900291,2000,46,20.22,930.12
4500000179,10,0000900006,2000,20,7.2,144.0
4500000179,20,0000900109,2000,6,4.22,25.32
4500000179,30,0000900074,2000,10,10.52,105.2
4500000180,10,0000900032,2010,48,35.95,1725.6
4500000180,20,0000900235,1000,5,90.13,450.65
4500000181,10,0000900195,1000,34,7.56,257.04
4500000181,20,0000900070,1010,34,47.81,1625.54
4500000181,30,0000900176,2010,16,40.12,641.92
4500000182,10,0000900116,1010,23,35.91,825.93
4500000183,10,0000900153,1010,13,3.49,45.37
4500000183,20,0000900116,1010,16,30.96,495.36
4500000184,10,0000900025,2010,45,89.28,4017.6
4500000184,20,0000900038,1020,34,9.32,316.88
4500000184,30,0000900229,1010,8,2.85,22.8
4500000185,10,0000900283,1000,12,15.35,184.2
4500000186,10,0000900198,2010,35,20.58,720.3
4500000186,20,0000900184,2000,37,19.45,719.65
4500000186,30,0000900063,1010,39,27.53,1073.67
4500000187,10,0000900055,2010,18,6.17,111.06
4500000187,20,0000900111,1020,13,25.86,336.18
4500000187,30,0000900182,2010,27,83.66,2258.82
4500000187,40,0000900165,1000,10,28.88,288.8
4500000188,10,0000900172,2000,15,6.45,96.75
4500000188,20,0000900054,1010,13,3.53,45.89
4500000188,30,0000900182,2010,27,85.25,2301.75
4500000188,40,0000900140,1020,31,3.96,122.76
4500000189,10,0000900079,1010,29,51.33,1488.57
4500000189,20,0000900005,1020,27,79.58,2148.66
4500000190,10,0000900057,2010,42,81.93,3441.06
4500000190,20,0000900205,1020,22,29.26,643.72
4500000191,10,0000900022,1010,49,3.34,163.66
4500000191,20,0000900141,1020,21,39.7,833.7
4500000192,10,0000900176,2010,26,37.24,968.24
4500000193,10,0000900118,1000,30,35.41,1062.3
4500000193,20,0000900206,1010,29,107.05,3104.45
4500000193,30,0000900224,1010,12,1.2,14.4
4500000194,10,0000900243,1010,46,36.45,1676.7
4500000195,10,0000900247,1020,5,41.77,208.85
4500000195,20,0000900109,2000,31,4.24,131.44
4500000196,10,0000900103,2000,42,18.98,797.16
4500000196,20,0000900019,1010,9,49.6,446.4
4500000197,10,0000900012,1010,19,44.36,842.84
4500000197,20,0000900103,2000,43,17.52,753.36
4500000197,30,0000900176,2010,18,34.77,625.86
4500000198,10,0000900015,1020,32,160.62,5139.84
4500000198,20,0000900131,2010,13,35.5,461.5
4500000199,10,0000900169,2010,44,27.82,1224.08
4500000200,10,0000900049,1010,13,148.32,1928.16
4500000200,20,0000900184,2000,49,20.54,1006.46
4500000201,10,0000900107,1000,4,2.78,11.12
4500000201,20,0000900282,1020,38,29.02,1102.76
4500000202,10,0000900173,2000,35,17.19,601.65
4500000202,20,0000900159,1010,45,5.79,260.55
4500000203,10,0000900064,2000,33,6.82,225.06
4500000203,20,0000900026,1000,17,5.85,99.45
4500000203,30,0000900097,1020,14,130.87,1832.18
4500000204,10,0000900093,2010,43,14.2,610.6
4500000204,20,0000900040,2000,1,28.24,28.24
4500000205,10,0000900039,1000,41,481.6,19745.6
4500000205,20,0000900244,1020,1,82.51,82.51
4500000206,10,0000900179,2010,31,60.11,1863.41
4500000206,20,0000900014,2000,16,2.42,38.72
4500000207,10,0000900256,2000,17,13.8,234.6
4500000207,20,0000900168,2000,9,42.99,386.91
4500000207,30,0000900094,2010,22,6.58,144.76
4500000207,40,0000900052,1000,2,13.44,26.88
4500000208,10,0000900115,2000,39,39.33,1533.87
4500000209,10,0000900055,2010,14,5.75,80.5
4500000210,10,0000900024,1020,36,18.69,672.84
4500000210,20,0000900171,2010,27,4.33,116.91
4500000211,10,0000900295,1010,23,8.28,190.44
4500000211,20,0000900024,1020,18,20.2,363.6
4500000211,30,0000900084,1000,8,8.62,68.96
4500000212,10,0000900030,1020,19,3.64,69.16
4500000212,20,0000900138,1010,27,30.13,813.51
4500000213,10,0000900023,2000,33,5.83,192.39
4500000213,20,0000900223,1020,25,54.61,1365.25
4500000213,30,0000900086,1020,43,13.96,600.28
4500000213,40,0000900148,2000,48,6.88,330.24
4500000214,10,0000900098,1010,21,23.03,483.63
4500000214,20,0000900203,1020,27,9.34,252.18
4500000214,30,0000900080,1010,41,19.38,794.58
4500000215,10,0000900019,1010,42,52.5,2205.0
4500000215,20,0000900185,1020,30,15.24,457.2
4500000215,30,0000900034,1000,16,27.29,436.64
4500000216,10,0000900154,2010,47,11.33,532.51
4500000216,20,0000900189,1020,43,29.08,1250.44
4500000216,30,0000900179,2010,29,56.65,1642.85
4500000217,10,0000900075,1000,46,51.62,2374.52
4500000217,20,0000900202,2010,44,15.26,671.44
4500000218,10,0000900065,1000,34,15.41,523.94
4500000218,20,0000900163,1020,49,33.48,1640.52
4500000218,30,0000900118,1000,38,37.34,1418.92
4500000219,10,0000900252,1000,32,27.35,875.2
4500000220,10,0000900191,2000,22,86.29,1898.38
4500000220,20,0000900221,2010,43,67.03,2882.29
4500000221,10,0000900101,1010,36,115.48,4157.28
4500000221,20,0000900213,1010,46,6.57,302.22
4500000221,30,0000900212,2000,1,15.71,15.71
4500000222,10,0000900236,1000,33,36.33,1198.89
4500000223,10,0000900065,1000,2,16.45,32.9
4500000223,20,0000900269,2000,25,46.4,1160.0
4500000223,30,0000900156,1010,45,28.01,1260.45
4500000224,10,0000900035,2010,31,17.18,532.58
4500000224,20,0000900116,1010,26,31.37,815.62
4500000224,30,0000900062,2000,44,26.2,1152.8
4500000224,40,0000900162,2000,15,185.95,2789.25
4500000225,10,0000900262,2010,1,8.05,8.05
4500000225,20,0000900246,1010,31,90.15,2794.65
4500000225,30,0000900243,1010,42,35.63,1496.46
4500000226,10,0000900007,1020,40,155.26,6210.4
4500000226,20,0000900180,2010,33,8.5,280.5
4500000226,30,0000900122,1020,2,19.29,38.58
4500000227,10,0000900207,1010,42,16.27,683.34
4500000227,20,0000900068,1010,14,84.86,1188.04
4500000228,10,0000900175,2000,45,11.29,508.05
4500000229,10,0000900071,1020,47,74.3,3492.1
4500000230,10,0000900199,2000,42,30.89,1297.38
4500000230,20,0000900095,1000,19,42.65,810.35
4500000231,10,0000900185,1020,28,15.63,437.64
4500000231,20,0000900001,1000,24,40.82,979.68
4500000232,10,0000900292,1000,34,13.43,456.62
4500000232,20,0000900108,2000,20,117.72,2354.4
4500000233,10,0000900146,1010,29,72.74,2109.46
4500000233,20,0000900049,1010,8,148.29,1186.32
4500000233,30,0000900070,1010,32,53.05,1697.6
4500000234,10,0000900196,2000,28,250.26,7007.28
4500000234,20,0000900213,1010,5,6.33,31.65
4500000234,30,0000900239,2000,41,51.46,2109.86
4500000235,10,0000900109,2000,19,4.43,84.17
4500000235,20,0000900010,1010,11,3.97,43.67
4500000235,30,0000900293,1000,20,29.3,586.0
4500000236,10,0000900076,1020,25,45.91,1147.75
4500000236,20,0000900000,1000,7,7.69,53.83
4500000237,10,0000900048,1010,14,82.49,1154.86
4500000237,20,0000900289,2010,18,68.45,1232.1
4500000237,30,0000900192,1000,22,8.99,197.78
4500000238,10,0000900193,2010,48,9.27,444.96
4500000239,10,0000900217,1010,10,13.46,134.6
4500000239,20,0000900125,2000,30,5.88,176.4
4500000239,30,0000900238,1020,41,7.64,313.24
4500000239,40,0000900010,1010,30,3.62,108.6
4500000240,10,0000900238,1020,3,7.12,21.36
4500000241,10,0000900234,1010,41,4.37,179.17
4500000241,20,0000900023,2000,42,5.65,237.3
4500000242,10,0000900166,1000,22,26.15,575.3
4500000242,20,0000900289,2010,21,77.77,1633.17
4500000243,10,0000900096,2000,30,13.33,399.9
4500000243,20,0000900158,1020,46,10.35,476.1
4500000244,10,0000900138,1010,40,31.95,1278.0
4500000244,20,0000900195,1000,6,8.06,48.36
4500000244,30,0000900049,1010,29,140.87,4085.23
4500000245,10,0000900127,1000,9,164.69,1482.21
4500000245,20,0000900126,1020,33,2.14,70.62
4500000245,30,0000900137,1000,31,32.71,1014.01
4500000246,10,0000900215,2010,22,73.18,1609.96
4500000246,20,0000900159,1010,21,6.0,126.0
4500000246,30,0000900191,2000,36,94.46,3400.56
4500000246,40,0000900111,1020,10,26.87,268.7
4500000247,10,0000900054,1010,39,3.54,138.06
4500000247,20,0000900066,1010,8,10.56,84.48
4500000248,10,0000900016,1010,6,16.85,101.1
4500000248,20,0000900174,2000,17,10.27,174.59
4500000249,10,0000900101,1010,16,108.98,1743.68
4500000250,10,0000900023,2000,32,5.79,185.28
4500000250,20,0000900035,2010,41,16.91,693.31
4500000251,10,0000900276,1010,42,13.71,575.82
4500000251,20,0000900225,1000,42,9.67,406.14
4500000251,30,0000900290,2000,26,64.64,1680.64
4500000252,10,0000900226,1000,46,18.87,868.02
4500000252,20,0000900137,1000,21,35.99,755.79
4500000253,10,0000900274,2010,29,3.82,110.78
4500000253,20,0000900189,1020,41,27.33,1120.53
4500000254,10,0000900121,2010,13,14.94,194.22
4500000255,10,0000900228,2000,36,7.26,261.36
4500000255,20,0000900114,2000,10,4.53,45.3
4500000255,30,0000900198,2010,9,21.68,195.12
4500000255,40,0000900119,2010,39,42.48,1656.72
4500000256,10,0000900133,2010,18,46.23,832.14
4500000256,20,0000900047,2000,30,61.65,1849.5
4500000256,30,0000900070,1010,35,48.58,1700.3
4500000257,10,0000900248,2010,22,24.58,540.76
4500000257,20,0000900119,2010,11,42.35,465.85
4500000257,30,0000900030,1020,37,3.76,139.12
4500000257,40,0000900127,1000,17,183.62,3121.54
4500000258,10,0000900182,2010,7,82.9,580.3
4500000258,20,0000900195,1000,48,7.74,371.52
4500000259,10,0000900131,2010,16,32.66,522.56
4500000259,20,0000900154,2010,37,11.15,412.55
4500000259,30,0000900215,2010,6,64.97,389.82
4500000259,40,0000900210,1010,12,23.29,279.48
4500000260,10,0000900010,1010,37,3.53,130.61
4500000260,20,0000900274,2010,4,3.9,15.6
4500000261,10,0000900260,1000,5,18.48,92.4
4500000261,20,0000900143,1020,29,32.44,940.76
4500000261,30,0000900204,1010,17,69.4,1179.8
4500000262,10,0000900021,1010,15,46.69,700.35
4500000263,10,0000900081,1000,25,23.12,578.0
4500000264,10,0000900052,1000,35,12.88,450.8
4500000264,20,0000900263,1000,6,11.1,66.6
4500000264,30,0000900249,1020,20,5.55,111.0
4500000264,40,0000900225,1000,24,9.77,234.48
4500000265,10,0000900248,2010,28,23.88,668.64
4500000265,20,0000900086,1020,33,15.12,498.96
4500000265,30,0000900101,1010,32,119.98,3839.36
4500000266,10,0000900200,2010,47,10.51,493.97
4500000267,10,0000900128,1010,34,1.5,51.0
4500000267,20,0000900107,1000,1,2.93,2.93
4500000267,30,0000900007,1020,43,172.01,7396.43
4500000267,40,0000900078,1000,32,5.13,164.16
4500000268,10,0000900190,2010,12,12.26,147.12
4500000269,10,0000900240,2000,6,23.66,141.96
4500000269,20,0000900073,1000,13,21.07,273.91
4500000270,10,0000900230,1010,4,1.66,6.64
4500000270,20,0000900077,1020,34,39.68,1349.12
4500000270,30,0000900214,2000,15,153.51,2302.65
4500000271,10,0000900194,1020,46,24.62,1132.52
4500000271,20,0000900102,2000,4,34.05,136.2
4500000271,30,0000900254,2000,25,28.89,722.25
4500000271,40,0000900294,1000,35,18.27,639.45
4500000272,10,0000900206,1010,13,97.04,1261.52
4500000273,10,0000900198,2010,16,20.05,320.8
4500000273,20,0000900217,1010,41,14.38,589.58
4500000274,10,0000900162,2000,25,164.96,4124.0
4500000274,20,0000900182,2010,22,78.25,1721.5
4500000275,10,0000900034,1000,39,26.86,1047.54
4500000275,20,0000900155,2000,18,98.82,1778.76
4500000275,30,0000900251,1010,35,25.74,900.9
4500000275,40,0000900071,1020,26,76.51,1989.26
4500000276,10,0000900170,1010,6,5.4,32.4
4500000277,10,0000900037,1000,15,8.87,133.05
4500000277,20,0000900103,2000,31,18.3,567.3
4500000278,10,0000900224,1010,31,1.21,37.51
4500000279,10,0000900181,2000,30,24.21,726.3
4500000279,20,0000900261,1020,9,10.89,98.01
4500000280,10,0000900025,2010,26,85.48,2222.48
4500000281,10,0000900128,1010,35,1.62,56.7
4500000281,20,0000900164,1000,26,23.97,623.22
4500000281,30,0000900133,2010,49,43.61,2136.89
4500000282,10,0000900183,1000,42,44.86,1884.12
4500000282,20,0000900018,1010,23,32.51,747.73
4500000283,10,0000900027,1010,36,26.53,955.08
4500000284,10,0000900258,1000,22,39.8,875.6
4500000284,20,0000900151,1000,17,58.47,993.99
4500000285,10,0000900264,1020,3,6.41,19.23
4500000285,20,0000900161,1010,34,59.52,2023.68
4500000286,10,0000900237,1000,2,56.31,112.62
4500000286,20,0000900152,2010,43,64.07,2755.01
4500000286,30,0000900222,1020,25,168.09,4202.25
4500000287,10,0000900179,2010,45,55.63,2503.35
4500000287,20,0000900290,2000,41,61.72,2530.52
4500000287,30,0000900232,1010,19,67.93,1290.67
4500000288,10,0000900291,2000,14,20.97,293.58
4500000288,20,0000900103,2000,7,17.54,122.78
4500000289,10,0000900279,2000,36,9.81,353.16
4500000290,10,0000900012,1010,38,43.23,1642.74
4500000291,10,0000900052,1000,48,12.1,580.8
4500000292,10,0000900016,1010,20,17.6,352.0
4500000292,20,0000900278,2010,20,15.07,301.4
4500000292,30,0000900110,1000,40,13.52,540.8
4500000293,10,0000900003,1000,42,3.1,130.2
4500000293,20,0000900080,1010,42,18.89,793.38
4500000293,30,0000900105,1020,45,23.33,1049.85
4500000293,40,0000900292,1000,14,15.07,210.98
4500000294,10,0000900273,2010,47,26.7,1254.9
4500000295,10,0000900078,1000,21,5.18,108.78
4500000295,20,0000900111,1020,14,24.91,348.74
4500000295,30,0000900004,1020,32,1.37,43.84
4500000296,10,0000900164,1000,49,24.19,1185.31
4500000296,20,0000900198,2010,30,21.61,648.3
4500000296,30,0000900040,2000,49,27.29,1337.21
4500000297,10,0000900100,1020,36,133.05,4789.8
4500000298,10,0000900182,2010,9,86.19,775.71
4500000298,20,0000900180,2010,4,8.72,34.88
4500000299,10,0000900017,1020,15,22.86,342.9
4500000299,20,0000900264,1020,20,6.7,134.0
4500000299,30,0000900183,1000,33,47.5,1567.5
4500000299,40,0000900005,1020,8,76.81,614.48
4500000300,10,0000900241,2010,14,115.06,1610.84
4500000300,20,0000900020,2010,25,15.0,375.0
4500000301,10,0000900030,1020,22,3.28,72.16
4500000301,20,0000900046,1020,38,11.29,429.02
4500000301,30,0000900269,2000,45,44.61,2007.45
4500000301,40,0000900173,2000,17,19.57,332.69
4500000302,10,0000900059,2000,31,45.49,1410.19
4500000302,20,0000900020,2010,16,15.53,248.48
4500000302,30,0000900041,1020,49,164.2,8045.8
4500000302,40,0000900109,2000,12,4.08,48.96
4500000303,10,0000900019,1010,31,49.85,1545.35
4500000303,20,0000900101,1010,29,120.6,3497.4
4500000304,10,0000900213,1010,40,6.37,254.8
4500000304,20,0000900149,2000,1,10.96,10.96
4500000304,30,0000900160,2000,20,23.17,463.4
4500000304,40,0000900148,2000,9,7.81,70.29
4500000305,10,0000900095,1000,23,48.36,1112.28
4500000305,20,0000900174,2000,33,11.14,367.62
4500000305,30,0000900002,2010,29,5.24,151.96
4500000306,10,0000900127,1000,36,169.26,6093.36
4500000307,10,0000900279,2000,7,9.78,68.46
4500000308,10,0000900156,1010,4,24.9,99.6
4500000308,20,0000900169,2010,28,26.09,730.52
4500000309,10,0000900134,1000,13,66.84,868.92
4500000309,20,0000900198,2010,18,20.94,376.92
4500000309,30,0000900012,1010,39,46.39,1809.21
4500000309,40,0000900104,2010,44,35.88,1578.72
4500000310,10,0000900253,1020,49,18.62,912.38
4500000310,20,0000900288,1020,36,29.13,1048.68
4500000310,30,0000900000,1000,38,8.16,310.08
4500000310,40,0000900246,1010,22,84.06,1849.32
4500000311,10,0000900074,2000,39,10.1,393.9
4500000311,20,0000900199,2000,9,35.72,321.48
4500000311,30,0000900070,1010,1,49.15,49.15
4500000311,40,0000900018,1010,45,35.19,1583.55
4500000312,10,0000900100,1020,8,125.86,1006.88
4500000312,20,0000900119,2010,21,45.91,964.11
4500000313,10,0000900041,1020,11,162.03,1782.33
4500000314,10,0000900260,1000,39,18.29,713.31
4500000314,20,0000900210,1010,12,21.73,260.76
4500000315,10,0000900212,2000,28,15.65,438.2
4500000315,20,0000900122,1020,34,18.05,613.7
4500000316,10,0000900163,1020,29,31.48,912.92
4500000316,20,0000900126,1020,19,2.42,45.98
4500000316,30,0000900096,2000,13,15.42,200.46
4500000317,10,0000900293,1000,9,30.32,272.88
4500000317,20,0000900228,2000,42,7.12,299.04
4500000317,30,0000900054,1010,21,3.8,79.8
4500000317,40,0000900275,1020,18,13.47,242.46
4500000318,10,0000900263,1000,46,12.4,570.4
4500000318,20,0000900035,2010,36,15.97,574.92
4500000318,30,0000900057,2010,9,79.33,713.97
4500000319,10,0000900120,1000,24,8.19,196.56
4500000319,20,0000900070,1010,21,51.96,1091.16
4500000319,30,0000900288,1020,48,30.85,1480.8
4500000319,40,0000900012,1010,19,42.06,799.14
4500000320,10,0000900251,1010,41,24.44,1002.04
4500000321,10,0000900241,2010,2,117.64,235.28
4500000321,20,0000900102,2000,47,36.52,1716.44
4500000321,30,0000900259,1020,35,6.07,212.45
4500000321,40,0000900276,1010,24,14.12,338.88
4500000322,10,0000900155,2000,7,93.54,654.78
4500000322,20,0000900019,1010,7,50.27,351.89
4500000323,10,0000900220,2010,46,62.84,2890.64
4500000323,20,0000900207,1010,17,14.46,245.82
4500000324,10,0000900172,2000,5,6.2,31.0
4500000324,20,0000900093,2010,16,12.92,206.72
4500000324,30,0000900033,1000,19,51.32,975.08
4500000325,10,0000900098,1010,38,21.46,815.48
4500000325,20,0000900056,1020,27,25.31,683.37
4500000325,30,0000900083,2000,26,13.88,360.88
4500000325,40,0000900142,1000,10,6.58,65.8
4500000326,10,0000900231,2010,40,63.05,2522.0
4500000326,20,0000900099,1010,19,170.11,3232.09
4500000327,10,0000900005,1020,17,78.78,1339.26
4500000327,20,0000900225,1000,21,10.76,225.96
4500000328,10,0000900013,2000,32,33.76,1080.32
4500000328,20,0000900059,2000,11,46.22,508.42
4500000329,10,0000900131,2010,25,36.93,923.25
4500000329,20,0000900135,2000,11,4.51,49.61
4500000329,30,0000900225,1000,48,10.63,510.24
4500000330,10,0000900291,2000,5,20.37,101.85
4500000331,10,0000900169,2010,21,27.76,582.96
4500000331,20,0000900145,1020,4,5.78,23.12
4500000331,30,0000900075,1000,30,46.08,1382.4
4500000331,40,0000900230,1010,17,1.79,30.43
4500000332,10,0000900230,1010,35,1.64,57.4
4500000332,20,0000900123,1020,34,70.31,2390.54
4500000332,30,0000900049,1010,17,153.06,2602.02
4500000332,40,0000900143,1020,45,34.76,1564.2
4500000333,10,0000900223,1020,40,54.22,2168.8
4500000334,10,0000900044,2000,18,18.55,333.9
4500000334,20,0000900086,1020,38,13.36,507.68
4500000335,10,0000900135,2000,11,4.12,45.32
4500000336,10,0000900169,2010,19,27.31,518.89
4500000336,20,0000900252,1000,3,26.69,80.07
4500000336,30,0000900282,1020,28,29.56,827.68
4500000336,40,0000900190,2010,29,11.74,340.46
4500000337,10,0000900142,1000,44,6.22,273.68
4500000337,20,0000900085,1010,26,24.17,628.42
4500000337,30,0000900284,2010,13,6.4,83.2
4500000337,40,0000900026,1000,27,6.72,181.44
4500000338,10,0000900132,2010,32,18.67,597.44
4500000338,20,0000900255,1000,27,106.13,2865.51
4500000338,30,0000900074,2000,35,10.18,356.3
4500000338,40,0000900258,1000,33,39.31,1297.23
4500000339,10,0000900298,2000,30,6.69,200.7
4500000339,20,0000900257,2000,32,78.4,2508.8
4500000339,30,0000900260,1000,20,17.54,350.8
4500000340,10,0000900191,2000,27,97.95,2644.65
4500000340,20,0000900106,1000,41,13.2,541.2
4500000340,30,0000900172,2000,20,6.49,129.8
4500000340,40,0000900101,1010,8,103.04,824.32
4500000341,10,0000900109,2000,38,4.19,159.22
4500000341,20,0000900168,2000,41,45.48,1864.68
4500000341,30,0000900084,1000,41,8.78,359.98
4500000342,10,0000900241,2010,8,115.82,926.56
4500000343,10,0000900022,1010,7,3.3,23.1
4500000344,10,0000900079,1010,13,51.28,666.64
4500000344,20,0000900216,2010,5,47.16,235.8
4500000344,30,0000900083,2000,35,12.39,433.65
4500000345,10,0000900149,2000,8,12.03,96.24
4500000345,20,0000900231,2010,1,66.97,66.97
4500000345,30,0000900178,1000,14,178.71,2501.94
4500000346,10,0000900055,2010,24,5.81,139.44
4500000346,20,0000900058,1000,22,15.93,350.46
4500000346,30,0000900188,2000,41,22.4,918.4
4500000347,10,0000900131,2010,21,34.89,732.69
4500000348,10,0000900129,2000,37,306.49,11340.13
4500000348,20,0000900054,1010,35,3.59,125.65
4500000349,10,0000900236,1000,2,41.77,83.54
4500000349,20,0000900136,1010,28,12.19,341.32
4500000349,30,0000900079,1010,25,45.51,1137.75
4500000349,40,0000900086,1020,6,13.38,80.28
4500000350,10,0000900263,1000,17,10.81,183.77
4500000350,20,0000900087,1000,29,14.66,425.14
4500000350,30,0000900179,2010,15,56.09,841.35
4500000350,40,0000900197,2010,2,7.57,15.14
4500000351,10,0000900194,1020,1,25.39,25.39
4500000351,20,0000900158,1020,48,9.72,466.56
4500000352,10,0000900043,2000,37,122.17,4520.29
4500000352,20,0000900110,1000,30,14.44,433.2
4500000352,30,0000900109,2000,42,4.36,183.12
4500000352,40,0000900067,1020,16,24.27,388.32
4500000353,10,0000900138,1010,24,30.0,720.0
4500000354,10,0000900076,1020,31,42.97,1332.07
4500000355,10,0000900259,1020,11,6.8,74.8
4500000356,10,0000900268,1000,31,53.23,1650.13
4500000357,10,0000900248,2010,37,24.38,902.06
4500000357,20,0000900059,2000,43,41.21,1772.03
4500000358,10,0000900267,1000,38,15.08,573.04
4500000358,20,0000900143,1020,32,32.42,1037.44
4500000359,10,0000900112,1010,10,26.2,262.0
4500000360,10,0000900250,2010,30,45.1,1353.0
4500000360,20,0000900051,1000,27,13.95,376.65
4500000360,30,0000900180,2010,33,8.82,291.06
4500000360,40,0000900025,2010,21,91.76,1926.96
4500000361,10,0000900226,1000,36,16.72,601.92
4500000362,10,0000900138,1010,27,33.76,911.52
4500000363,10,0000900140,1020,25,4.41,110.25
4500000364,10,0000900294,1000,11,19.71,216.81
4500000364,20,0000900129,2000,2,297.28,594.56
4500000365,10,0000900034,1000,10,27.77,277.7
4500000366,10,0000900234,1010,26,4.38,113.88
4500000366,20,0000900263,1000,3,12.29,36.87
4500000366,30,0000900135,2000,16,4.14,66.24
4500000367,10,0000900296,1010,42,83.41,3503.22
4500000367,20,0000900190,2010,1,11.83,11.83
4500000367,30,0000900290,2000,9,61.74,555.66
4500000368,10,0000900066,1010,28,10.95,306.6
4500000369,10,0000900100,1020,11,121.6,1337.6
4500000369,20,0000900275,1020,15,13.55,203.25
4500000370,10,0000900094,2010,10,6.82,68.2
4500000370,20,0000900119,2010,26,45.11,1172.86
4500000370,30,0000900223,1020,6,53.75,322.5
4500000371,10,0000900276,1010,1,14.41,14.41
4500000371,20,0000900123,1020,21,75.02,1575.42
4500000372,10,0000900021,1010,16,41.97,671.52
4500000373,10,0000900007,1020,1,167.54,167.54
4500000373,20,0000900139,2010,43,281.9,12121.7
4500000373,30,0000900154,2010,33,10.79,356.07
4500000373,40,0000900203,1020,28,9.2,257.6
4500000374,10,0000900178,1000,27,169.84,4585.68
4500000374,20,0000900263,1000,38,12.38,470.44
4500000375,10,0000900189,1020,38,28.94,1099.72
4500000375,20,0000900102,2000,37,35.0,1295.0
4500000375,30,0000900130,1020,1,156.21,156.21
4500000375,40,0000900162,2000,1,183.91,183.91
4500000376,10,0000900233,1000,15,8.57,128.55
4500000376,20,0000900229,1010,6,2.69,16.14
4500000376,30,0000900139,2010,32,274.19,8774.08
4500000377,10,0000900036,2000,29,21.18,614.22
4500000377,20,0000900296,1010,29,83.11,2410.19
4500000377,30,0000900102,2000,32,36.6,1171.2
4500000377,40,0000900267,1000,16,17.12,273.92
4500000378,10,0000900088,2000,17,56.92,967.64
4500000379,10,0000900138,1010,14,30.63,428.82
4500000379,20,0000900149,2000,9,10.47,94.23
4500000380,10,0000900217,1010,12,14.48,173.76
4500000380,20,0000900202,2010,27,15.85,427.95
4500000381,10,0000900240,2000,26,23.54,612.04
4500000381,20,0000900209,1000,2,23.77,47.54
4500000382,10,0000900264,1020,4,6.93,27.72
4500000382,20,0000900232,1010,42,60.14,2525.88
4500000382,30,0000900153,1010,10,3.3,33.0
4500000382,40,0000900055,2010,26,6.59,171.34
4500000383,10,0000900239,2000,2,49.63,99.26
4500000384,10,0000900035,2010,16,15.35,245.6
4500000384,20,0000900082,2000,49,24.21,1186.29
4500000384,30,0000900165,1000,41,27.26,1117.66
4500000385,10,0000900171,2010,35,4.17,145.95
4500000386,10,0000900129,2000,29,282.22,8184.38
4500000386,20,0000900058,1000,40,16.95,678.0
4500000386,30,0000900292,1000,1,15.22,15.22
4500000387,10,0000900103,2000,16,19.11,305.76
4500000387,20,0000900279,2000,39,8.9,347.1
4500000388,10,0000900063,1010,46,25.94,1193.24
4500000388,20,0000900150,1010,10,37.53,375.3
4500000388,30,0000900165,1000,12,31.81,381.72
4500000389,10,0000900264,1020,17,6.75,114.75
4500000389,20,0000900133,2010,24,47.02,1128.48
4500000389,30,0000900042,2000,21,13.24,278.04
4500000389,40,0000900036,2000,39,19.97,778.83
4500000390,10,0000900004,1020,6,1.41,8.46
4500000390,20,0000900200,2010,34,9.9,336.6
4500000390,30,0000900124,1000,15,70.41,1056.15
4500000390,40,0000900163,1020,15,33.26,498.9
4500000391,10,0000900070,1010,30,47.28,1418.4
4500000391,20,0000900098,1010,39,20.98,818.22
4500000392,10,0000900151,1000,29,64.29,1864.41
4500000392,20,0000900030,1020,39,3.49,136.11
4500000393,10,0000900244,1020,30,71.95,2158.5
4500000393,20,0000900050,1020,17,124.09,2109.53
4500000393,30,0000900267,1000,45,14.92,671.4
4500000394,10,0000900053,1000,11,15.34,168.74
4500000395,10,0000900126,1020,24,2.34,56.16
4500000395,20,0000900106,1000,26,13.65,354.9
4500000395,30,0000900125,2000,48,5.61,269.28
4500000395,40,0000900261,1020,31,10.93,338.83
4500000396,10,0000900013,2000,8,33.45,267.6
4500000396,20,0000900110,1000,30,14.93,447.9
4500000396,30,0000900298,2000,31,7.18,222.58
4500000396,40,0000900065,1000,28,14.99,419.72
4500000397,10,0000900118,1000,30,38.48,1154.4
4500000397,20,0000900101,1010,3,120.58,361.74
4500000398,10,0000900174,2000,30,11.16,334.8
4500000398,20,0000900091,2000,12,117.62,1411.44
4500000398,30,0000900298,2000,5,6.46,32.3
4500000399,10,0000900230,1010,39,1.58,61.62
4500000400,10,0000900073,1000,34,22.77,774.18
4500000400,20,0000900223,1020,35,51.83,1814.05
4500000401,10,0000900235,1000,37,83.45,3087.65
4500000401,20,0000900038,1020,21,9.96,209.16
4500000401,30,0000900039,1000,23,479.27,11023.21
4500000402,10,0000900171,2010,1,4.57,4.57
4500000402,20,0000900147,2010,47,13.39,629.33
4500000402,30,0000900288,1020,2,31.32,62.64
4500000402,40,0000900012,1010,49,47.0,2303.0
4500000403,10,0000900298,2000,47,6.7,314.9
4500000403,20,0000900224,1010,35,1.33,46.55
4500000403,30,0000900086,1020,20,14.58,291.6
4500000404,10,0000900259,1020,25,6.91,172.75
4500000405,10,0000900119,2010,47,41.86,1967.42
4500000405,20,0000900260,1000,22,18.05,397.1
4500000405,30,0000900174,2000,24,11.36,272.64
4500000405,40,0000900091,2000,12,126.3,1515.6
4500000406,10,0000900177,1020,15,2.35,35.25
4500000406,20,0000900150,1010,9,33.2,298.8
4500000406,30,0000900207,1010,31,15.66,485.46
4500000406,40,0000900155,2000,44,101.96,4486.24
4500000407,10,0000900122,1020,12,18.65,223.8
4500000407,20,0000900140,1020,49,3.85,188.65
4500000407,30,0000900213,1010,15,6.54,98.1
4500000407,40,0000900149,2000,8,11.06,88.48
4500000408,10,0000900281,1000,24,12.04,288.96
4500000408,20,0000900213,1010,12,6.65,79.8
4500000408,30,0000900204,1010,20,73.74,1474.8
4500000409,10,0000900074,2000,29,9.94,288.26
4500000409,20,0000900021,1010,30,44.55,1336.5
4500000409,30,0000900184,2000,44,21.21,933.24
4500000409,40,0000900201,1020,17,64.12,1090.04
4500000410,10,0000900117,1010,42,12.39,520.38
4500000410,20,0000900064,2000,14,7.03,98.42
4500000410,30,0000900057,2010,1,80.17,80.17
4500000410,40,0000900210,1010,4,21.06,84.24
4500000411,10,0000900055,2010,3,6.42,19.26
4500000411,20,0000900181,2000,45,22.86,1028.7
4500000412,10,0000900019,1010,44,46.83,2060.52
4500000413,10,0000900144,1000,8,12.72,101.76
4500000413,20,0000900287,1000,10,5.06,50.6
4500000413,30,0000900119,2010,43,42.06,1808.58
4500000414,10,0000900231,2010,30,60.97,1829.1
4500000414,20,0000900010,1010,16,3.91,62.56
4500000415,10,0000900011,2010,9,8.6,77.4
4500000416,10,0000900058,1000,35,16.04,561.4
4500000416,20,0000900261,1020,29,12.21,354.09
4500000417,10,0000900207,1010,35,16.32,571.2
4500000418,10,0000900147,2010,43,14.95,642.85
4500000419,10,0000900243,1010,23,39.26,902.98
4500000419,20,0000900104,2010,2,39.49,78.98
4500000419,30,0000900224,1010,22,1.3,28.6
4500000419,40,0000900230,1010,32,1.74,55.68
4500000420,10,0000900294,1000,29,20.91,606.39
4500000420,20,0000900103,2000,20,18.07,361.4
4500000420,30,0000900262,2010,32,8.04,257.28
4500000421,10,0000900169,2010,1,27.74,27.74
4500000421,20,0000900147,2010,2,14.84,29.68
4500000421,30,0000900119,2010,45,45.23,2035.35
4500000422,10,0000900119,2010,9,45.41,408.69
4500000422,20,0000900104,2010,34,35.46,1205.64
4500000422,30,0000900210,1010,31,23.43,726.33
4500000422,40,0000900103,2000,21,17.14,359.94
4500000423,10,0000900110,1000,46,13.35,614.1
4500000423,20,0000900167,2000,26,5.7,148.2
4500000423,30,0000900148,2000,28,7.32,204.96
4500000423,40,0000900287,1000,31,5.42,168.02
4500000424,10,0000900064,2000,44,6.42,282.48
4500000424,20,0000900247,1020,14,42.05,588.7
4500000424,30,0000900042,2000,33,13.43,443.19
4500000424,40,0000900291,2000,30,18.75,562.5
4500000425,10,0000900130,1020,40,152.97,6118.8
4500000425,20,0000900296,1010,18,95.48,1718.64
4500000426,10,0000900015,1020,24,150.27,3606.48
4500000427,10,0000900254,2000,41,28.13,1153.33
4500000427,20,0000900274,2010,20,3.99,79.8
4500000427,30,0000900209,1000,26,23.57,612.82
4500000428,10,0000900135,2000,13,4.07,52.91
4500000428,20,0000900155,2000,21,95.35,2002.35
4500000429,10,0000900095,1000,16,45.54,728.64
4500000430,10,0000900041,1020,41,171.19,7018.79
4500000430,20,0000900204,1010,16,69.59,1113.44
4500000430,30,0000900144,1000,44,13.11,576.84
4500000431,10,0000900212,2000,38,15.36,583.68
4500000431,20,0000900175,2000,22,11.24,247.28
4500000431,30,0000900125,2000,19,5.46,103.74
4500000431,40,0000900173,2000,1,19.8,19.8
4500000432,10,0000900192,1000,36,9.96,358.56
4500000432,20,0000900138,1010,31,29.86,925.66
4500000432,30,0000900201,1020,44,70.98,3123.12
4500000432,40,0000900126,1020,1,2.4,2.4
4500000433,10,0000900275,1020,13,14.54,189.02
4500000433,20,0000900248,2010,36,25.01,900.36
4500000434,10,0000900144,1000,43,13.35,574.05
4500000434,20,0000900045,1000,34,9.38,318.92
4500000434,30,0000900096,2000,24,13.38,321.12
4500000435,10,0000900054,1010,36,3.35,120.6
4500000435,20,0000900080,1010,48,16.7,801.6
4500000436,10,0000900201,1020,12,65.67,788.04
4500000436,20,0000900231,2010,45,61.9,2785.5
4500000437,10,0000900014,2000,16,2.42,38.72
4500000437,20,0000900179,2010,47,61.06,2869.82
4500000438,10,0000900065,1000,26,17.02,442.52
4500000438,20,0000900213,1010,17,7.16,121.72
4500000439,10,0000900015,1020,4,166.96,667.84
4500000440,10,0000900026,1000,41,6.39,261.99
4500000440,20,0000900196,2000,29,233.67,6776.43
4500000440,30,0000900068,1010,33,84.09,2774.97
4500000440,40,0000900171,2010,9,4.5,40.5
4500000441,10,0000900190,2010,6,11.57,69.42
4500000441,20,0000900169,2010,8,24.18,193.44
4500000441,30,0000900019,1010,2,52.13,104.26
4500000442,10,0000900163,1020,22,30.95,680.9
4500000443,10,0000900166,1000,30,26.01,780.3
4500000443,20,0000900208,2000,46,20.06,922.76
4500000443,30,0000900133,2010,10,47.93,479.3
4500000444,10,0000900259,1020,43,5.97,256.71
4500000444,20,0000900206,1010,22,105.06,2311.32
4500000444,30,0000900051,1000,23,13.62,313.26
4500000445,10,0000900100,1020,44,121.75,5357.0
4500000445,20,0000900014,2000,40,2.58,103.2
4500000445,30,0000900068,1010,5,89.61,448.05
4500000446,10,0000900261,1020,12,12.16,145.92
4500000447,10,0000900153,1010,6,3.62,21.72
4500000447,20,0000900066,1010,32,11.85,379.2
4500000448,10,0000900244,1020,13,73.99,961.87
4500000448,20,0000900092,1020,25,7.65,191.25
4500000449,10,0000900186,2010,40,19.87,794.8
4500000450,10,0000900064,2000,1,6.15,6.15
4500000450,20,0000900233,1000,5,9.2,46.0
4500000451,10,0000900204,1010,36,69.73,2510.28
4500000451,20,0000900084,1000,15,8.93,133.95
4500000452,10,0000900206,1010,38,95.63,3633.94
4500000452,20,0000900015,1020,12,159.4,1912.8
4500000452,30,0000900128,1010,38,1.53,58.14
4500000453,10,0000900096,2000,35,13.28,464.8
4500000453,20,0000900084,1000,5,8.79,43.95
4500000453,30,0000900106,1000,30,12.4,372.0
4500000454,10,0000900249,1020,15,5.52,82.8
4500000454,20,0000900255,1000,46,110.91,5101.86
4500000454,30,0000900192,1000,25,9.99,249.75
4500000454,40,0000900133,2010,10,42.59,425.9
4500000455,10,0000900280,2000,3,56.18,168.54
4500000455,20,0000900139,2010,9,295.65,2660.85
4500000456,10,0000900296,1010,2,89.58,179.16
4500000456,20,0000900114,2000,10,4.58,45.8
4500000457,10,0000900046,1020,41,12.91,529.31
4500000458,10,0000900150,1010,11,34.99,384.89
4500000458,20,0000900081,1000,19,23.37,444.03
4500000459,10,0000900039,1000,40,529.99,21199.6
4500000459,20,0000900042,2000,4,14.62,58.48
4500000459,30,0000900273,2010,41,30.77,1261.57
4500000459,40,0000900127,1000,2,176.61,353.22
4500000460,10,0000900206,1010,30,106.68,3200.4
4500000460,20,0000900078,1000,34,4.91,166.94
4500000461,10,0000900062,2000,1,24.54,24.54
4500000462,10,0000900022,1010,8,3.32,26.56
4500000462,20,0000900071,1020,33,76.19,2514.27
4500000463,10,0000900270,1000,35,8.47,296.45
4500000463,20,0000900103,2000,47,16.7,784.9
4500000463,30,0000900213,1010,24,6.52,156.48
4500000463,40,0000900282,1020,23,25.97,597.31
4500000464,10,0000900231,2010,8,64.69,517.52
4500000464,20,0000900087,1000,35,16.1,563.5
4500000465,10,0000900170,1010,6,5.59,33.54
4500000465,20,0000900134,1000,44,63.66,2801.04
4500000466,10,0000900230,1010,42,1.59,66.78
4500000466,20,0000900120,1000,37,8.41,311.17
4500000467,10,0000900132,2010,8,18.81,150.48
4500000467,20,0000900263,1000,47,11.91,559.77
4500000467,30,0000900065,1000,2,17.0,34.0
4500000468,10,0000900154,2010,19,10.4,197.6
4500000468,20,0000900036,2000,46,21.34,981.64
4500000468,30,0000900217,1010,19,14.86,282.34
4500000468,40,0000900033,1000,35,45.08,1577.8
4500000469,10,0000900243,1010,14,37.68,527.52
4500000469,20,0000900260,1000,42,17.04,715.68
4500000469,30,0000900117,1010,33,12.52,413.16
4500000469,40,0000900170,1010,27,5.35,144.45
4500000470,10,0000900244,1020,18,82.73,1489.14
4500000470,20,0000900119,2010,12,41.84,502.08
4500000471,10,0000900284,2010,6,6.04,36.24
4500000471,20,0000900048,1010,26,91.78,2386.28
4500000471,30,0000900259,1020,45,6.03,271.35
4500000471,40,0000900076,1020,5,46.91,234.55
4500000472,10,0000900267,1000,7,15.93,111.51
4500000472,20,0000900258,1000,47,38.34,1801.98
4500000472,30,0000900255,1000,34,96.73,3288.82
4500000472,40,0000900184,2000,45,20.8,936.0
4500000473,10,0000900025,2010,6,95.01,570.06
4500000474,10,0000900218,2010,13,51.16,665.08
4500000474,20,0000900008,1010,30,13.54,406.2
4500000474,30,0000900014,2000,48,2.54,121.92
4500000474,40,0000900227,2000,4,8.06,32.24
4500000475,10,0000900087,1000,34,15.21,517.14
4500000475,20,0000900072,2000,17,48.73,828.41
4500000475,30,0000900051,1000,3,13.42,40.26
4500000476,10,0000900094,2010,11,6.88,75.68
4500000476,20,0000900123,1020,25,71.76,1794.0
4500000476,30,0000900189,1020,29,29.16,845.64
4500000476,40,0000900054,1010,41,3.85,157.85
4500000477,10,0000900129,2000,25,283.58,7089.5
4500000477,20,0000900038,1020,24,9.88,237.12
4500000477,30,0000900115,2000,41,40.56,1662.96
4500000478,10,0000900232,1010,42,61.16,2568.72
4500000478,20,0000900108,2000,49,118.09,5786.41
4500000478,30,0000900207,1010,39,14.22,554.58
4500000479,10,0000900251,1010,39,26.27,1024.53
4500000479,20,0000900261,1020,46,12.0,552.0
4500000479,30,0000900183,1000,34,41.47,1409.98
4500000479,40,0000900166,1000,38,26.09,991.42
4500000480,10,0000900146,1010,29,80.52,2335.08
4500000480,20,0000900277,2000,11,26.6,292.6
4500000481,10,0000900169,2010,24,27.85,668.4
4500000482,10,0000900288,1020,6,27.98,167.88
4500000482,20,0000900189,1020,25,29.16,729.0
4500000482,30,0000900160,2000,6,25.68,154.08
4500000483,10,0000900227,2000,41,7.81,320.21
4500000483,20,0000900026,1000,5,6.43,32.15
4500000483,30,0000900196,2000,31,248.98,7718.38
4500000484,10,0000900267,1000,45,16.82,756.9
4500000484,20,0000900102,2000,32,32.46,1038.72
4500000485,10,0000900037,1000,21,8.37,175.77
4500000485,20,0000900214,2000,45,154.77,6964.65
4500000485,30,0000900164,1000,7,25.72,180.04
4500000486,10,0000900269,2000,27,51.33,1385.91
4500000486,20,0000900185,1020,13,14.89,193.57
4500000486,30,0000900171,2010,47,4.65,218.55
4500000487,10,0000900147,2010,3,13.94,41.82
4500000487,20,0000900165,1000,37,31.3,1158.1
4500000488,10,0000900104,2010,31,35.18,1090.58
4500000488,20,0000900035,2010,18,15.07,271.26
4500000488,30,0000900144,1000,7,12.38,86.66
4500000489,10,0000900112,1010,44,26.81,1179.64
4500000489,20,0000900027,1010,47,30.55,1435.85
4500000490,10,0000900278,2010,9,16.08,144.72
4500000490,20,0000900293,1000,17,27.94,474.98
4500000490,30,0000900029,2000,13,3.65,47.45
4500000491,10,0000900206,1010,45,104.46,4700.7
4500000491,20,0000900002,2010,18,5.84,105.12
4500000492,10,0000900170,1010,17,6.0,102.0
4500000493,10,0000900035,2010,44,16.49,725.56
4500000493,20,0000900144,1000,2,12.26,24.52
4500000493,30,0000900170,1010,16,5.59,89.44
4500000493,40,0000900259,1020,15,6.62,99.3
4500000494,10,0000900190,2010,48,13.21,634.08
4500000495,10,0000900167,2000,15,5.33,79.95
4500000496,10,0000900006,2000,12,7.47,89.64
4500000496,20,0000900252,1000,4,26.05,104.2
4500000496,30,0000900227,2000,3,7.55,22.65
4500000497,10,0000900071,1020,23,69.83,1606.09
4500000498,10,0000900107,1000,46,2.7,124.2
4500000498,20,0000900054,1010,19,3.77,71.63
4500000498,30,0000900209,1000,5,23.3,116.5
4500000499,10,0000900188,2000,30,22.81,684.3
4500000500,10,0000900052,1000,39,12.32,480.48
4500000500,20,0000900250,2010,27,46.05,1243.35
4500000501,10,0000900060,1010,26,20.79,540.54
4500000501,20,0000900151,1000,48,64.62,3101.76
4500000502,10,0000900048,1010,7,83.59,585.13
4500000502,20,0000900298,2000,15,7.39,110.85
4500000502,30,0000900069,1020,26,15.5,403.0
4500000502,40,0000900233,1000,48,9.6,460.8
4500000503,10,0000900192,1000,36,9.35,336.6
4500000503,20,0000900259,1020,36,6.34,228.24
4500000503,30,0000900098,1010,47,22.15,1041.05
4500000504,10,0000900185,1020,45,16.81,756.45
4500000504,20,0000900181,2000,47,21.85,1026.95
4500000504,30,0000900213,1010,14,6.87,96.18
4500000504,40,0000900152,2010,14,58.74,822.36
4500000505,10,0000900108,2000,15,124.05,1860.75
4500000505,20,0000900237,1000,41,53.1,2177.1
4500000505,30,0000900062,2000,40,24.18,967.2
4500000506,10,0000900023,2000,33,5.59,184.47
4500000506,20,0000900021,1010,20,44.04,880.8
4500000507,10,0000900242,1010,35,145.01,5075.35
4500000507,20,0000900115,2000,11,44.66,491.26
4500000507,30,0000900030,1020,42,3.41,143.22
4500000507,40,0000900287,1000,2,5.06,10.12
4500000508,10,0000900001,1000,36,46.65,1679.4
4500000508,20,0000900070,1010,2,48.15,96.3
4500000509,10,0000900028,1010,37,7.42,274.54
4500000509,20,0000900185,1020,44,15.75,693.0
4500000509,30,0000900198,2010,33,21.86,721.38
4500000510,10,0000900252,1000,42,25.67,1078.14
4500000510,20,0000900009,2000,18,43.07,775.26
4500000510,30,0000900172,2000,9,6.49,58.41
4500000510,40,0000900082,2000,38,22.8,866.4
4500000511,10,0000900008,1010,28,13.34,373.52
4500000511,20,0000900277,2000,32,26.14,836.48
4500000512,10,0000900051,1000,29,12.75,369.75
4500000512,20,0000900069,1020,18,15.07,271.26
4500000512,30,0000900247,1020,31,42.51,1317.81
4500000512,40,0000900176,2010,39,36.63,1428.57
4500000513,10,0000900260,1000,33,17.38,573.54
4500000513,20,0000900060,1010,24,21.55,517.2
4500000514,10,0000900095,1000,49,45.23,2216.27
4500000514,20,0000900036,2000,12,21.29,255.48
4500000514,30,0000900267,1000,5,15.46,77.3
4500000515,10,0000900146,1010,25,72.82,1820.5
4500000515,20,0000900033,1000,16,47.54,760.64
4500000516,10,0000900168,2000,42,43.22,1815.24
4500000516,20,0000900141,1020,12,36.92,443.04
4500000516,30,0000900249,1020,23,5.55,127.65
4500000516,40,0000900012,1010,28,46.16,1292.48
4500000517,10,0000900013,2000,7,33.0,231.0
4500000518,10,0000900068,1010,49,88.65,4343.85
4500000518,20,0000900153,1010,11,3.26,35.86
4500000519,10,0000900120,1000,45,8.74,393.3
4500000520,10,0000900065,1000,49,15.85,776.65
4500000521,10,0000900272,1010,11,11.18,122.98
4500000521,20,0000900149,2000,7,11.14,77.98
4500000522,10,0000900155,2000,10,98.26,982.6
4500000523,10,0000900227,2000,29,7.69,223.01
4500000523,20,0000900073,1000,43,20.73,891.39
4500000523,30,0000900095,1000,31,48.51,1503.81
4500000523,40,0000900075,1000,47,48.98,2302.06
4500000524,10,0000900145,1020,46,5.05,232.3
4500000525,10,0000900018,1010,38,36.71,1394.98
4500000526,10,0000900170,1010,23,5.94,136.62
4500000526,20,0000900195,1000,43,7.98,343.14
4500000526,30,0000900296,1010,42,84.1,3532.2
4500000526,40,0000900246,1010,39,91.45,3566.55
4500000527,10,0000900087,1000,5,14.49,72.45
4500000528,10,0000900265,2000,2,65.32,130.64
4500000529,10,0000900164,1000,39,27.57,1075.23
4500000529,20,0000900096,2000,19,14.44,274.36
4500000529,30,0000900245,2000,24,42.68,1024.32
4500000530,10,0000900275,1020,21,15.16,318.36
4500000530,20,0000900255,1000,18,98.44,1771.92
4500000530,30,0000900153,1010,13,3.5,45.5
4500000531,10,0000900166,1000,39,26.47,1032.33
4500000532,10,0000900189,1020,37,27.05,1000.85
4500000532,20,0000900055,2010,1,6.31,6.31
4500000533,10,0000900041,1020,18,163.6,2944.8
4500000533,20,0000900247,1020,39,41.2,1606.8
4500000534,10,0000900136,1010,22,12.84,282.48
4500000534,20,0000900113,1010,43,2.63,113.09
4500000534,30,0000900250,2010,29,44.89,1301.81
4500000535,10,0000900233,1000,10,8.76,87.6
4500000535,20,0000900011,2010,45,9.17,412.65
4500000535,30,0000900006,2000,44,6.97,306.68
4500000536,10,0000900074,2000,12,10.15,121.8
4500000536,20,0000900250,2010,29,40.26,1167.54
4500000536,30,0000900244,1020,26,74.17,1928.42
4500000536,40,0000900056,1020,33,24.29,801.57
4500000537,10,0000900286,1020,32,1.79,57.28
4500000537,20,0000900132,2010,12,18.82,225.84
4500000537,30,0000900201,1020,5,70.64,353.2
4500000537,40,0000900204,1010,43,68.65,2951.95
4500000538,10,0000900275,1020,21,14.4,302.4
4500000538,20,0000900015,1020,24,146.56,3517.44
4500000539,10,0000900210,1010,14,22.8,319.2
4500000539,20,0000900001,1000,40,45.43,1817.2
4500000539,30,0000900297,1020,41,3.5,143.5
4500000539,40,0000900233,1000,15,9.22,138.3
4500000540,10,0000900192,1000,18,9.31,167.58
4500000540,20,0000900119,2010,33,45.76,1510.08
4500000540,30,0000900028,1010,49,7.9,387.1
4500000541,10,0000900296,1010,24,92.06,2209.44
4500000541,20,0000900134,1000,6,64.63,387.78
4500000542,10,0000900176,2010,45,35.8,1611.0
4500000542,20,0000900231,2010,41,62.54,2564.14
4500000542,30,0000900041,1020,9,149.83,1348.47
4500000543,10,0000900271,1020,33,28.23,931.59
4500000543,20,0000900232,1010,49,68.86,3374.14
4500000543,30,0000900166,1000,25,25.68,642.0
4500000544,10,0000900256,2000,7,13.56,94.92
4500000544,20,0000900206,1010,1,107.2,107.2
4500000544,30,0000900171,2010,36,4.71,169.56
4500000545,10,0000900046,1020,37,11.16,412.92
4500000545,20,0000900195,1000,3,7.86,23.58
4500000545,30,0000900032,2010,38,38.03,1445.14
4500000546,10,0000900249,1020,10,5.63,56.3
4500000546,20,0000900296,1010,22,82.34,1811.48
4500000546,30,0000900198,2010,48,19.96,958.08
4500000547,10,0000900200,2010,14,10.31,144.34
4500000548,10,0000900125,2000,25,5.92,148.0
4500000548,20,0000900142,1000,48,6.62,317.76
4500000548,30,0000900058,1000,4,15.23,60.92
4500000549,10,0000900290,2000,12,62.49,749.88
4500000550,10,0000900152,2010,44,64.94,2857.36
4500000550,20,0000900283,1000,25,14.47,361.75
4500000550,30,0000900263,1000,37,11.86,438.82
4500000551,10,0000900205,1020,5,31.21,156.05
4500000551,20,0000900075,1000,25,48.26,1206.5
4500000551,30,0000900161,1010,6,63.9,383.4
4500000551,40,0000900174,2000,1,10.7,10.7
4500000552,10,0000900155,2000,21,101.55,2132.55
4500000552,20,0000900216,2010,18,45.55,819.9
4500000552,30,0000900274,2010,14,4.35,60.9
4500000553,10,0000900030,1020,20,3.47,69.4
4500000553,20,0000900294,1000,45,18.95,852.75
4500000553,30,0000900061,1010,6,28.3,169.8
4500000554,10,0000900021,1010,23,40.83,939.09
4500000554,20,0000900122,1020,7,17.76,124.32
4500000554,30,0000900006,2000,21,6.68,140.28
4500000555,10,0000900027,1010,7,28.32,198.24
4500000555,20,0000900132,2010,28,21.04,589.12
4500000556,10,0000900007,1020,1,158.63,158.63
4500000556,20,0000900245,2000,19,44.2,839.8
4500000557,10,0000900040,2000,10,28.43,284.3
4500000557,20,0000900110,1000,34,14.01,476.34
4500000557,30,0000900107,1000,23,2.94,67.62
4500000558,10,0000900052,1000,45,12.2,549.0
4500000558,20,0000900122,1020,19,18.06,343.14
4500000558,30,0000900231,2010,22,68.14,1499.08
4500000559,10,0000900259,1020,28,6.9,193.2
4500000559,20,0000900074,2000,20,11.16,223.2
4500000559,30,0000900179,2010,6,54.57,327.42
4500000559,40,0000900250,2010,20,41.85,837.0
4500000560,10,0000900244,1020,47,82.02,3854.94
4500000560,20,0000900228,2000,14,8.17,114.38
4500000560,30,0000900204,1010,29,78.69,2282.01
4500000561,10,0000900122,1020,39,18.83,734.37
4500000561,20,0000900203,1020,1,8.53,8.53
4500000562,10,0000900214,2000,49,141.32,6924.68
4500000562,20,0000900202,2010,2,14.16,28.32
4500000563,10,0000900006,2000,37,6.95,257.15
4500000563,20,0000900001,1000,49,40.7,1994.3
4500000563,30,0000900102,2000,46,37.17,1709.82
4500000564,10,0000900051,1000,22,12.92,284.24
4500000565,10,0000900252,1000,8,24.1,192.8
4500000565,20,0000900004,1020,29,1.4,40.6
4500000565,30,0000900012,1010,18,41.78,752.04
4500000565,40,0000900121,2010,42,14.72,618.24
4500000566,10,0000900297,1020,33,3.54,116.82
4500000566,20,0000900283,1000,40,15.59,623.6
4500000566,30,0000900260,1000,3,16.04,48.12
4500000566,40,0000900139,2010,21,312.79,6568.59
4500000567,10,0000900041,1020,41,173.39,7108.99
4500000567,20,0000900270,1000,27,9.26,250.02
4500000567,30,0000900108,2000,18,112.4,2023.2
4500000567,40,0000900277,2000,21,23.66,496.86
4500000568,10,0000900161,1010,21,64.11,1346.31
4500000568,20,0000900239,2000,35,46.38,1623.3
4500000568,30,0000900186,2010,7,21.05,147.35
4500000568,40,0000900150,1010,29,37.79,1095.91
4500000569,10,0000900284,2010,30,5.68,170.4
4500000569,20,0000900064,2000,7,6.3,44.1
4500000570,10,0000900136,1010,10,11.78,117.8
4500000571,10,0000900157,2000,47,87.47,4111.09
4500000571,20,0000900018,1010,44,33.85,1489.4
4500000571,30,0000900037,1000,6,8.76,52.56
4500000572,10,0000900195,1000,44,7.77,341.88
4500000572,20,0000900057,2010,24,71.7,1720.8
4500000572,30,0000900140,1020,15,4.21,63.15
4500000573,10,0000900137,1000,10,34.83,348.3
4500000573,20,0000900115,2000,36,43.4,1562.4
4500000574,10,0000900152,2010,10,59.05,590.5
4500000574,20,0000900038,1020,38,9.49,360.62
4500000574,30,0000900149,2000,49,11.63,569.87
4500000575,10,0000900187,1000,42,66.93,2811.06
4500000575,20,0000900230,1010,18,1.8,32.4
4500000575,30,0000900020,2010,26,13.82,359.32
4500000575,40,0000900086,1020,28,14.17,396.76
4500000576,10,0000900076,1020,22,46.51,1023.22
4500000577,10,0000900184,2000,38,21.16,804.08
4500000577,20,0000900128,1010,29,1.61,46.69
4500000577,30,0000900038,1020,17,9.13,155.21
4500000578,10,0000900280,2000,19,51.6,980.4
4500000578,20,0000900204,1010,20,71.2,1424.0
4500000578,30,0000900122,1020,3,20.2,60.6
4500000578,40,0000900140,1020,31,4.18,129.58
4500000579,10,0000900120,1000,49,7.74,379.26
4500000580,10,0000900092,1020,1,7.8,7.8
4500000580,20,0000900172,2000,8,6.49,51.92
4500000581,10,0000900033,1000,3,48.2,144.6
4500000581,20,0000900297,1020,35,3.66,128.1
4500000581,30,0000900283,1000,20,13.82,276.4
4500000582,10,0000900256,2000,33,13.48,444.84
4500000582,20,0000900013,2000,30,33.8,1014.0
4500000582,30,0000900291,2000,37,21.15,782.55
4500000583,10,0000900237,1000,20,49.36,987.2
4500000584,10,0000900013,2000,18,32.91,592.38
4500000584,20,0000900238,1020,45,7.11,319.95
4500000585,10,0000900051,1000,40,13.81,552.4
4500000585,20,0000900090,2000,13,20.76,269.88
4500000585,30,0000900260,1000,34,17.32,588.88
4500000585,40,0000900011,2010,8,8.99,71.92
4500000586,10,0000900226,1000,2,17.68,35.36
4500000586,20,0000900185,1020,27,16.66,449.82
4500000586,30,0000900120,1000,30,7.7,231.0
4500000587,10,0000900275,1020,39,13.87,540.93
4500000587,20,0000900290,2000,33,65.09,2147.97
4500000588,10,0000900075,1000,1,47.37,47.37
4500000588,20,0000900028,1010,39,7.75,302.25
4500000588,30,0000900204,1010,33,71.15,2347.95
4500000588,40,0000900177,1020,16,2.09,33.44
4500000589,10,0000900211,1020,30,99.48,2984.4
4500000590,10,0000900063,1010,28,26.03,728.84
4500000590,20,0000900294,1000,16,19.84,317.44
4500000591,10,0000900127,1000,39,172.96,6745.44
4500000592,10,0000900195,1000,39,7.81,304.59
4500000592,20,0000900246,1010,3,89.83,269.49
4500000592,30,0000900243,1010,33,34.67,1144.11
4500000593,10,0000900046,1020,20,11.99,239.8
4500000593,20,0000900291,2000,16,21.23,339.68
4500000594,10,0000900161,1010,27,61.75,1667.25
4500000594,20,0000900064,2000,35,6.58,230.3
4500000594,30,0000900001,1000,40,43.23,1729.2
4500000594,40,0000900144,1000,11,13.04,143.44
4500000595,10,0000900272,1010,8,11.44,91.52
4500000595,20,0000900073,1000,23,21.56,495.88
4500000595,30,0000900030,1020,47,3.59,168.73
4500000596,10,0000900023,2000,36,6.01,216.36
4500000596,20,0000900172,2000,48,6.78,325.44
4500000597,10,0000900076,1020,16,47.97,767.52
4500000597,20,0000900026,1000,26,6.75,175.5
4500000597,30,0000900223,1020,41,55.4,2271.4
4500000597,40,0000900162,2000,36,185.41,6674.76
4500000598,10,0000900075,1000,22,46.53,1023.66
4500000598,20,0000900178,1000,23,169.45,3897.35
4500000598,30,0000900244,1020,39,80.01,3120.39
4500000599,10,0000900271,1020,36,28.96,1042.56
4500000599,20,0000900182,2010,24,81.13,1947.12
4500000600,10,0000900105,1020,11,21.26,233.86
4500000600,20,0000900184,2000,19,19.48,370.12
4500000600,30,0000900206,1010,41,98.69,4046.29
4500000601,10,0000900065,1000,34,16.65,566.1
4500000601,20,0000900191,2000,37,91.37,3380.69
4500000601,30,0000900208,2000,5,22.85,114.25
4500000601,40,0000900003,1000,41,2.82,115.62
4500000602,10,0000900277,2000,7,25.61,179.27
4500000603,10,0000900004,1020,39,1.3,50.7
4500000603,20,0000900087,1000,16,14.26,228.16
4500000603,30,0000900160,2000,2,24.65,49.3
4500000604,10,0000900122,1020,4,17.91,71.64
4500000604,20,0000900052,1000,44,12.67,557.48
4500000604,30,0000900240,2000,25,23.18,579.5
4500000604,40,0000900166,1000,28,25.3,708.4
4500000605,10,0000900237,1000,2,51.07,102.14
4500000605,20,0000900138,1010,34,34.47,1171.98
4500000605,30,0000900181,2000,47,22.72,1067.84
4500000605,40,0000900299,1010,29,29.22,847.38
4500000606,10,0000900147,2010,23,14.11,324.53
4500000606,20,0000900265,2000,37,61.46,2274.02
4500000606,30,0000900016,1010,24,15.99,383.76
4500000607,10,0000900230,1010,20,1.66,33.2
4500000607,20,0000900037,1000,24,8.42,202.08
4500000607,30,0000900250,2010,27,44.84,1210.68
4500000608,10,0000900063,1010,25,26.04,651.0
4500000608,20,0000900209,1000,49,24.88,1219.12
4500000608,30,0000900243,1010,40,38.26,1530.4
4500000609,10,0000900190,2010,4,13.3,53.2
4500000609,20,0000900009,2000,37,39.39,1457.43
4500000609,30,0000900033,1000,1,50.61,50.61
4500000609,40,0000900212,2000,5,14.91,74.55
4500000610,10,0000900083,2000,16,13.65,218.4
4500000610,20,0000900183,1000,27,42.67,1152.09
4500000610,30,0000900173,2000,4,16.96,67.84
4500000610,40,0000900141,1020,45,36.3,1633.5
4500000611,10,0000900080,1010,7,18.08,126.56
4500000611,20,0000900169,2010,19,26.61,505.59
4500000611,30,0000900104,2010,4,37.68,150.72
4500000612,10,0000900287,1000,25,4.85,121.25
4500000612,20,0000900143,1020,2,34.27,68.54
4500000612,30,0000900208,2000,9,20.09,180.81
4500000613,10,0000900258,1000,42,41.66,1749.72
4500000614,10,0000900238,1020,23,7.43,170.89
4500000614,20,0000900015,1020,25,166.78,4169.5
4500000615,10,0000900284,2010,44,6.01,264.44
4500000615,20,0000900278,2010,15,15.75,236.25
4500000615,30,0000900201,1020,7,68.43,479.01
4500000616,10,0000900133,2010,6,48.06,288.36
4500000616,20,0000900229,1010,19,2.79,53.01
4500000617,10,0000900096,2000,33,14.17,467.61
4500000617,20,0000900299,1010,6,27.89,167.34
4500000617,30,0000900212,2000,7,14.8,103.6
4500000618,10,0000900169,2010,4,23.95,95.8
4500000618,20,0000900179,2010,11,61.61,677.71
4500000618,30,0000900055,2010,14,5.8,81.2
4500000619,10,0000900119,2010,4,41.16,164.64
4500000619,20,0000900144,1000,13,13.56,176.28
4500000619,30,0000900099,1010,12,167.92,2015.04
4500000619,40,0000900013,2000,14,34.84,487.76
4500000620,10,0000900097,1020,2,138.11,276.22
4500000621,10,0000900209,1000,34,23.6,802.4
4500000621,20,0000900141,1020,31,39.56,1226.36
4500000621,30,0000900288,1020,4,29.34,117.36
4500000621,40,0000900237,1000,4,49.01,196.04
4500000622,10,0000900013,2000,41,32.28,1323.48
4500000622,20,0000900001,1000,44,41.05,1806.2
4500000622,30,0000900123,1020,4,72.16,288.64
4500000623,10,0000900021,1010,21,44.44,933.24
4500000624,10,0000900120,1000,35,8.43,295.05
4500000624,20,0000900147,2010,36,14.45,520.2
4500000624,30,0000900297,1020,13,3.91,50.83
4500000624,40,0000900031,1000,25,92.74,2318.5
4500000625,10,0000900266,1000,10,110.53,1105.3
4500000626,10,0000900227,2000,48,7.85,376.8
4500000627,10,0000900057,2010,7,78.84,551.88
4500000627,20,0000900029,2000,23,3.38,77.74
4500000628,10,0000900103,2000,49,16.46,806.54
4500000628,20,0000900057,2010,31,76.5,2371.5
4500000628,30,0000900207,1010,34,16.19,550.46
4500000629,10,0000900134,1000,19,68.7,1305.3
4500000629,20,0000900281,1000,45,10.8,486.0
4500000630,10,0000900257,2000,36,72.24,2600.64
4500000630,20,0000900255,1000,44,107.34,4722.96
4500000630,30,0000900003,1000,25,3.12,78.0
4500000631,10,0000900243,1010,45,38.42,1728.9
4500000631,20,0000900151,1000,40,59.64,2385.6
4500000632,10,0000900118,1000,23,34.46,792.58
4500000632,20,0000900203,1020,27,8.97,242.19
4500000632,30,0000900023,2000,44,5.6,246.4
4500000632,40,0000900204,1010,29,77.36,2243.44
4500000633,10,0000900059,2000,8,42.78,342.24
4500000634,10,0000900056,1020,31,26.45,819.95
4500000634,20,0000900176,2010,40,36.98,1479.2
4500000634,30,0000900221,2010,42,68.66,2883.72
4500000634,40,0000900080,1010,37,18.9,699.3
4500000635,10,0000900110,1000,1,13.15,13.15
4500000635,20,0000900093,2010,19,13.44,255.36
4500000635,30,0000900086,1020,5,14.1,70.5
4500000636,10,0000900225,1000,5,10.41,52.05
4500000637,10,0000900273,2010,22,30.39,668.58
4500000638,10,0000900125,2000,26,5.41,140.66
4500000639,10,0000900194,1020,37,23.74,878.38
4500000639,20,0000900161,1010,7,63.28,442.96
4500000639,30,0000900052,1000,3,11.62,34.86
4500000639,40,0000900058,1000,6,16.5,99.0
4500000640,10,0000900067,1020,7,22.76,159.32
4500000641,10,0000900026,1000,6,6.64,39.84
4500000642,10,0000900262,2010,1,8.41,8.41
4500000642,20,0000900234,1010,4,4.24,16.96
4500000642,30,0000900149,2000,47,11.32,532.04
4500000643,10,0000900260,1000,45,17.43,784.35
4500000644,10,0000900069,1020,14,14.16,198.24
4500000644,20,0000900269,2000,23,46.84,1077.32
4500000644,30,0000900055,2010,14,6.2,86.8
4500000645,10,0000900086,1020,8,15.31,122.48
4500000645,20,0000900014,2000,14,2.41,33.74
4500000645,30,0000900015,1020,36,168.26,6057.36
4500000645,40,0000900285,1020,11,1.45,15.95
4500000646,10,0000900040,2000,14,27.19,380.66
4500000646,20,0000900015,1020,45,159.07,7158.15
4500000646,30,0000900037,1000,27,9.14,246.78
4500000647,10,0000900210,1010,36,22.01,792.36
4500000648,10,0000900284,2010,23,6.26,143.98
4500000648,20,0000900084,1000,39,8.67,338.13
4500000648,30,0000900276,1010,31,13.72,425.32
4500000648,40,0000900060,1010,3,21.43,64.29
4500000649,10,0000900018,1010,38,36.28,1378.64
4500000649,20,0000900106,1000,13,13.14,170.82
4500000649,30,0000900100,1020,38,129.12,4906.56
4500000650,10,0000900240,2000,29,23.91,693.39
4500000650,20,0000900057,2010,43,77.5,3332.5
4500000651,10,0000900164,1000,39,26.32,1026.48
4500000651,20,0000900192,1000,4,9.44,37.76
4500000651,30,0000900160,2000,34,24.46,831.64
4500000651,40,0000900207,1010,39,16.62,648.18
4500000652,10,0000900097,1020,11,132.6,1458.6
4500000652,20,0000900146,1010,33,75.48,2490.84
4500000652,30,0000900120,1000,45,8.34,375.3
4500000653,10,0000900152,2010,46,59.09,2718.14
4500000653,20,0000900150,1010,17,37.89,644.13
4500000653,30,0000900223,1020,4,52.71,210.84
4500000653,40,0000900143,1020,28,34.94,978.32
4500000654,10,0000900269,2000,7,45.69,319.83
4500000654,20,0000900117,1010,23,11.04,253.92
4500000655,10,0000900112,1010,47,26.45,1243.15
4500000655,20,0000900063,1010,29,25.88,750.52
4500000655,30,0000900037,1000,1,8.56,8.56
4500000655,40,0000900229,1010,13,2.72,35.36
4500000656,10,0000900051,1000,32,12.12,387.84
4500000656,20,0000900294,1000,46,20.13,925.98
4500000656,30,0000900071,1020,44,77.27,3399.88
4500000657,10,0000900016,1010,25,16.77,419.25
4500000657,20,0000900062,2000,45,26.62,1197.9
4500000657,30,0000900048,1010,22,84.64,1862.08
4500000657,40,0000900040,2000,18,26.99,485.82
4500000658,10,0000900145,1020,15,5.69,85.35
4500000659,10,0000900010,1010,32,3.75,120.0
4500000660,10,0000900228,2000,36,7.4,266.4
4500000661,10,0000900117,1010,6,11.18,67.08
4500000661,20,0000900106,1000,20,11.94,238.8
4500000661,30,0000900231,2010,44,65.09,2863.96
4500000661,40,0000900041,1020,5,168.56,842.8
4500000662,10,0000900124,1000,26,71.04,1847.04
4500000662,20,0000900219,1020,22,50.33,1107.26
4500000662,30,0000900178,1000,3,157.29,471.87
4500000663,10,0000900183,1000,26,46.27,1203.02
4500000663,20,0000900049,1010,38,139.65,5306.7
4500000663,30,0000900213,1010,29,6.57,190.53
4500000663,40,0000900059,2000,30,43.44,1303.2
4500000664,10,0000900171,2010,8,4.22,33.76
4500000665,10,0000900118,1000,21,36.3,762.3
4500000665,20,0000900076,1020,7,45.98,321.86
4500000665,30,0000900098,1010,32,23.26,744.32
4500000666,10,0000900191,2000,40,96.23,3849.2
4500000666,20,0000900096,2000,18,14.05,252.9
4500000666,30,0000900281,1000,22,12.47,274.34
4500000667,10,0000900003,1000,13,3.1,40.3
4500000667,20,0000900174,2000,10,10.97,109.7
4500000667,30,0000900165,1000,24,31.11,746.64
4500000668,10,0000900163,1020,28,30.93,866.04
4500000668,20,0000900028,1010,21,8.09,169.89
4500000668,30,0000900259,1020,49,6.49,318.01
4500000669,10,0000900031,1000,20,93.22,1864.4
4500000670,10,0000900084,1000,41,8.79,360.39
4500000670,20,0000900104,2010,33,37.57,1239.81
4500000671,10,0000900007,1020,35,167.74,5870.9
4500000672,10,0000900198,2010,46,20.34,935.64
4500000672,20,0000900017,1020,1,21.82,21.82
4500000672,30,0000900060,1010,15,20.77,311.55
4500000672,40,0000900159,1010,27,5.43,146.61
4500000673,10,0000900136,1010,17,13.54,230.18
4500000674,10,0000900203,1020,3,9.19,27.57
4500000674,20,0000900212,2000,45,15.24,685.8
4500000674,30,0000900080,1010,37,16.86,623.82
4500000675,10,0000900250,2010,35,43.21,1512.35
4500000675,20,0000900175,2000,4,10.98,43.92
4500000676,10,0000900034,1000,42,30.07,1262.94
4500000676,20,0000900185,1020,8,15.12,120.96
4500000677,10,0000900212,2000,1,15.49,15.49
4500000678,10,0000900134,1000,2,66.28,132.56
4500000678,20,0000900079,1010,17,49.69,844.73
4500000678,30,0000900043,2000,19,112.61,2139.59
4500000679,10,0000900209,1000,6,24.4,146.4
4500000680,10,0000900135,2000,18,4.02,72.36
4500000680,20,0000900112,1010,6,25.98,155.88
4500000680,30,0000900266,1000,8,95.85,766.8
4500000681,10,0000900084,1000,3,9.05,27.15
4500000681,20,0000900172,2000,14,6.7,93.8
4500000681,30,0000900080,1010,43,18.05,776.15
4500000681,40,0000900075,1000,35,53.58,1875.3
4500000682,10,0000900277,2000,9,24.44,219.96
4500000683,10,0000900115,2000,27,42.5,1147.5
4500000683,20,0000900174,2000,25,11.79,294.75
4500000684,10,0000900086,1020,49,13.27,650.23
4500000684,20,0000900272,1010,46,11.37,523.02
4500000684,30,0000900232,1010,35,65.0,2275.0
4500000685,10,0000900013,2000,29,33.43,969.47
4500000685,20,0000900079,1010,19,49.31,936.89
4500000686,10,0000900215,2010,7,70.46,493.22
4500000686,20,0000900082,2000,36,25.27,909.72
4500000687,10,0000900250,2010,26,44.28,1151.28
4500000687,20,0000900020,2010,20,15.4,308.0
4500000687,30,0000900073,1000,27,22.07,595.89
4500000687,40,0000900295,1010,21,7.88,165.48
4500000688,10,0000900237,1000,38,51.9,1972.2
4500000688,20,0000900278,2010,27,16.73,451.71
4500000688,30,0000900176,2010,8,35.06,280.48
4500000688,40,0000900289,2010,42,72.77,3056.34
4500000689,10,0000900257,2000,5,76.0,380.0
4500000689,20,0000900145,1020,10,5.34,53.4
4500000689,30,0000900020,2010,35,13.86,485.1
4500000689,40,0000900096,2000,27,14.32,386.64
4500000690,10,0000900087,1000,38,13.99,531.62
4500000691,10,0000900268,1000,13,51.16,665.08
4500000691,20,0000900288,1020,14,32.57,455.98
4500000691,30,0000900269,2000,6,51.32,307.92
4500000692,10,0000900266,1000,34,107.63,3659.42
4500000693,10,0000900058,1000,22,15.11,332.42
4500000693,20,0000900164,1000,25,27.67,691.75
4500000693,30,0000900206,1010,24,106.48,2555.52
4500000693,40,0000900217,1010,20,14.95,299.0
4500000694,10,0000900089,2000,44,36.35,1599.4
4500000694,20,0000900248,2010,32,24.22,775.04
4500000695,10,0000900195,1000,32,7.48,239.36
4500000696,10,0000900036,2000,3,19.75,59.25
4500000697,10,0000900273,2010,20,28.21,564.2
4500000697,20,0000900226,1000,43,18.97,815.71
4500000698,10,0000900061,1010,10,29.86,298.6
4500000698,20,0000900271,1020,29,25.84,749.36
4500000698,30,0000900265,2000,29,60.8,1763.2
4500000699,10,0000900105,1020,44,22.54,991.76
4500000699,20,0000900078,1000,9,4.79,43.11
4500000699,30,0000900289,2010,48,69.66,3343.68
4500000700,10,0000900003,1000,24,3.18,76.32
4500000700,20,0000900252,1000,49,23.52,1152.48
4500000700,30,0000900298,2000,41,7.01,287.41
4500000701,10,0000900294,1000,17,18.28,310.76
4500000702,10,0000900008,1010,14,14.31,200.34
4500000703,10,0000900186,2010,40,21.7,868.0
4500000703,20,0000900210,1010,31,23.02,713.62
4500000703,30,0000900100,1020,37,126.4,4676.8
4500000704,10,0000900135,2000,40,4.67,186.8
4500000704,20,0000900086,1020,32,14.81,473.92
4500000704,30,0000900291,2000,37,19.21,710.77
4500000704,40,0000900018,1010,42,35.54,1492.68
4500000705,10,0000900180,2010,30,7.72,231.6
4500000706,10,0000900088,2000,21,51.69,1085.49
4500000706,20,0000900128,1010,24,1.55,37.2
4500000706,30,0000900155,2000,11,102.55,1128.05
4500000707,10,0000900071,1020,16,76.99,1231.84
4500000707,20,0000900162,2000,18,169.0,3042.0
4500000708,10,0000900184,2000,35,20.16,705.6
4500000708,20,0000900265,2000,15,62.63,939.45
4500000708,30,0000900067,1020,14,24.29,340.06
4500000709,10,0000900241,2010,17,119.27,2027.59
4500000709,20,0000900185,1020,21,15.22,319.62
4500000709,30,0000900280,2000,21,52.02,1092.42
4500000710,10,0000900267,1000,14,16.88,236.32
4500000710,20,0000900068,1010,31,89.64,2778.84
4500000711,10,0000900265,2000,3,65.29,195.87
4500000711,20,0000900240,2000,20,23.94,478.8
4500000711,30,0000900012,1010,17,46.71,794.07
4500000711,40,0000900081,1000,34,25.69,873.46
4500000712,10,0000900013,2000,26,33.45,869.7
4500000712,20,0000900279,2000,18,8.55,153.9
4500000712,30,0000900158,1020,20,10.74,214.8
4500000712,40,0000900125,2000,5,5.36,26.8
4500000713,10,0000900128,1010,20,1.45,29.0
4500000713,20,0000900070,1010,22,51.37,1130.14
4500000714,10,0000900204,1010,33,72.97,2408.01
4500000714,20,0000900208,2000,28,20.39,570.92
4500000715,10,0000900230,1010,7,1.6,11.2
4500000715,20,0000900004,1020,34,1.32,44.88
4500000716,10,0000900077,1020,40,42.31,1692.4
4500000716,20,0000900214,2000,45,155.98,7019.1
4500000716,30,0000900001,1000,38,40.31,1531.78
4500000717,10,0000900174,2000,13,11.68,151.84
4500000717,20,0000900196,2000,36,230.8,8308.8
4500000718,10,0000900153,1010,34,3.65,124.1
4500000719,10,0000900103,2000,9,18.36,165.24
4500000719,20,0000900156,1010,26,25.6,665.6
4500000720,10,0000900176,2010,16,40.13,642.08
4500000720,20,0000900261,1020,46,11.35,522.1
4500000721,10,0000900137,1000,30,34.31,1029.3
4500000721,20,0000900141,1020,11,39.38,433.18
4500000722,10,0000900132,2010,21,18.43,387.03
4500000722,20,0000900202,2010,46,16.13,741.98
4500000723,10,0000900041,1020,23,150.43,3459.89
4500000723,20,0000900200,2010,21,10.14,212.94
4500000723,30,0000900076,1020,32,43.07,1378.24
4500000724,10,0000900144,1000,15,12.44,186.6
4500000724,20,0000900213,1010,25,6.86,171.5
4500000724,30,0000900044,2000,9,17.41,156.69
4500000725,10,0000900293,1000,18,28.06,505.08
4500000725,20,0000900239,2000,40,46.46,1858.4
4500000726,10,0000900260,1000,15,17.15,257.25
4500000727,10,0000900094,2010,5,6.86,34.3
4500000728,10,0000900226,1000,38,17.52,665.76
4500000728,20,0000900087,1000,14,15.86,222.04
4500000728,30,0000900283,1000,5,15.32,76.6
4500000728,40,0000900043,2000,19,112.23,2132.37
4500000729,10,0000900182,2010,8,76.95,615.6
4500000729,20,0000900251,1010,33,26.56,876.48
4500000730,10,0000900235,1000,32,83.47,2671.04
4500000730,20,0000900285,1020,30,1.41,42.3
4500000731,10,0000900206,1010,43,106.87,4595.41
4500000731,20,0000900137,1000,12,32.72,392.64
4500000731,30,0000900138,1010,38,33.3,1265.4
4500000731,40,0000900228,2000,27,7.12,192.24
4500000732,10,0000900032,2010,45,34.71,1561.95
4500000732,20,0000900148,2000,21,7.86,165.06
4500000732,30,0000900156,1010,46,26.62,1224.52
4500000733,10,0000900012,1010,44,46.22,2033.68
4500000733,20,0000900210,1010,4,21.54,86.16
4500000733,30,0000900068,1010,4,92.46,369.84
4500000733,40,0000900168,2000,13,40.94,532.22
4500000734,10,0000900062,2000,19,24.56,466.64
4500000734,20,0000900113,1010,40,2.81,112.4
4500000734,30,0000900041,1020,30,150.44,4513.2
4500000734,40,0000900006,2000,23,7.76,178.48
4500000735,10,0000900073,1000,9,22.03,198.27
4500000735,20,0000900032,2010,48,34.48,1655.04
4500000735,30,0000900288,1020,21,29.58,621.18
4500000736,10,0000900076,1020,37,47.99,1775.63
4500000737,10,0000900049,1010,40,150.33,6013.2
4500000737,20,0000900047,2000,44,58.89,2591.16
4500000737,30,0000900090,2000,42,20.29,852.18
4500000738,10,0000900137,1000,46,36.26,1667.96
4500000739,10,0000900030,1020,6,3.34,20.04
4500000739,20,0000900120,1000,30,8.37,251.1
4500000740,10,0000900156,1010,45,26.82,1206.9
4500000741,10,0000900209,1000,44,26.45,1163.8
4500000741,20,0000900084,1000,1,10.02,10.02
4500000741,30,0000900052,1000,1,12.77,12.77
4500000742,10,0000900287,1000,47,4.93,231.71
4500000742,20,0000900038,1020,39,9.72,379.08
4500000742,30,0000900293,1000,27,27.72,748.44
4500000742,40,0000900178,1000,10,161.42,1614.2
4500000743,10,0000900146,1010,31,78.91,2446.21
4500000743,20,0000900202,2010,37,16.57,613.09
4500000743,30,0000900083,2000,20,13.53,270.6
4500000743,40,0000900204,1010,16,77.0,1232.0
4500000744,10,0000900291,2000,30,19.21,576.3
4500000744,20,0000900201,1020,47,66.74,3136.78
4500000744,30,0000900099,1010,21,162.44,3411.24
4500000745,10,0000900261,1020,37,11.55,427.35
4500000745,20,0000900249,1020,22,5.79,127.38
4500000746,10,0000900226,1000,12,19.46,233.52
4500000746,20,0000900243,1010,43,35.36,1520.48
4500000746,30,0000900111,1020,2,26.67,53.34
4500000746,40,0000900229,1010,44,3.11,136.84
4500000747,10,0000900295,1010,24,7.68,184.32
4500000748,10,0000900177,1020,39,2.13,83.07
4500000749,10,0000900065,1000,38,16.5,627.0
4500000749,20,0000900274,2010,21,4.32,90.72
4500000750,10,0000900121,2010,32,15.46,494.72
4500000751,10,0000900145,1020,42,5.22,219.24
4500000751,20,0000900112,1010,43,26.56,1142.08
4500000751,30,0000900075,1000,49,52.94,2594.06
4500000751,40,0000900280,2000,37,58.11,2150.07
4500000752,10,0000900191,2000,24,95.07,2281.68
4500000752,20,0000900254,2000,11,27.99,307.89
4500000752,30,0000900178,1000,38,155.21,5897.98
4500000753,10,0000900157,2000,28,95.01,2660.28
4500000753,20,0000900298,2000,48,7.32,351.36
4500000753,30,0000900193,2010,39,9.27,361.53
4500000754,10,0000900060,1010,16,21.68,346.88
4500000754,20,0000900085,1010,46,24.22,1114.12
4500000755,10,0000900178,1000,34,159.84,5434.56
4500000755,20,0000900127,1000,2,159.13,318.26
4500000756,10,0000900108,2000,6,105.93,635.58
4500000756,20,0000900053,1000,32,16.17,517.44
4500000756,30,0000900169,2010,29,25.01,725.29
4500000756,40,0000900161,1010,19,62.11,1180.09
4500000757,10,0000900289,2010,44,78.34,3446.96
4500000758,10,0000900288,1020,19,29.5,560.5
4500000758,20,0000900293,1000,32,30.8,985.6
4500000758,30,0000900172,2000,10,6.68,66.8
4500000759,10,0000900104,2010,49,34.74,1702.26
4500000759,20,0000900009,2000,28,45.24,1266.72
4500000759,30,0000900267,1000,36,16.63,598.68
4500000760,10,0000900261,1020,29,11.9,345.1
4500000760,20,0000900265,2000,27,60.41,1631.07
4500000760,30,0000900009,2000,7,41.13,287.91
4500000761,10,0000900010,1010,46,4.01,184.46
4500000761,20,0000900020,2010,2,14.2,28.4
4500000761,30,0000900265,2000,42,57.76,2425.92
4500000761,40,0000900097,1020,14,144.59,2024.26
4500000762,10,0000900011,2010,32,9.55,305.6
4500000762,20,0000900095,1000,3,43.03,129.09
4500000762,30,0000900075,1000,17,47.35,804.95
4500000762,40,0000900178,1000,3,177.37,532.11
4500000763,10,0000900246,1010,10,92.35,923.5
4500000764,10,0000900062,2000,42,25.19,1057.98
4500000765,10,0000900196,2000,36,221.69,7980.84
4500000765,20,0000900047,2000,40,59.34,2373.6
4500000765,30,0000900213,1010,44,6.32,278.08
4500000765,40,0000900248,2010,5,24.8,124.0
4500000766,10,0000900032,2010,37,35.16,1300.92
4500000766,20,0000900278,2010,19,15.67,297.73
4500000766,30,0000900256,2000,12,13.61,163.32
4500000766,40,0000900051,1000,32,12.24,391.68
4500000767,10,0000900028,1010,14,8.32,116.48
4500000768,10,0000900267,1000,42,15.43,648.06
4500000768,20,0000900078,1000,15,5.27,79.05
4500000768,30,0000900237,1000,20,54.45,1089.0
4500000768,40,0000900053,1000,27,16.7,450.9
4500000769,10,0000900167,2000,41,5.8,237.8
4500000769,20,0000900207,1010,21,16.33,342.93
4500000770,10,0000900258,1000,43,39.71,1707.53
4500000770,20,0000900299,1010,28,27.93,782.04
4500000770,30,0000900280,2000,41,55.27,2266.07
4500000770,40,0000900008,1010,14,14.38,201.32
4500000771,10,0000900110,1000,16,14.16,226.56
4500000771,20,0000900102,2000,19,34.82,661.58
4500000772,10,0000900210,1010,44,23.52,1034.88
4500000772,20,0000900235,1000,23,82.08,1887.84
4500000773,10,0000900226,1000,12,17.05,204.6
4500000773,20,0000900152,2010,47,61.67,2898.49
4500000773,30,0000900149,2000,43,12.05,518.15
4500000774,10,0000900010,1010,12,3.87,46.44
4500000774,20,0000900030,1020,34,3.51,119.34
4500000774,30,0000900013,2000,26,33.34,866.84
4500000774,40,0000900220,2010,39,59.98,2339.22
4500000775,10,0000900211,1020,20,101.22,2024.4
4500000775,20,0000900213,1010,11,6.24,68.64
4500000776,10,0000900155,2000,6,91.83,550.98
4500000777,10,0000900264,1020,4,6.51,26.04
4500000777,20,0000900087,1000,39,16.01,624.39
4500000777,30,0000900261,1020,2,10.82,21.64
4500000778,10,0000900158,1020,26,10.73,278.98
4500000778,20,0000900140,1020,15,4.29,64.35
4500000779,10,0000900104,2010,17,36.23,615.91
4500000779,20,0000900023,2000,19,6.22,118.18
4500000779,30,0000900134,1000,44,63.59,2797.96
4500000780,10,0000900124,1000,6,71.53,429.18
4500000781,10,0000900043,2000,37,124.58,4609.46
4500000782,10,0000900104,2010,25,34.22,855.5
4500000782,20,0000900207,1010,22,16.35,359.7
4500000782,30,0000900280,2000,41,55.44,2273.04
4500000782,40,0000900000,1000,23,8.36,192.28
4500000783,10,0000900142,1000,13,6.43,83.59
4500000783,20,0000900111,1020,12,26.02,312.24
4500000783,30,0000900043,2000,32,118.65,3796.8
4500000783,40,0000900026,1000,49,5.94,291.06
4500000784,10,0000900089,2000,16,34.87,557.92
4500000785,10,0000900002,2010,44,5.21,229.24
4500000785,20,0000900106,1000,1,12.59,12.59
4500000786,10,0000900239,2000,45,51.76,2329.2
4500000787,10,0000900216,2010,26,46.61,1211.86
4500000788,10,0000900255,1000,12,101.74,1220.88
4500000788,20,0000900076,1020,35,44.22,1547.7
4500000788,30,0000900216,2010,17,45.09,766.53
4500000789,10,0000900124,1000,13,72.48,942.24
4500000789,20,0000900242,1010,2,144.0,288.0
4500000789,30,0000900078,1000,10,5.06,50.6
4500000790,10,0000900030,1020,16,3.34,53.44
4500000791,10,0000900055,2010,46,6.01,276.46
4500000791,20,0000900179,2010,47,55.14,2591.58
4500000792,10,0000900169,2010,48,25.62,1229.76
4500000792,20,0000900007,1020,46,173.85,7997.1
4500000792,30,0000900079,1010,22,44.98,989.56
4500000792,40,0000900189,1020,49,27.52,1348.48
4500000793,10,0000900221,2010,19,66.94,1271.86
4500000793,20,0000900083,2000,27,12.18,328.86
4500000793,30,0000900276,1010,23,14.81,340.63
4500000794,10,0000900172,2000,5,6.7,33.5
4500000795,10,0000900099,1010,41,169.42,6946.22
4500000795,20,0000900006,2000,32,6.67,213.44
4500000796,10,0000900299,1010,42,25.8,1083.6
4500000797,10,0000900195,1000,43,7.79,334.97
4500000798,10,0000900197,2010,35,7.39,258.65
4500000799,10,0000900217,1010,36,13.53,487.08
4500000800,10,0000900257,2000,39,68.58,2674.62
4500000800,20,0000900059,2000,11,47.14,518.54
4500000800,30,0000900169,2010,5,23.96,119.8
4500000800,40,0000900133,2010,1,46.58,46.58
4500000801,10,0000900113,1010,28,2.76,77.28
4500000801,20,0000900282,1020,17,28.49,484.33
4500000801,30,0000900154,2010,13,10.15,131.95
4500000801,40,0000900099,1010,3,184.6,553.8
4500000802,10,0000900244,1020,26,80.58,2095.08
4500000802,20,0000900248,2010,2,24.43,48.86
4500000803,10,0000900045,1000,49,10.53,515.97
4500000804,10,0000900057,2010,1,82.23,82.23
4500000805,10,0000900204,1010,44,71.59,3149.96
4500000806,10,0000900102,2000,43,32.83,1411.69
4500000806,20,0000900047,2000,2,58.12,116.24
4500000807,10,0000900267,1000,7,15.65,109.55
4500000808,10,0000900021,1010,47,47.12,2214.64
4500000808,20,0000900030,1020,19,3.4,64.6
4500000808,30,0000900263,1000,42,11.17,469.14
4500000809,10,0000900104,2010,33,34.54,1139.82
4500000809,20,0000900093,2010,43,13.29,571.47
4500000810,10,0000900072,2000,30,46.54,1396.2
4500000810,20,0000900148,2000,12,6.77,81.24
4500000810,30,0000900086,1020,16,13.56,216.96
4500000811,10,0000900202,2010,18,16.52,297.36
4500000812,10,0000900117,1010,43,12.03,517.29
4500000812,20,0000900116,1010,8,34.37,274.96
4500000812,30,0000900296,1010,24,89.11,2138.64
4500000813,10,0000900109,2000,15,4.44,66.6
4500000814,10,0000900174,2000,1,11.52,11.52
4500000814,20,0000900126,1020,29,2.18,63.22
4500000815,10,0000900015,1020,27,153.91,4155.57
4500000815,20,0000900146,1010,4,82.98,331.92
4500000816,10,0000900196,2000,42,217.5,9135.0
4500000816,20,0000900185,1020,7,16.93,118.51
4500000816,30,0000900298,2000,3,6.84,20.52
4500000817,10,0000900136,1010,11,12.02,132.22
4500000817,20,0000900211,1020,1,100.72,100.72
4500000818,10,0000900197,2010,30,7.13,213.9
4500000819,10,0000900123,1020,4,67.35,269.4
4500000820,10,0000900186,2010,15,21.9,328.5
4500000821,10,0000900031,1000,14,84.97,1189.58
4500000821,20,0000900147,2010,16,13.8,220.8
4500000822,10,0000900007,1020,37,165.25,6114.25
4500000822,20,0000900053,1000,41,15.26,625.66
4500000823,10,0000900208,2000,10,21.9,219.0
4500000823,20,0000900141,1020,47,39.46,1854.62
4500000823,30,0000900178,1000,31,170.39,5282.09
4500000824,10,0000900270,1000,49,9.63,471.87
4500000824,20,0000900118,1000,16,39.27,628.32
4500000824,30,0000900102,2000,17,32.93,559.81
4500000825,10,0000900010,1010,40,4.09,163.6
4500000825,20,0000900056,1020,2,25.94,51.88
4500000825,30,0000900262,2010,36,7.56,272.16
4500000825,40,0000900198,2010,45,19.69,886.05
4500000826,10,0000900297,1020,3,3.59,10.77
4500000826,20,0000900034,1000,30,26.66,799.8
4500000826,30,0000900090,2000,13,23.12,300.56
4500000827,10,0000900231,2010,15,66.26,993.9
4500000827,20,0000900147,2010,43,14.55,625.65
4500000827,30,0000900124,1000,29,67.99,1971.71
4500000828,10,0000900043,2000,43,111.67,4801.81
4500000829,10,0000900004,1020,16,1.42,22.72
4500000829,20,0000900037,1000,38,9.17,348.46
4500000830,10,0000900270,1000,46,8.81,405.26
4500000830,20,0000900294,1000,48,19.72,946.56
4500000830,30,0000900087,1000,8,14.23,113.84
4500000830,40,0000900068,1010,32,87.68,2805.76
4500000831,10,0000900288,1020,11,31.74,349.14
4500000831,20,0000900022,1010,45,3.37,151.65
4500000831,30,0000900163,1020,5,35.26,176.3
4500000831,40,0000900244,1020,37,76.43,2827.91
4500000832,10,0000900166,1000,9,24.59,221.31
4500000832,20,0000900189,1020,8,29.05,232.4
4500000833,10,0000900164,1000,33,27.31,901.23
4500000833,20,0000900195,1000,37,8.54,315.98
4500000833,30,0000900163,1020,21,33.45,702.45
4500000834,10,0000900006,2000,44,7.27,319.88
4500000834,20,0000900134,1000,20,62.34,1246.8
4500000834,30,0000900057,2010,35,73.79,2582.65
4500000835,10,0000900037,1000,7,8.75,61.25
4500000836,10,0000900008,1010,48,12.91,619.68
4500000836,20,0000900040,2000,35,29.33,1026.55
4500000836,30,0000900229,1010,38,3.05,115.9
4500000837,10,0000900230,1010,2,1.82,3.64
4500000837,20,0000900074,2000,1,9.76,9.76
4500000837,30,0000900268,1000,45,53.15,2391.75
4500000838,10,0000900135,2000,39,4.17,162.63
4500000838,20,0000900072,2000,44,50.86,2237.84
4500000838,30,0000900275,1020,28,15.17,424.76
4500000839,10,0000900179,2010,30,58.12,1743.6
4500000839,20,0000900200,2010,40,10.11,404.4
4500000840,10,0000900242,1010,43,138.16,5940.88
4500000840,20,0000900170,1010,21,5.61,117.81
4500000840,30,0000900292,1000,12,14.13,169.56
4500000841,10,0000900031,1000,14,93.05,1302.7
4500000841,20,0000900012,1010,11,46.46,511.06
4500000841,30,0000900073,1000,37,22.68,839.16
4500000842,10,0000900039,1000,49,540.75,26496.75
4500000842,20,0000900252,1000,45,24.61,1107.45
4500000842,30,0000900035,2010,13,16.85,219.05
4500000843,10,0000900196,2000,21,239.96,5039.16
4500000843,20,0000900110,1000,49,14.03,687.47
4500000844,10,0000900172,2000,25,6.26,156.5
4500000845,10,0000900036,2000,38,21.07,800.66
4500000845,20,0000900067,1020,45,21.73,977.85
4500000845,30,0000900185,1020,20,17.03,340.6
4500000845,40,0000900044,2000,37,18.01,666.37
4500000846,10,0000900079,1010,44,51.36,2259.84
4500000846,20,0000900233,1000,41,8.99,368.59
4500000846,30,0000900259,1020,31,6.27,194.37
4500000847,10,0000900146,1010,46,72.91,3353.86
4500000847,20,0000900220,2010,29,63.15,1831.35
4500000848,10,0000900226,1000,48,18.47,886.56
4500000849,10,0000900119,2010,35,42.75,1496.25
4500000849,20,0000900100,1020,19,126.01,2394.19
4500000850,10,0000900027,1010,30,29.21,876.3
4500000850,20,0000900075,1000,23,52.14,1199.22
4500000850,30,0000900085,1010,23,24.71,568.33
4500000850,40,0000900050,1020,2,108.45,216.9
4500000851,10,0000900210,1010,29,22.61,655.69
4500000852,10,0000900272,1010,46,11.57,532.22
4500000852,20,0000900066,1010,35,12.01,420.35
4500000852,30,0000900187,1000,3,76.68,230.04
4500000852,40,0000900194,1020,47,22.18,1042.46
4500000853,10,0000900179,2010,6,63.46,380.76
4500000853,20,0000900235,1000,34,86.19,2930.46
4500000853,30,0000900198,2010,9,20.48,184.32
4500000853,40,0000900188,2000,9,21.59,194.31
4500000854,10,0000900093,2010,26,14.26,370.76
4500000855,10,0000900107,1000,17,2.98,50.66
4500000855,20,0000900104,2010,13,39.57,514.41
4500000855,30,0000900240,2000,8,23.04,184.32
4500000855,40,0000900077,1020,18,39.95,719.1
4500000856,10,0000900181,2000,36,22.17,798.12
4500000856,20,0000900263,1000,44,12.02,528.88
4500000856,30,0000900168,2000,18,40.99,737.82
4500000856,40,0000900100,1020,30,123.27,3698.1
4500000857,10,0000900289,2010,30,77.85,2335.5
4500000857,20,0000900229,1010,20,2.8,56.0
4500000858,10,0000900138,1010,42,30.43,1278.06
4500000858,20,0000900178,1000,44,157.44,6927.36
4500000858,30,0000900255,1000,46,109.93,5056.78
4500000858,40,0000900173,2000,21,18.42,386.82
4500000859,10,0000900137,1000,40,35.05,1402.0
4500000859,20,0000900106,1000,25,13.26,331.5
4500000859,30,0000900039,1000,27,486.16,13126.32
4500000860,10,0000900102,2000,10,36.54,365.4
4500000860,20,0000900281,1000,13,11.77,153.01
4500000861,10,0000900173,2000,6,19.26,115.56
4500000862,10,0000900051,1000,13,12.38,160.94
4500000862,20,0000900110,1000,24,14.77,354.48
4500000862,30,0000900040,2000,31,31.04,962.24
4500000862,40,0000900183,1000,40,41.13,1645.2
4500000863,10,0000900225,1000,41,9.97,408.77
4500000863,20,0000900044,2000,31,17.73,549.63
4500000863,30,0000900114,2000,48,4.24,203.52
4500000864,10,0000900288,1020,44,28.15,1238.6
4500000864,20,0000900050,1020,18,117.99,2123.82
4500000864,30,0000900056,1020,36,24.76,891.36
4500000865,10,0000900074,2000,4,10.56,42.24
4500000865,20,0000900106,1000,3,11.81,35.43
4500000865,30,0000900165,1000,7,30.09,210.63
4500000865,40,0000900266,1000,45,99.48,4476.6
4500000866,10,0000900051,1000,6,13.59,81.54
4500000866,20,0000900290,2000,40,57.47,2298.8
4500000866,30,0000900129,2000,48,298.39,14322.72
4500000866,40,0000900236,1000,9,36.78,331.02
4500000867,10,0000900058,1000,36,15.12,544.32
4500000867,20,0000900037,1000,44,8.63,379.72
4500000868,10,0000900270,1000,1,8.42,8.42
4500000868,20,0000900095,1000,46,46.64,2145.44
4500000868,30,0000900076,1020,3,44.4,133.2
4500000869,10,0000900278,2010,11,16.54,181.94
4500000869,20,0000900275,1020,42,14.06,590.52
4500000870,10,0000900003,1000,10,3.19,31.9
4500000870,20,0000900141,1020,38,34.72,1319.36
4500000871,10,0000900263,1000,4,11.71,46.84
4500000871,20,0000900143,1020,16,36.82,589.12
4500000871,30,0000900274,2010,47,3.98,187.06
4500000871,40,0000900048,1010,42,83.82,3520.44
4500000872,10,0000900195,1000,49,8.43,413.07
4500000873,10,0000900097,1020,24,140.09,3362.16
4500000873,20,0000900093,2010,19,14.38,273.22
4500000874,10,0000900225,1000,24,10.58,253.92
4500000875,10,0000900263,1000,33,11.03,363.99
4500000875,20,0000900103,2000,44,16.93,744.92
4500000876,10,0000900281,1000,37,12.15,449.55
4500000876,20,0000900262,2010,34,8.8,299.2
4500000877,10,0000900253,1020,14,19.3,270.2
4500000877,20,0000900049,1010,28,152.37,4266.36
4500000877,30,0000900195,1000,14,7.53,105.42
4500000878,10,0000900016,1010,17,17.46,296.82
4500000878,20,0000900106,1000,25,11.82,295.5
4500000878,30,0000900140,1020,13,3.82,49.66
4500000879,10,0000900201,1020,35,70.13,2454.55
4500000879,20,0000900261,1020,29,10.91,316.39
4500000880,10,0000900233,1000,44,9.08,399.52
4500000880,20,0000900266,1000,8,106.88,855.04
4500000881,10,0000900031,1000,24,91.76,2202.24
4500000881,20,0000900019,1010,1,51.73,51.73
4500000881,30,0000900035,2010,28,15.51,434.28
4500000882,10,0000900241,2010,46,121.73,5599.58
4500000882,20,0000900011,2010,37,8.44,312.28
4500000882,30,0000900071,1020,19,73.79,1402.01
4500000883,10,0000900152,2010,13,65.35,849.55
4500000883,20,0000900225,1000,5,10.1,50.5
4500000883,30,0000900284,2010,32,5.91,189.12
4500000884,10,0000900190,2010,28,12.32,344.96
4500000884,20,0000900047,2000,17,55.3,940.1
4500000885,10,0000900224,1010,31,1.16,35.96
4500000885,20,0000900298,2000,22,6.42,141.24
4500000885,30,0000900270,1000,22,9.23,203.06
4500000886,10,0000900199,2000,8,34.58,276.64
4500000886,20,0000900187,1000,2,68.12,136.24
4500000887,10,0000900210,1010,31,21.95,680.45
4500000887,20,0000900092,1020,36,8.46,304.56
4500000887,30,0000900056,1020,19,27.43,521.17
4500000888,10,0000900264,1020,36,6.12,220.32
4500000889,10,0000900153,1010,43,3.49,150.07
4500000889,20,0000900283,1000,35,14.39,503.65
4500000890,10,0000900268,1000,33,58.18,1919.94
4500000890,20,0000900153,1010,35,3.47,121.45
4500000890,30,0000900089,2000,5,36.45,182.25
4500000891,10,0000900141,1020,37,36.39,1346.43
4500000891,20,0000900275,1020,3,13.62,40.86
4500000891,30,0000900242,1010,40,134.0,5360.0
4500000892,10,0000900148,2000,36,6.82,245.52
4500000892,20,0000900146,1010,40,73.25,2930.0
4500000893,10,0000900193,2010,7,10.02,70.14
4500000893,20,0000900031,1000,47,83.56,3927.32
4500000893,30,0000900098,1010,24,20.31,487.44
4500000893,40,0000900079,1010,22,45.0,990.0
4500000894,10,0000900094,2010,46,6.68,307.28
4500000895,10,0000900207,1010,37,14.2,525.4
4500000895,20,0000900019,1010,14,51.84,725.76
4500000895,30,0000900189,1020,1,28.44,28.44
4500000895,40,0000900090,2000,43,20.38,876.34
4500000896,10,0000900091,2000,31,133.51,4138.81
4500000896,20,0000900159,1010,35,5.65,197.75
4500000896,30,0000900260,1000,19,18.36,348.84
4500000897,10,0000900017,1020,10,21.36,213.6
4500000897,20,0000900202,2010,13,16.08,209.04
4500000897,30,0000900147,2010,9,14.76,132.84
4500000897,40,0000900013,2000,22,34.67,762.74
4500000898,10,0000900167,2000,26,5.36,139.36
4500000899,10,0000900005,1020,31,82.69,2563.39
4500000899,20,0000900192,1000,18,9.39,169.02
4500000899,30,0000900205,1020,40,29.19,1167.6
4500000900,10,0000900007,1020,10,166.84,1668.4
4500000900,20,0000900063,1010,9,27.74,249.66
4500000900,30,0000900174,2000,36,10.11,363.96
4500000900,40,0000900054,1010,16,3.56,56.96
4500000901,10,0000900204,1010,18,77.75,1399.5
4500000901,20,0000900090,2000,12,22.74,272.88
4500000902,10,0000900149,2000,49,12.11,593.39
4500000902,20,0000900125,2000,3,5.71,17.13
4500000903,10,0000900265,2000,24,59.66,1431.84
4500000904,10,0000900116,1010,31,33.81,1048.11
4500000904,20,0000900133,2010,2,45.68,91.36
4500000904,30,0000900066,1010,23,11.12,255.76
4500000904,40,0000900226,1000,28,18.95,530.6
4500000905,10,0000900269,2000,49,48.85,2393.65
4500000905,20,0000900010,1010,22,3.52,77.44
4500000905,30,0000900015,1020,41,158.55,6500.55
4500000906,10,0000900043,2000,2,108.01,216.02
4500000906,20,0000900001,1000,17,44.47,755.99
4500000907,10,0000900228,2000,11,7.13,78.43
4500000907,20,0000900176,2010,32,38.81,1241.92
4500000908,10,0000900124,1000,3,69.24,207.72
4500000908,20,0000900233,1000,17,8.54,145.18
4500000908,30,0000900002,2010,14,5.48,76.72
4500000909,10,0000900005,1020,6,83.65,501.9
4500000909,20,0000900119,2010,17,41.53,706.01
4500000910,10,0000900025,2010,2,90.51,181.02
4500000910,20,0000900279,2000,17,9.11,154.87
4500000910,30,0000900139,2010,18,298.85,5379.3
4500000910,40,0000900024,1020,4,19.51,78.04
4500000911,10,0000900238,1020,15,6.69,100.35
4500000911,20,0000900255,1000,35,102.08,3572.8
4500000911,30,0000900096,2000,1,13.49,13.49
4500000912,10,0000900238,1020,42,6.62,278.04
4500000912,20,0000900287,1000,9,5.27,47.43
4500000912,30,0000900273,2010,18,27.06,487.08
4500000913,10,0000900179,2010,14,56.06,784.84
4500000913,20,0000900052,1000,49,13.44,658.56
4500000913,30,0000900064,2000,15,6.62,99.3
4500000913,40,0000900265,2000,47,56.82,2670.54
4500000914,10,0000900188,2000,10,22.52,225.2
4500000914,20,0000900252,1000,42,25.52,1071.84
4500000914,30,0000900249,1020,1,5.54,5.54
4500000914,40,0000900277,2000,34,23.29,791.86
4500000915,10,0000900120,1000,19,8.36,158.84
4500000915,20,0000900278,2010,41,14.78,605.98
4500000915,30,0000900220,2010,27,57.6,1555.2
4500000915,40,0000900221,2010,5,66.26,331.3
4500000916,10,0000900248,2010,11,23.34,256.74
4500000916,20,0000900251,1010,23,25.27,581.21
4500000917,10,0000900124,1000,27,66.3,1790.1
4500000917,20,0000900032,2010,19,35.32,671.08
4500000917,30,0000900170,1010,26,6.17,160.42
4500000918,10,0000900052,1000,45,12.74,573.3
4500000918,20,0000900100,1020,32,132.33,4234.56
4500000918,30,0000900184,2000,7,20.65,144.55
4500000918,40,0000900124,1000,4,76.19,304.76
4500000919,10,0000900240,2000,26,24.15,627.9
4500000919,20,0000900241,2010,10,128.14,1281.4
4500000920,10,0000900066,1010,47,11.04,518.88
4500000920,20,0000900105,1020,13,23.69,307.97
4500000920,30,0000900084,1000,19,9.72,184.68
4500000920,40,0000900088,2000,14,51.1,715.4
4500000921,10,0000900255,1000,18,104.13,1874.34
4500000921,20,0000900257,2000,13,73.6,956.8
4500000922,10,0000900228,2000,27,7.59,204.93
4500000923,10,0000900073,1000,4,21.15,84.6
4500000923,20,0000900129,2000,22,283.44,6235.68
4500000923,30,0000900174,2000,22,10.89,239.58
4500000923,40,0000900271,1020,25,25.94,648.5
4500000924,10,0000900213,1010,41,6.63,271.83
4500000925,10,0000900165,1000,6,30.99,185.94
4500000925,20,0000900002,2010,8,5.74,45.92
4500000925,30,0000900146,1010,26,73.42,1908.92
4500000925,40,0000900195,1000,36,8.4,302.4
4500000926,10,0000900028,1010,32,7.94,254.08
4500000927,10,0000900171,2010,15,4.38,65.7
4500000927,20,0000900224,1010,49,1.16,56.84
4500000927,30,0000900238,1020,6,6.74,40.44
4500000928,10,0000900081,1000,33,24.88,821.04
4500000929,10,0000900037,1000,41,9.11,373.51
4500000929,20,0000900155,2000,27,89.73,2422.71
4500000930,10,0000900174,2000,25,10.69,267.25
4500000930,20,0000900090,2000,46,22.86,1051.56
4500000930,30,0000900218,2010,7,49.44,346.08
4500000930,40,0000900055,2010,17,5.91,100.47
4500000931,10,0000900214,2000,35,153.13,5359.55
4500000931,20,0000900064,2000,41,6.29,257.89
4500000931,30,0000900117,1010,1,12.16,12.16
4500000932,10,0000900043,2000,43,111.52,4795.36
4500000933,10,0000900074,2000,20,9.72,194.4
4500000933,20,0000900181,2000,6,24.37,146.22
4500000933,30,0000900217,1010,42,13.63,572.46
4500000934,10,0000900127,1000,40,177.7,7108.0
4500000934,20,0000900272,1010,34,11.99,407.66
4500000935,10,0000900281,1000,11,12.25,134.75
4500000935,20,0000900238,1020,48,7.48,359.04
4500000935,30,0000900244,1020,49,71.83,3519.67
4500000935,40,0000900230,1010,24,1.69,40.56
4500000936,10,0000900286,1020,8,1.78,14.24
4500000936,20,0000900235,1000,47,84.4,3966.8
4500000936,30,0000900147,2010,18,13.47,242.46
4500000937,10,0000900200,2010,17,10.16,172.72
4500000938,10,0000900259,1020,2,6.03,12.06
4500000938,20,0000900132,2010,24,19.81,475.44
4500000938,30,0000900022,1010,14,3.47,48.58
4500000939,10,0000900054,1010,28,3.32,92.96
4500000939,20,0000900068,1010,11,85.19,937.09
4500000939,30,0000900208,2000,41,20.22,829.02
4500000940,10,0000900187,1000,24,70.2,1684.8
4500000940,20,0000900000,1000,41,7.57,310.37
4500000941,10,0000900169,2010,37,25.36,938.32
4500000941,20,0000900015,1020,6,167.98,1007.88
4500000941,30,0000900126,1020,28,2.48,69.44
4500000941,40,0000900054,1010,36,3.38,121.68
4500000942,10,0000900273,2010,18,29.03,522.54
4500000942,20,0000900036,2000,31,20.3,629.3
4500000943,10,0000900250,2010,10,43.22,432.2
4500000943,20,0000900238,1020,14,7.64,106.96
4500000943,30,0000900218,2010,19,47.63,904.97
4500000943,40,0000900192,1000,5,9.73,48.65
4500000944,10,0000900018,1010,34,31.7,1077.8
4500000944,20,0000900008,1010,28,14.53,406.84
4500000944,30,0000900260,1000,13,16.07,208.91
4500000944,40,0000900179,2010,40,59.16,2366.4
4500000945,10,0000900245,2000,38,40.24,1529.12
4500000945,20,0000900003,1000,2,3.01,6.02
4500000945,30,0000900294,1000,9,18.13,163.17
4500000946,10,0000900151,1000,16,62.1,993.6
4500000946,20,0000900219,1020,36,54.74,1970.64
4500000947,10,0000900244,1020,48,73.94,3549.12
4500000947,20,0000900061,1010,12,30.77,369.24
4500000948,10,0000900190,2010,42,12.57,527.94
4500000948,20,0000900056,1020,25,27.49,687.25
4500000948,30,0000900105,1020,48,23.28,1117.44
4500000949,10,0000900078,1000,6,5.22,31.32
4500000949,20,0000900239,2000,32,49.63,1588.16
4500000949,30,0000900234,1010,36,4.0,144.0
4500000950,10,0000900157,2000,6,90.08,540.48
4500000951,10,0000900297,1020,20,3.84,76.8
4500000951,20,0000900000,1000,19,7.7,146.3
4500000952,10,0000900000,1000,46,8.36,384.56
4500000952,20,0000900187,1000,4,72.88,291.52
4500000953,10,0000900256,2000,20,13.08,261.6
4500000953,20,0000900045,1000,40,10.77,430.8
4500000953,30,0000900158,1020,17,9.71,165.07
4500000954,10,0000900267,1000,43,16.2,696.6
4500000954,20,0000900111,1020,17,27.14,461.38
4500000954,30,0000900159,1010,24,5.95,142.8
4500000954,40,0000900145,1020,38,5.13,194.94
4500000955,10,0000900181,2000,6,24.7,148.2
4500000955,20,0000900052,1000,47,12.8,601.6
4500000955,30,0000900287,1000,39,5.03,196.17
4500000956,10,0000900257,2000,15,68.98,1034.7
4500000956,20,0000900246,1010,25,86.65,2166.25
4500000956,30,0000900266,1000,19,100.56,1910.64
4500000957,10,0000900184,2000,6,21.31,127.86
4500000958,10,0000900058,1000,20,16.08,321.6
4500000959,10,0000900078,1000,5,4.9,24.5
4500000959,20,0000900170,1010,24,5.95,142.8
4500000959,30,0000900263,1000,23,12.28,282.44
4500000959,40,0000900236,1000,11,41.48,456.28
4500000960,10,0000900144,1000,39,13.92,542.88
4500000960,20,0000900067,1020,12,24.59,295.08
4500000961,10,0000900143,1020,37,31.97,1182.89
4500000962,10,0000900218,2010,37,49.59,1834.83
4500000962,20,0000900259,1020,17,6.31,107.27
4500000962,30,0000900232,1010,33,65.3,2154.9
4500000962,40,0000900039,1000,45,504.36,22696.2
4500000963,10,0000900278,2010,16,15.25,244.0
4500000963,20,0000900078,1000,5,4.81,24.05
4500000963,30,0000900065,1000,14,16.06,224.84
4500000964,10,0000900233,1000,3,8.84,26.52
4500000964,20,0000900023,2000,36,6.16,221.76
4500000964,30,0000900112,1010,21,27.55,578.55
4500000964,40,0000900190,2010,9,12.54,112.86
4500000965,10,0000900193,2010,14,9.07,126.98
4500000965,20,0000900073,1000,46,23.19,1066.74
4500000965,30,0000900178,1000,31,177.46,5501.26
4500000965,40,0000900111,1020,34,24.24,824.16
4500000966,10,0000900042,2000,31,13.18,408.58
4500000967,10,0000900254,2000,15,27.34,410.1
4500000967,20,0000900199,2000,9,33.99,305.91
4500000967,30,0000900197,2010,3,7.24,21.72
4500000967,40,0000900086,1020,37,14.36,531.32
4500000968,10,0000900048,1010,3,94.39,283.17
4500000969,10,0000900184,2000,2,19.47,38.94
4500000969,20,0000900253,1020,37,18.59,687.83
4500000970,10,0000900185,1020,34,15.72,534.48
4500000970,20,0000900116,1010,41,33.64,1379.24
4500000970,30,0000900276,1010,13,14.63,190.19
4500000971,10,0000900292,1000,12,13.96,167.52
4500000971,20,0000900047,2000,24,63.52,1524.48
4500000972,10,0000900118,1000,25,36.28,907.0
4500000972,20,0000900103,2000,3,18.87,56.61
4500000972,30,0000900096,2000,39,15.24,594.36
4500000972,40,0000900183,1000,5,42.23,211.15
4500000973,10,0000900298,2000,12,6.48,77.76
4500000973,20,0000900285,1020,11,1.3,14.3
4500000973,30,0000900187,1000,43,66.39,2854.77
4500000973,40,0000900214,2000,18,151.69,2730.42
4500000974,10,0000900247,1020,19,47.21,896.99
4500000974,20,0000900148,2000,38,6.81,258.78
4500000975,10,0000900153,1010,47,3.58,168.26
4500000976,10,0000900120,1000,10,8.68,86.8
4500000976,20,0000900235,1000,36,90.71,3265.56
4500000977,10,0000900072,2000,38,48.06,1826.28
4500000978,10,0000900049,1010,18,134.74,2425.32
4500000978,20,0000900086,1020,48,14.14,678.72
4500000979,10,0000900285,1020,21,1.38,28.98
4500000980,10,0000900287,1000,11,4.88,53.68
4500000980,20,0000900283,1000,7,15.54,108.78
4500000981,10,0000900168,2000,40,41.73,1669.2
4500000982,10,0000900147,2010,47,14.57,684.79
4500000983,10,0000900205,1020,31,29.23,906.13
4500000983,20,0000900241,2010,38,118.59,4506.42
4500000984,10,0000900261,1020,11,11.55,127.05
4500000984,20,0000900209,1000,26,25.84,671.84
4500000984,30,0000900246,1010,5,96.16,480.8
4500000984,40,0000900157,2000,4,96.64,386.56
4500000985,10,0000900088,2000,6,51.55,309.3
4500000986,10,0000900236,1000,21,40.54,851.34
4500000986,20,0000900283,1000,27,15.67,423.09
4500000986,30,0000900246,1010,10,90.8,908.0
4500000986,40,0000900116,1010,24,32.88,789.12
4500000987,10,0000900210,1010,22,21.01,462.22
4500000987,20,0000900008,1010,23,14.37,330.51
4500000988,10,0000900032,2010,21,37.5,787.5
4500000988,20,0000900070,1010,49,46.5,2278.5
4500000988,30,0000900179,2010,42,63.29,2658.18
4500000989,10,0000900246,1010,47,84.71,3981.37
4500000989,20,0000900185,1020,14,16.56,231.84
4500000990,10,0000900035,2010,19,16.88,320.72
4500000990,20,0000900156,1010,2,24.54,49.08
4500000991,10,0000900143,1020,29,35.12,1018.48
4500000991,20,0000900281,1000,40,11.59,463.6
4500000991,30,0000900180,2010,36,8.29,298.44
4500000991,40,0000900272,1010,37,12.88,476.56
4500000992,10,0000900075,1000,29,48.86,1416.94
4500000992,20,0000900130,1020,20,142.36,2847.2
4500000992,30,0000900148,2000,10,6.92,69.2
4500000992,40,0000900061,1010,16,28.89,462.24
4500000993,10,0000900049,1010,29,137.97,4001.13
4500000993,20,0000900270,1000,7,8.96,62.72
4500000993,30,0000900095,1000,46,48.32,2222.72
4500000993,40,0000900291,2000,36,21.08,758.88
4500000994,10,0000900203,1020,38,8.15,309.7
4500000994,20,0000900107,1000,21,2.97,62.37
4500000994,30,0000900200,2010,27,9.37,252.99
4500000995,10,0000900298,2000,1,7.32,7.32
4500000996,10,0000900291,2000,36,19.05,685.8
4500000996,20,0000900261,1020,42,11.14,467.88
4500000997,10,0000900126,1020,31,2.47,76.57
4500000997,20,0000900053,1000,8,15.09,120.72
4500000997,30,0000900069,1020,38,13.83,525.54
4500000997,40,0000900266,1000,12,110.24,1322.88
4500000998,10,0000900018,1010,17,34.17,580.89
4500000998,20,0000900070,1010,25,52.66,1316.5
4500000998,30,0000900227,2000,15,7.99,119.85
4500000998,40,0000900199,2000,28,34.26,959.28
4500000999,10,0000900050,1020,36,121.02,4356.72
4500000999,20,0000900042,2000,26,13.78,358.28
4500001000,10,0000900186,2010,14,20.63,288.82
4500001000,20,0000900104,2010,27,34.51,931.77
4500001000,30,0000900059,2000,29,42.68,1237.72
4500001001,10,0000900093,2010,15,13.47,202.05
4500001001,20,0000900292,1000,34,14.86,505.24
4500001001,30,0000900199,2000,36,32.0,1152.0
4500001001,40,0000900055,2010,25,5.88,147.0
4500001002,10,0000900014,2000,45,2.55,114.75
4500001002,20,0000900086,1020,33,14.86,490.38
4500001002,30,0000900177,1020,32,2.16,69.12
4500001003,10,0000900221,2010,31,68.66,2128.46
4500001003,20,0000900298,2000,11,6.99,76.89
4500001004,10,0000900171,2010,40,4.07,162.8
4500001005,10,0000900123,1020,2,67.45,134.9
4500001006,10,0000900110,1000,14,14.73,206.22
4500001007,10,0000900299,1010,34,28.29,961.86
4500001007,20,0000900150,1010,17,35.27,599.59
4500001008,10,0000900081,1000,6,22.14,132.84
4500001008,20,0000900074,2000,26,9.65,250.9
4500001008,30,0000900254,2000,24,30.66,735.84
4500001008,40,0000900279,2000,8,9.37,74.96
4500001009,10,0000900260,1000,25,16.95,423.75
4500001009,20,0000900237,1000,16,52.11,833.76
4500001010,10,0000900297,1020,10,3.8,38.0
4500001010,20,0000900124,1000,43,71.95,3093.85
4500001010,30,0000900243,1010,47,37.17,1746.99
4500001010,40,0000900081,1000,33,23.81,785.73
4500001011,10,0000900289,2010,35,74.65,2612.75
4500001012,10,0000900210,1010,18,20.67,372.06
4500001013,10,0000900282,1020,22,27.6,607.2
4500001014,10,0000900011,2010,20,9.04,180.8
4500001014,20,0000900005,1020,4,77.8,311.2
4500001014,30,0000900068,1010,42,89.29,3750.18
4500001014,40,0000900130,1020,6,145.85,875.1
4500001015,10,0000900157,2000,4,96.72,386.88
4500001015,20,0000900047,2000,46,62.95,2895.7
4500001016,10,0000900081,1000,29,23.82,690.78
4500001016,20,0000900172,2000,20,6.01,120.2
4500001016,30,0000900210,1010,24,21.27,510.48
4500001017,10,0000900188,2000,38,22.13,840.94
4500001017,20,0000900252,1000,11,25.76,283.36
4500001018,10,0000900140,1020,24,4.47,107.28
4500001018,20,0000900236,1000,47,38.52,1810.44
4500001018,30,0000900177,1020,5,2.1,10.5
4500001018,40,0000900290,2000,34,62.74,2133.16
4500001019,10,0000900142,1000,38,6.48,246.24
4500001020,10,0000900094,2010,34,6.61,224.74
4500001020,20,0000900136,1010,45,11.77,529.65
4500001021,10,0000900104,2010,5,36.98,184.9
4500001021,20,0000900209,1000,1,26.18,26.18
4500001022,10,0000900256,2000,29,13.81,400.49
4500001022,20,0000900108,2000,32,112.29,3593.28
4500001022,30,0000900028,1010,49,7.35,360.15
4500001022,40,0000900089,2000,40,35.63,1425.2
4500001023,10,0000900241,2010,28,119.42,3343.76
4500001023,20,0000900079,1010,5,49.39,246.95
4500001023,30,0000900123,1020,24,68.54,1644.96
4500001023,40,0000900136,1010,13,12.92,167.96
4500001024,10,0000900069,1020,40,14.11,564.4
4500001024,20,0000900201,1020,2,64.26,128.52
4500001024,30,0000900299,1010,8,26.09,208.72
4500001024,40,0000900077,1020,3,39.39,118.17
4500001025,10,0000900074,2000,30,10.86,325.8
4500001026,10,0000900042,2000,44,13.53,595.32
4500001026,20,0000900125,2000,18,5.73,103.14
4500001026,30,0000900138,1010,44,33.75,1485.0
4500001027,10,0000900253,1020,44,18.29,804.76
4500001028,10,0000900258,1000,34,42.18,1434.12
4500001029,10,0000900195,1000,3,7.46,22.38
4500001029,20,0000900229,1010,45,2.76,124.2
4500001030,10,0000900093,2010,13,13.87,180.31
4500001031,10,0000900114,2000,2,4.54,9.08
4500001031,20,0000900120,1000,45,7.7,346.5
4500001031,30,0000900035,2010,21,15.42,323.82
4500001031,40,0000900235,1000,4,93.25,373.0
4500001032,10,0000900163,1020,24,34.73,833.52
4500001032,20,0000900295,1010,45,8.66,389.7
4500001032,30,0000900088,2000,42,50.05,2102.1
4500001032,40,0000900151,1000,29,63.89,1852.81
4500001033,10,0000900165,1000,13,28.14,365.82
4500001033,20,0000900039,1000,34,468.23,15919.82
4500001034,10,0000900126,1020,30,2.34,70.2
4500001035,10,0000900220,2010,10,62.3,623.0
4500001035,20,0000900068,1010,22,82.72,1819.84
4500001035,30,0000900100,1020,2,115.76,231.52
4500001035,40,0000900209,1000,7,23.69,165.83
4500001036,10,0000900128,1010,48,1.62,77.76
4500001036,20,0000900153,1010,38,3.24,123.12
4500001036,30,0000900237,1000,10,51.77,517.7
4500001037,10,0000900065,1000,12,15.17,182.04
4500001037,20,0000900256,2000,8,13.13,105.04
4500001038,10,0000900214,2000,29,158.18,4587.22
4500001038,20,0000900266,1000,45,97.34,4380.3
4500001039,10,0000900060,1010,22,21.22,466.84
4500001039,20,0000900048,1010,25,91.1,2277.5
4500001039,30,0000900032,2010,22,38.66,850.52
4500001039,40,0000900057,2010,10,76.53,765.3
4500001040,10,0000900099,1010,29,174.97,5074.13
4500001040,20,0000900031,1000,15,90.61,1359.15
4500001040,30,0000900034,1000,32,26.9,860.8
4500001040,40,0000900136,1010,48,11.78,565.44
4500001041,10,0000900246,1010,43,90.73,3901.39
4500001041,20,0000900174,2000,39,10.43,406.77
4500001041,30,0000900248,2010,16,26.69,427.04
4500001042,10,0000900077,1020,7,41.39,289.73
4500001042,20,0000900215,2010,12,65.16,781.92
4500001043,10,0000900065,1000,36,16.89,608.04
4500001043,20,0000900143,1020,42,35.48,1490.16
4500001044,10,0000900017,1020,3,21.21,63.63
4500001044,20,0000900132,2010,26,21.08,548.08
4500001044,30,0000900243,1010,2,39.72,79.44
4500001045,10,0000900293,1000,8,28.79,230.32
4500001046,10,0000900289,2010,17,71.41,1213.97
4500001046,20,0000900272,1010,18,11.65,209.7
4500001046,30,0000900065,1000,23,16.17,371.91
4500001046,40,0000900085,1010,5,24.7,123.5
4500001047,10,0000900194,1020,37,21.69,802.53
4500001047,20,0000900091,2000,13,134.61,1749.93
4500001047,30,0000900116,1010,7,31.18,218.26
4500001048,10,0000900002,2010,30,5.65,169.5
4500001049,10,0000900018,1010,17,33.84,575.28
4500001050,10,0000900211,1020,22,93.13,2048.86
4500001050,20,0000900293,1000,43,29.93,1286.99
4500001050,30,0000900033,1000,4,49.38,197.52
4500001050,40,0000900262,2010,19,8.59,163.21
4500001051,10,0000900134,1000,13,71.34,927.42
4500001052,10,0000900108,2000,33,106.85,3526.05
4500001052,20,0000900120,1000,43,7.7,331.1
4500001052,30,0000900038,1020,29,9.06,262.74
4500001053,10,0000900039,1000,10,537.29,5372.9
4500001054,10,0000900016,1010,37,16.2,599.4
4500001054,20,0000900176,2010,47,39.81,1871.07
4500001055,10,0000900038,1020,48,9.49,455.52
4500001055,20,0000900149,2000,20,11.83,236.6
4500001055,30,0000900187,1000,40,72.87,2914.8
4500001056,10,0000900204,1010,40,71.9,2876.0
4500001057,10,0000900065,1000,14,16.99,237.86
4500001057,20,0000900197,2010,32,7.16,229.12
4500001058,10,0000900217,1010,41,15.02,615.82
4500001058,20,0000900252,1000,23,24.08,553.84
4500001058,30,0000900206,1010,8,103.82,830.56
4500001058,40,0000900183,1000,16,44.26,708.16
4500001059,10,0000900280,2000,6,56.46,338.76
4500001060,10,0000900138,1010,10,30.99,309.9
4500001060,20,0000900136,1010,11,12.04,132.44
4500001060,30,0000900176,2010,9,39.3,353.7
4500001060,40,0000900167,2000,20,6.1,122.0
4500001061,10,0000900044,2000,14,16.48,230.72
4500001061,20,0000900113,1010,32,2.73,87.36
4500001062,10,0000900028,1010,2,8.18,16.36
4500001063,10,0000900170,1010,2,6.24,12.48
4500001063,20,0000900196,2000,36,229.36,8256.96
4500001063,30,0000900095,1000,19,47.17,896.23
4500001064,10,0000900025,2010,35,87.53,3063.55
4500001064,20,0000900113,1010,36,2.83,101.88
4500001064,30,0000900054,1010,28,3.54,99.12
4500001064,40,0000900234,1010,42,4.34,182.28
4500001065,10,0000900067,1020,20,22.7,454.0
4500001065,20,0000900034,1000,2,29.02,58.04
4500001065,30,0000900025,2010,45,85.51,3847.95
4500001065,40,0000900210,1010,37,22.17,820.29
4500001066,10,0000900241,2010,10,127.45,1274.5
4500001066,20,0000900297,1020,17,3.48,59.16
4500001066,30,0000900085,1010,19,25.16,478.04
4500001067,10,0000900254,2000,48,29.78,1429.44
4500001067,20,0000900145,1020,49,5.6,274.4
4500001067,30,0000900206,1010,31,107.9,3344.9
4500001067,40,0000900117,1010,38,12.12,460.56
4500001068,10,0000900133,2010,32,45.6,1459.2
4500001069,10,0000900272,1010,20,12.84,256.8
4500001069,20,0000900072,2000,35,48.12,1684.2
4500001070,10,0000900188,2000,41,22.09,905.69
4500001070,20,0000900127,1000,39,160.64,6264.96
4500001071,10,0000900006,2000,3,7.49,22.47
4500001071,20,0000900160,2000,37,25.78,953.86
4500001071,30,0000900097,1020,24,136.13,3267.12
4500001071,40,0000900273,2010,32,30.08,962.56
4500001072,10,0000900062,2000,47,26.29,1235.63
4500001072,20,0000900124,1000,15,67.25,1008.75
4500001073,10,0000900070,1010,27,51.46,1389.42
4500001073,20,0000900260,1000,8,17.02,136.16
4500001073,30,0000900197,2010,1,7.41,7.41
4500001074,10,0000900298,2000,36,7.05,253.8
4500001075,10,0000900010,1010,39,4.01,156.39
4500001075,20,0000900279,2000,24,9.26,222.24
4500001075,30,0000900102,2000,42,36.23,1521.66
4500001076,10,0000900109,2000,48,4.38,210.24
4500001076,20,0000900144,1000,41,13.05,535.05
4500001077,10,0000900178,1000,12,177.28,2127.36
4500001078,10,0000900012,1010,38,46.97,1784.86
4500001078,20,0000900039,1000,13,521.66,6781.58
4500001078,30,0000900112,1010,21,26.75,561.75
4500001079,10,0000900102,2000,32,33.15,1060.8
4500001080,10,0000900139,2010,11,298.43,3282.73
4500001081,10,0000900137,1000,20,32.58,651.6
4500001081,20,0000900242,1010,23,142.01,3266.23
4500001081,30,0000900227,2000,26,8.06,209.56
4500001081,40,0000900099,1010,6,170.31,1021.86
4500001082,10,0000900059,2000,2,46.75,93.5
4500001082,20,0000900224,1010,41,1.25,51.25
4500001082,30,0000900216,2010,16,43.1,689.6
4500001083,10,0000900166,1000,33,25.71,848.43
4500001083,20,0000900298,2000,40,7.18,287.2
4500001083,30,0000900034,1000,24,29.56,709.44
4500001083,40,0000900087,1000,8,13.9,111.2
4500001084,10,0000900267,1000,12,17.21,206.52
4500001084,20,0000900023,2000,44,6.21,273.24
4500001084,30,0000900168,2000,9,44.7,402.3
4500001085,10,0000900097,1020,17,142.7,2425.9
4500001086,10,0000900258,1000,48,37.41,1795.68
4500001086,20,0000900279,2000,30,9.55,286.5
4500001086,30,0000900252,1000,43,25.25,1085.75
4500001087,10,0000900080,1010,9,18.78,169.02
4500001087,20,0000900159,1010,3,5.91,17.73
4500001088,10,0000900248,2010,5,24.31,121.55
4500001089,10,0000900277,2000,23,24.19,556.37
4500001090,10,0000900219,1020,37,52.43,1939.91
4500001090,20,0000900086,1020,29,13.97,405.13
4500001091,10,0000900099,1010,27,170.99,4616.73
4500001091,20,0000900041,1020,7,170.84,1195.88
4500001091,30,0000900257,2000,29,67.84,1967.36
4500001092,10,0000900028,1010,33,8.04,265.32
4500001092,20,0000900169,2010,38,27.58,1048.04
4500001093,10,0000900287,1000,45,5.32,239.4
4500001093,20,0000900014,2000,23,2.55,58.65
4500001093,30,0000900296,1010,21,85.48,1795.08
4500001094,10,0000900249,1020,6,5.6,33.6
4500001094,20,0000900270,1000,22,8.86,194.92
4500001094,30,0000900258,1000,32,38.68,1237.76
4500001095,10,0000900143,1020,13,34.97,454.61
4500001095,20,0000900026,1000,33,6.81,224.73
4500001095,30,0000900271,1020,20,27.17,543.4
4500001095,40,0000900123,1020,23,70.8,1628.4
4500001096,10,0000900207,1010,46,16.55,761.3
4500001097,10,0000900230,1010,38,1.74,66.12
4500001098,10,0000900017,1020,36,23.87,859.32
4500001098,20,0000900019,1010,22,46.13,1014.86
4500001098,30,0000900113,1010,43,2.56,110.08
4500001098,40,0000900058,1000,23,17.12,393.76
4500001099,10,0000900115,2000,9,42.71,384.39
4500001100,10,0000900090,2000,33,23.11,762.63
4500001100,20,0000900111,1020,39,26.17,1020.63
4500001100,30,0000900049,1010,14,142.93,2001.02
4500001101,10,0000900191,2000,38,84.06,3194.28
4500001101,20,0000900269,2000,21,48.15,1011.15
4500001102,10,0000900124,1000,2,75.8,151.6
4500001102,20,0000900026,1000,32,5.92,189.44
4500001102,30,0000900293,1000,27,28.06,757.62
4500001103,10,0000900090,2000,27,21.75,587.25
4500001103,20,0000900061,1010,26,26.94,700.44
4500001104,10,0000900034,1000,49,30.88,1513.12
4500001104,20,0000900076,1020,29,48.33,1401.57
4500001104,30,0000900299,1010,44,29.02,1276.88
4500001105,10,0000900086,1020,43,14.91,641.13
4500001105,20,0000900049,1010,14,145.3,2034.2
4500001105,30,0000900190,2010,18,12.44,223.92
4500001106,10,0000900140,1020,2,4.16,8.32
4500001106,20,0000900181,2000,23,22.57,519.11
4500001106,30,0000900272,1010,15,11.0,165.0
4500001106,40,0000900230,1010,24,1.63,39.12
4500001107,10,0000900289,2010,41,68.05,2790.05
4500001108,10,0000900217,1010,21,13.37,280.77
4500001108,20,0000900006,2000,26,7.64,198.64
4500001108,30,0000900074,2000,8,10.58,84.64
4500001109,10,0000900207,1010,42,14.32,601.44
4500001110,10,0000900164,1000,38,25.07,952.66
4500001110,20,0000900066,1010,13,11.35,147.55
4500001110,30,0000900148,2000,28,7.21,201.88
4500001110,40,0000900014,2000,39,2.61,101.79
4500001111,10,0000900270,1000,49,9.43,462.07
4500001112,10,0000900206,1010,38,94.92,3606.96
4500001112,20,0000900254,2000,36,27.79,1000.44
4500001112,30,0000900153,1010,42,3.64,152.88
4500001113,10,0000900258,1000,47,38.94,1830.18
4500001113,20,0000900136,1010,2,13.55,27.1
4500001113,30,0000900035,2010,48,17.11,821.28
4500001113,40,0000900192,1000,10,9.39,93.9
4500001114,10,0000900247,1020,16,45.7,731.2
4500001114,20,0000900171,2010,28,4.16,116.48
4500001114,30,0000900023,2000,11,5.9,64.9
4500001114,40,0000900117,1010,14,11.99,167.86
4500001115,10,0000900131,2010,7,33.98,237.86
4500001115,20,0000900096,2000,19,13.66,259.54
4500001116,10,0000900045,1000,32,9.77,312.64
4500001117,10,0000900037,1000,39,8.69,338.91
4500001117,20,0000900181,2000,36,22.49,809.64
4500001118,10,0000900139,2010,42,299.16,12564.72
4500001119,10,0000900110,1000,46,13.46,619.16
4500001119,20,0000900048,1010,21,92.97,1952.37
4500001119,30,0000900099,1010,17,186.26,3166.42
4500001120,10,0000900250,2010,20,43.45,869.0
4500001121,10,0000900187,1000,7,73.21,512.47
4500001121,20,0000900239,2000,25,47.37,1184.25
4500001121,30,0000900292,1000,6,13.59,81.54
4500001121,40,0000900041,1020,21,161.77,3397.17
4500001122,10,0000900245,2000,34,44.99,1529.66
4500001122,20,0000900134,1000,16,68.49,1095.84
4500001123,10,0000900146,1010,13,78.13,1015.69
4500001123,20,0000900186,2010,36,21.85,786.6
4500001123,30,0000900283,1000,26,15.71,408.46
4500001124,10,0000900004,1020,43,1.39,59.77
4500001125,10,0000900056,1020,23,27.54,633.42
4500001125,20,0000900112,1010,39,28.46,1109.94
4500001126,10,0000900298,2000,39,7.5,292.5
4500001126,20,0000900213,1010,37,6.6,244.2
4500001126,30,0000900047,2000,18,58.08,1045.44
4500001127,10,0000900082,2000,28,22.35,625.8
4500001127,20,0000900068,1010,19,88.04,1672.76
4500001127,30,0000900126,1020,37,2.26,83.62
4500001127,40,0000900137,1000,43,33.85,1455.55
4500001128,10,0000900256,2000,20,14.75,295.0
4500001128,20,0000900194,1020,35,23.67,828.45
4500001129,10,0000900015,1020,14,168.53,2359.42
4500001129,20,0000900073,1000,25,20.89,522.25
4500001129,30,0000900131,2010,13,33.99,441.87
4500001130,10,0000900278,2010,17,17.17,291.89
4500001130,20,0000900077,1020,14,43.14,603.96
4500001131,10,0000900175,2000,23,11.44,263.12
4500001132,10,0000900007,1020,14,155.8,2181.2
4500001132,20,0000900138,1010,20,32.32,646.4
4500001133,10,0000900183,1000,19,45.7,868.3
4500001133,20,0000900246,1010,5,86.87,434.35
4500001134,10,0000900166,1000,30,26.2,786.0
4500001135,10,0000900029,2000,7,3.32,23.24
4500001135,20,0000900146,1010,3,72.47,217.41
4500001136,10,0000900232,1010,36,61.11,2199.96
4500001136,20,0000900292,1000,20,13.42,268.4
4500001136,30,0000900012,1010,22,40.63,893.86
4500001137,10,0000900296,1010,19,88.72,1685.68
4500001138,10,0000900192,1000,3,9.41,28.23
4500001138,20,0000900120,1000,22,7.73,170.06
4500001138,30,0000900270,1000,21,9.61,201.81
4500001139,10,0000900261,1020,42,10.99,461.58
4500001139,20,0000900005,1020,11,77.24,849.64
4500001139,30,0000900083,2000,9,13.61,122.49
4500001140,10,0000900285,1020,28,1.3,36.4
4500001141,10,0000900245,2000,12,39.81,477.72
4500001141,20,0000900284,2010,11,6.08,66.88
4500001141,30,0000900196,2000,5,229.8,1149.0
4500001142,10,0000900021,1010,32,43.96,1406.72
4500001142,20,0000900039,1000,47,502.87,23634.89
4500001142,30,0000900112,1010,20,25.08,501.6
4500001142,40,0000900078,1000,20,4.74,94.8
4500001143,10,0000900008,1010,4,13.7,54.8
4500001143,20,0000900043,2000,27,119.81,3234.87
4500001144,10,0000900024,1020,12,19.07,228.84
4500001145,10,0000900114,2000,6,4.84,29.04
4500001145,20,0000900058,1000,1,17.28,17.28
4500001145,30,0000900291,2000,9,21.13,190.17
4500001146,10,0000900226,1000,2,18.93,37.86
4500001146,20,0000900114,2000,46,4.68,215.28
4500001146,30,0000900186,2010,15,19.91,298.65
4500001147,10,0000900165,1000,42,28.6,1201.2
4500001147,20,0000900050,1020,16,114.86,1837.76
4500001147,30,0000900058,1000,32,17.38,556.16
4500001148,10,0000900187,1000,35,76.72,2685.2
4500001148,20,0000900191,2000,2,90.28,180.56
4500001148,30,0000900243,1010,28,36.17,1012.76
4500001149,10,0000900236,1000,21,37.37,784.77
4500001149,20,0000900076,1020,16,44.73,715.68
4500001149,30,0000900158,1020,40,10.87,434.8
4500001149,40,0000900073,1000,47,23.2,1090.4
4500001150,10,0000900279,2000,41,9.52,390.32
4500001151,10,0000900144,1000,22,14.15,311.3
4500001151,20,0000900288,1020,42,32.1,1348.2
4500001152,10,0000900249,1020,25,5.78,144.5
4500001152,20,0000900148,2000,4,7.1,28.4
4500001153,10,0000900016,1010,29,16.31,472.99
4500001153,20,0000900075,1000,30,47.68,1430.4
4500001153,30,0000900186,2010,35,21.42,749.7
4500001153,40,0000900041,1020,40,174.31,6972.4
4500001154,10,0000900182,2010,18,85.33,1535.94
4500001154,20,0000900295,1010,5,8.92,44.6
4500001155,10,0000900227,2000,34,7.95,270.3
4500001155,20,0000900200,2010,36,9.08,326.88
4500001155,30,0000900273,2010,24,28.58,685.92
4500001155,40,0000900209,1000,30,24.96,748.8
4500001156,10,0000900087,1000,47,15.93,748.71
4500001156,20,0000900106,1000,35,13.25,463.75
4500001156,30,0000900180,2010,36,7.82,281.52
4500001157,10,0000900139,2010,4,313.26,1253.04
4500001157,20,0000900195,1000,18,8.66,155.88
4500001157,30,0000900242,1010,22,134.51,2959.22
4500001157,40,0000900067,1020,42,21.61,907.62
4500001158,10,0000900113,1010,41,2.93,120.13
4500001158,20,0000900269,2000,11,50.18,551.98
4500001158,30,0000900003,1000,17,2.84,48.28
4500001158,40,0000900288,1020,47,32.82,1542.54
4500001159,10,0000900130,1020,20,150.95,3019.0
4500001159,20,0000900224,1010,36,1.31,47.16
4500001160,10,0000900288,1020,15,31.05,465.75
4500001160,20,0000900102,2000,41,34.19,1401.79
4500001160,30,0000900028,1010,49,7.98,391.02
4500001160,40,0000900228,2000,31,7.18,222.58
4500001161,10,0000900260,1000,14,17.44,244.16
4500001161,20,0000900183,1000,9,46.52,418.68
4500001161,30,0000900127,1000,46,163.04,7499.84
4500001162,10,0000900018,1010,15,34.46,516.9
4500001162,20,0000900296,1010,24,89.05,2137.2
4500001162,30,0000900059,2000,23,45.92,1056.16
4500001163,10,0000900115,2000,48,45.58,2187.84
4500001163,20,0000900155,2000,40,97.23,3889.2
4500001163,30,0000900231,2010,49,68.44,3353.56
4500001164,10,0000900071,1020,35,70.66,2473.1
4500001164,20,0000900221,2010,43,62.08,2669.44
4500001164,30,0000900075,1000,15,53.45,801.75
4500001165,10,0000900171,2010,35,4.47,156.45
4500001165,20,0000900200,2010,25,10.55,263.75
4500001165,30,0000900147,2010,34,14.79,502.86
4500001166,10,0000900253,1020,16,18.39,294.24
4500001166,20,0000900029,2000,48,3.27,156.96
4500001166,30,0000900138,1010,16,31.27,500.32
4500001167,10,0000900035,2010,14,15.8,221.2
4500001167,20,0000900212,2000,45,15.24,685.8
4500001168,10,0000900270,1000,24,8.31,199.44
4500001169,10,0000900240,2000,33,24.44,806.52
4500001169,20,0000900289,2010,43,67.28,2893.04
4500001169,30,0000900236,1000,28,41.91,1173.48
4500001170,10,0000900080,1010,27,17.15,463.05
4500001170,20,0000900063,1010,48,27.39,1314.72
4500001170,30,0000900017,1020,35,24.09,843.15
4500001170,40,0000900258,1000,14,37.44,524.16
4500001171,10,0000900191,2000,26,94.0,2444.0
4500001171,20,0000900267,1000,39,16.34,637.26
4500001171,30,0000900052,1000,41,12.95,530.95
4500001172,10,0000900191,2000,9,84.15,757.35
4500001172,20,0000900254,2000,13,31.48,409.24
4500001172,30,0000900189,1020,27,26.83,724.41
4500001172,40,0000900257,2000,22,74.29,1634.38
4500001173,10,0000900097,1020,4,131.8,527.2
4500001173,20,0000900128,1010,31,1.62,50.22
4500001173,30,0000900180,2010,26,8.42,218.92
4500001173,40,0000900113,1010,36,2.86,102.96
4500001174,10,0000900078,1000,3,5.5,16.5
4500001174,20,0000900054,1010,43,3.51,150.93
4500001174,30,0000900017,1020,43,24.63,1059.09
4500001174,40,0000900116,1010,22,33.98,747.56
4500001175,10,0000900289,2010,40,77.4,3096.0
4500001176,10,0000900199,2000,29,31.78,921.62
4500001176,20,0000900008,1010,27,13.34,360.18
4500001176,30,0000900279,2000,47,8.82,414.54
4500001176,40,0000900201,1020,10,62.88,628.8
4500001177,10,0000900098,1010,45,20.56,925.2
4500001177,20,0000900151,1000,49,65.86,3227.14
4500001177,30,0000900267,1000,39,15.16,591.24
4500001177,40,0000900243,1010,46,36.27,1668.42
4500001178,10,0000900145,1020,9,5.34,48.06
4500001178,20,0000900083,2000,20,13.17,263.4
4500001178,30,0000900030,1020,13,3.58,46.54
4500001178,40,0000900074,2000,21,10.0,210.0
4500001179,10,0000900255,1000,17,103.21,1754.57
4500001180,10,0000900104,2010,3,36.76,110.28
4500001180,20,0000900074,2000,34,9.72,330.48
4500001180,30,0000900270,1000,13,9.54,124.02
4500001181,10,0000900077,1020,46,40.75,1874.5
4500001181,20,0000900158,1020,23,9.63,221.49
4500001181,30,0000900177,1020,17,2.32,39.44
4500001182,10,0000900155,2000,41,95.02,3895.82
4500001182,20,0000900179,2010,43,61.39,2639.77
4500001182,30,0000900251,1010,1,25.89,25.89
4500001183,10,0000900242,1010,18,149.29,2687.22
4500001184,10,0000900099,1010,29,167.55,4858.95
4500001184,20,0000900183,1000,31,43.32,1342.92
4500001185,10,0000900061,1010,18,27.27,490.86
4500001185,20,0000900045,1000,8,10.3,82.4
4500001185,30,0000900093,2010,25,13.54,338.5
4500001185,40,0000900221,2010,40,59.88,2395.2
4500001186,10,0000900116,1010,18,30.93,556.74
4500001186,20,0000900083,2000,42,13.16,552.72
4500001186,30,0000900265,2000,39,65.09,2538.51
4500001187,10,0000900032,2010,47,37.65,1769.55
4500001188,10,0000900158,1020,29,9.56,277.24
4500001188,20,0000900183,1000,48,44.14,2118.72
4500001188,30,0000900081,1000,27,22.02,594.54
4500001189,10,0000900200,2010,17,9.24,157.08
4500001189,20,0000900016,1010,12,16.06,192.72
4500001189,30,0000900156,1010,10,27.98,279.8
4500001189,40,0000900001,1000,19,44.12,838.28
4500001190,10,0000900214,2000,16,137.0,2192.0
4500001190,20,0000900100,1020,6,133.5,801.0
4500001190,30,0000900062,2000,42,23.99,1007.58
4500001191,10,0000900116,1010,10,35.86,358.6
4500001191,20,0000900025,2010,7,93.77,656.39
4500001191,30,0000900234,1010,46,4.26,195.96
4500001192,10,0000900008,1010,39,13.76,536.64
4500001193,10,0000900205,1020,38,30.89,1173.82
4500001193,20,0000900286,1020,43,1.75,75.25
4500001193,30,0000900062,2000,19,26.79,509.01
4500001194,10,0000900214,2000,30,143.88,4316.4
4500001195,10,0000900171,2010,8,4.09,32.72
4500001195,20,0000900189,1020,39,25.1,978.9
4500001195,30,0000900214,2000,35,150.5,5267.5
4500001195,40,0000900084,1000,26,9.08,236.08
4500001196,10,0000900105,1020,19,23.79,452.01
4500001197,10,0000900287,1000,49,5.11,250.39
4500001198,10,0000900070,1010,40,46.53,1861.2
4500001198,20,0000900276,1010,1,15.03,15.03
4500001198,30,0000900011,2010,24,8.59,206.16
4500001198,40,0000900180,2010,34,8.73,296.82
4500001199,10,0000900246,1010,14,84.03,1176.42
4500001199,20,0000900283,1000,26,14.1,366.6
4500001199,30,0000900196,2000,36,245.48,8837.28
4500001199,40,0000900198,2010,41,21.37,876.17
4500001200,10,0000900087,1000,27,15.0,405.0
4500001200,20,0000900187,1000,4,77.44,309.76
4500001201,10,0000900140,1020,16,4.31,68.96
4500001202,10,0000900161,1010,41,63.04,2584.64
4500001202,20,0000900101,1010,26,107.58,2797.08
4500001203,10,0000900172,2000,18,6.18,111.24
4500001203,20,0000900089,2000,11,35.61,391.71
4500001203,30,0000900105,1020,19,21.41,406.79
4500001203,40,0000900046,1020,27,12.13,327.51
4500001204,10,0000900158,1020,15,9.79,146.85
4500001204,20,0000900247,1020,20,46.94,938.8
4500001204,30,0000900280,2000,37,54.37,2011.69
4500001204,40,0000900038,1020,25,8.9,222.5
4500001205,10,0000900262,2010,19,7.79,148.01
4500001206,10,0000900175,2000,28,10.64,297.92
4500001206,20,0000900025,2010,8,87.74,701.92
4500001206,30,0000900070,1010,13,52.04,676.52
4500001206,40,0000900048,1010,32,93.42,2989.44
4500001207,10,0000900027,1010,9,26.93,242.37
4500001207,20,0000900000,1000,19,8.01,152.19
4500001208,10,0000900028,1010,4,8.38,33.52
4500001209,10,0000900177,1020,31,2.39,74.09
4500001209,20,0000900210,1010,27,22.62,610.74
4500001209,30,0000900015,1020,29,154.78,4488.62
4500001209,40,0000900190,2010,40,11.92,476.8
4500001210,10,0000900020,2010,9,15.52,139.68
4500001210,20,0000900042,2000,28,14.12,395.36
4500001210,30,0000900280,2000,43,50.38,2166.34
4500001211,10,0000900277,2000,26,23.97,623.22
4500001212,10,0000900069,1020,3,14.03,42.09
4500001212,20,0000900068,1010,40,90.82,3632.8
4500001213,10,0000900192,1000,44,9.97,438.68
4500001213,20,0000900227,2000,3,8.74,26.22
4500001213,30,0000900111,1020,41,27.58,1130.78
4500001214,10,0000900084,1000,20,9.0,180.0
4500001214,20,0000900285,1020,17,1.33,22.61
4500001214,30,0000900262,2010,15,8.65,129.75
4500001214,40,0000900190,2010,23,11.97,275.31
4500001215,10,0000900143,1020,19,33.99,645.81
4500001216,10,0000900266,1000,11,101.71,1118.81
4500001217,10,0000900063,1010,23,29.2,671.6
4500001217,20,0000900275,1020,29,14.62,423.98
4500001217,30,0000900259,1020,16,6.76,108.16
4500001217,40,0000900162,2000,9,175.66,1580.94
4500001218,10,0000900243,1010,27,35.99,971.73
4500001218,20,0000900130,1020,24,157.18,3772.32
4500001218,30,0000900267,1000,10,16.69,166.9
4500001219,10,0000900062,2000,27,23.82,643.14
4500001219,20,0000900050,1020,46,116.4,5354.4
4500001219,30,0000900177,1020,1,2.18,2.18
4500001219,40,0000900065,1000,1,15.42,15.42
4500001220,10,0000900137,1000,49,32.39,1587.11
4500001220,20,0000900230,1010,18,1.69,30.42
4500001220,30,0000900227,2000,13,7.91,102.83
4500001220,40,0000900118,1000,21,39.76,834.96
4500001221,10,0000900173,2000,2,18.68,37.36
4500001221,20,0000900029,2000,44,3.63,159.72
4500001221,30,0000900275,1020,14,14.76,206.64
4500001221,40,0000900277,2000,18,25.42,457.56
4500001222,10,0000900018,1010,14,33.0,462.0
4500001222,20,0000900103,2000,17,16.52,280.84
4500001222,30,0000900179,2010,32,56.73,1815.36
4500001223,10,0000900076,1020,26,47.25,1228.5
4500001223,20,0000900037,1000,3,8.22,24.66
4500001223,30,0000900048,1010,34,90.45,3075.3
4500001223,40,0000900061,1010,3,28.41,85.23
4500001224,10,0000900099,1010,4,164.58,658.32
4500001224,20,0000900216,2010,37,48.55,1796.35
4500001225,10,0000900085,1010,33,26.23,865.59
4500001225,20,0000900241,2010,33,120.17,3965.61
4500001225,30,0000900229,1010,6,2.86,17.16
4500001226,10,0000900216,2010,28,47.93,1342.04
4500001226,20,0000900172,2000,2,6.41,12.82
4500001226,30,0000900183,1000,46,47.27,2174.42
4500001226,40,0000900277,2000,21,27.03,567.63
4500001227,10,0000900068,1010,27,89.21,2408.67
4500001227,20,0000900090,2000,14,22.04,308.56
4500001227,30,0000900043,2000,9,112.88,1015.92
4500001228,10,0000900053,1000,35,14.9,521.5
4500001228,20,0000900273,2010,13,29.26,380.38
4500001228,30,0000900068,1010,46,92.5,4255.0
4500001229,10,0000900125,2000,22,5.96,131.12
4500001229,20,0000900131,2010,9,32.87,295.83
4500001230,10,0000900139,2010,5,303.81,1519.05
4500001230,20,0000900008,1010,46,13.23,608.58
4500001230,30,0000900212,2000,22,15.68,344.96
4500001230,40,0000900269,2000,2,51.21,102.42
4500001231,10,0000900072,2000,12,52.02,624.24
4500001231,20,0000900288,1020,7,30.25,211.75
4500001231,30,0000900112,1010,30,28.33,849.9
4500001232,10,0000900188,2000,7,22.41,156.87
4500001232,20,0000900041,1020,38,149.95,5698.1
4500001233,10,0000900059,2000,12,44.03,528.36
4500001233,20,0000900190,2010,44,12.98,571.12
4500001233,30,0000900248,2010,23,26.13,600.99
4500001233,40,0000900084,1000,46,9.33,429.18
4500001234,10,0000900256,2000,21,13.66,286.86
4500001235,10,0000900033,1000,31,46.75,1449.25
4500001236,10,0000900182,2010,28,83.94,2350.32
4500001236,20,0000900215,2010,16,75.09,1201.44
4500001237,10,0000900261,1020,40,11.75,470.0
4500001237,20,0000900148,2000,35,7.89,276.15
4500001237,30,0000900178,1000,25,180.88,4522.0
4500001238,10,0000900252,1000,29,26.13,757.77
4500001238,20,0000900207,1010,42,14.63,614.46
4500001238,30,0000900052,1000,4,12.08,48.32
4500001238,40,0000900286,1020,43,1.69,72.67
4500001239,10,0000900234,1010,20,4.06,81.2
4500001239,20,0000900225,1000,46,10.74,494.04
4500001239,30,0000900159,1010,2,5.77,11.54
4500001239,40,0000900141,1020,17,35.12,597.04
4500001240,10,0000900123,1020,14,67.57,945.98
4500001240,20,0000900124,1000,33,67.58,2230.14
4500001240,30,0000900219,1020,41,54.62,2239.42
4500001240,40,0000900048,1010,29,86.82,2517.78
4500001241,10,0000900012,1010,6,42.09,252.54
4500001241,20,0000900084,1000,27,9.88,266.76
4500001241,30,0000900163,1020,4,32.97,131.88
4500001242,10,0000900282,1020,35,26.39,923.65
4500001242,20,0000900009,2000,7,38.87,272.09
4500001243,10,0000900038,1020,37,9.1,336.7
4500001243,20,0000900242,1010,18,150.58,2710.44
4500001244,10,0000900155,2000,35,94.61,3311.35
4500001244,20,0000900154,2010,23,11.49,264.27
4500001244,30,0000900273,2010,41,29.17,1195.97
4500001244,40,0000900224,1010,37,1.15,42.55
4500001245,10,0000900190,2010,36,13.3,478.8
4500001245,20,0000900128,1010,19,1.68,31.92
4500001246,10,0000900017,1020,38,21.88,831.44
4500001246,20,0000900116,1010,36,31.83,1145.88
4500001247,10,0000900081,1000,9,24.07,216.63
4500001248,10,0000900108,2000,39,119.34,4654.26
4500001248,20,0000900267,1000,37,15.76,583.12
4500001248,30,0000900287,1000,15,5.22,78.3
4500001249,10,0000900011,2010,11,8.4,92.4
4500001250,10,0000900106,1000,20,12.28,245.6
4500001250,20,0000900218,2010,47,51.22,2407.34
4500001250,30,0000900046,1020,19,12.2,231.8
4500001251,10,0000900091,2000,19,127.05,2413.95
4500001251,20,0000900062,2000,44,23.68,1041.92
4500001251,30,0000900296,1010,20,88.58,1771.6
4500001251,40,0000900207,1010,48,16.29,781.92
4500001252,10,0000900114,2000,19,4.24,80.56
4500001252,20,0000900292,1000,17,14.97,254.49
4500001252,30,0000900015,1020,6,149.49,896.94
4500001253,10,0000900019,1010,4,49.28,197.12
4500001253,20,0000900184,2000,49,20.2,989.8
4500001253,30,0000900036,2000,24,18.38,441.12
4500001253,40,0000900231,2010,31,66.79,2070.49
4500001254,10,0000900174,2000,40,10.56,422.4
4500001255,10,0000900140,1020,31,3.89,120.59
4500001255,20,0000900258,1000,43,41.2,1771.6
4500001256,10,0000900134,1000,31,62.25,1929.75
4500001256,20,0000900053,1000,26,14.95,388.7
4500001257,10,0000900221,2010,8,62.58,500.64
4500001257,20,0000900055,2010,44,5.78,254.32
4500001257,30,0000900048,1010,33,91.6,3022.8
4500001257,40,0000900172,2000,3,6.21,18.63
4500001258,10,0000900293,1000,32,30.71,982.72
4500001258,20,0000900037,1000,30,9.16,274.8
4500001258,30,0000900113,1010,1,2.85,2.85
4500001259,10,0000900203,1020,15,8.45,126.75
4500001259,20,0000900037,1000,41,7.82,320.62
4500001259,30,0000900110,1000,19,13.62,258.78
4500001260,10,0000900029,2000,6,3.72,22.32
4500001260,20,0000900134,1000,5,66.81,334.05
4500001260,30,0000900056,1020,38,27.61,1049.18
4500001260,40,0000900196,2000,16,221.62,3545.92
4500001261,10,0000900286,1020,39,1.71,66.69
4500001261,20,0000900242,1010,25,136.11,3402.75
4500001261,30,0000900108,2000,39,118.01,4602.39
4500001262,10,0000900079,1010,15,45.54,683.1
4500001262,20,0000900170,1010,43,5.6,240.8
4500001263,10,0000900256,2000,10,13.99,139.9
4500001263,20,0000900108,2000,28,121.07,3389.96
4500001263,30,0000900255,1000,45,108.41,4878.45
4500001264,10,0000900170,1010,5,5.82,29.1
4500001265,10,0000900276,1010,15,13.2,198.0
4500001265,20,0000900051,1000,33,13.23,436.59
4500001266,10,0000900015,1020,44,165.4,7277.6
4500001266,20,0000900150,1010,45,35.44,1594.8
4500001266,30,0000900161,1010,18,66.26,1192.68
4500001267,10,0000900009,2000,38,42.3,1607.4
4500001267,20,0000900186,2010,6,19.81,118.86
4500001267,30,0000900067,1020,37,22.24,822.88
4500001268,10,0000900232,1010,38,66.67,2533.46
4500001268,20,0000900196,2000,12,219.6,2635.2
4500001268,30,0000900199,2000,40,31.03,1241.2
4500001268,40,0000900091,2000,18,124.59,2242.62
4500001269,10,0000900138,1010,26,34.59,899.34
4500001269,20,0000900129,2000,39,287.39,11208.21
4500001270,10,0000900139,2010,40,285.02,11400.8
4500001270,20,0000900238,1020,15,6.73,100.95
4500001271,10,0000900164,1000,41,25.53,1046.73
4500001271,20,0000900032,2010,33,36.04,1189.32
4500001271,30,0000900073,1000,48,21.32,1023.36
4500001271,40,0000900294,1000,5,18.94,94.7
4500001272,10,0000900064,2000,2,6.81,13.62
4500001273,10,0000900066,1010,10,10.52,105.2
4500001273,20,0000900214,2000,42,139.96,5878.32
4500001274,10,0000900243,1010,27,35.36,954.72
4500001274,20,0000900256,2000,26,13.86,360.36
4500001275,10,0000900097,1020,2,145.95,291.9
4500001276,10,0000900163,1020,19,30.35,576.65
4500001276,20,0000900248,2010,32,25.31,809.92
4500001277,10,0000900048,1010,27,83.52,2255.04
4500001277,20,0000900092,1020,48,7.51,360.48
4500001277,30,0000900015,1020,41,154.01,6314.41
4500001278,10,0000900100,1020,37,127.62,4721.94
4500001279,10,0000900236,1000,34,38.9,1322.6
4500001279,20,0000900213,1010,44,6.72,295.68
4500001280,10,0000900049,1010,17,143.45,2438.65
4500001280,20,0000900151,1000,23,62.47,1436.81
4500001280,30,0000900109,2000,22,4.14,91.08
4500001280,40,0000900089,2000,7,40.38,282.66
4500001281,10,0000900202,2010,39,16.54,645.06
4500001281,20,0000900093,2010,44,13.96,614.24
4500001281,30,0000900129,2000,4,288.14,1152.56
4500001282,10,0000900082,2000,38,25.39,964.82
4500001282,20,0000900003,1000,13,3.09,40.17
4500001282,30,0000900217,1010,37,13.15,486.55
4500001282,40,0000900022,1010,13,3.4,44.2
4500001283,10,0000900286,1020,1,1.83,1.83
4500001283,20,0000900111,1020,2,23.93,47.86
4500001284,10,0000900039,1000,3,514.84,1544.52
4500001284,20,0000900270,1000,44,8.8,387.2
4500001284,30,0000900110,1000,5,14.61,73.05
4500001285,10,0000900297,1020,14,3.78,52.92
4500001286,10,0000900287,1000,5,5.37,26.85
4500001287,10,0000900035,2010,1,16.62,16.62
4500001287,20,0000900131,2010,4,33.88,135.52
4500001288,10,0000900054,1010,35,3.8,133.0
4500001288,20,0000900052,1000,33,12.1,399.3
4500001289,10,0000900007,1020,5,159.39,796.95
4500001289,20,0000900144,1000,24,12.43,298.32
4500001289,30,0000900137,1000,29,37.25,1080.25
4500001290,10,0000900139,2010,34,313.83,10670.22
4500001290,20,0000900215,2010,9,69.53,625.77
4500001291,10,0000900014,2000,19,2.44,46.36
4500001291,20,0000900032,2010,30,37.34,1120.2
4500001291,30,0000900181,2000,15,23.08,346.2
4500001291,40,0000900180,2010,33,8.26,272.58
4500001292,10,0000900277,2000,19,26.72,507.68
4500001293,10,0000900207,1010,47,14.35,674.45
4500001293,20,0000900266,1000,45,104.19,4688.55
4500001294,10,0000900003,1000,23,3.14,72.22
4500001294,20,0000900165,1000,10,31.88,318.8
4500001295,10,0000900247,1020,15,43.72,655.8
4500001295,20,0000900004,1020,20,1.43,28.6
4500001296,10,0000900266,1000,20,105.86,2117.2
4500001296,20,0000900120,1000,40,7.97,318.8
4500001297,10,0000900147,2010,28,13.96,390.88
4500001297,20,0000900061,1010,21,28.96,608.16
4500001297,30,0000900197,2010,2,6.97,13.94
4500001298,10,0000900225,1000,45,10.36,466.2
4500001298,20,0000900101,1010,6,110.2,661.2
4500001298,30,0000900234,1010,24,4.13,99.12
4500001299,10,0000900058,1000,48,15.29,733.92
4500001299,20,0000900006,2000,9,6.92,62.28
4500001300,10,0000900088,2000,20,49.78,995.6
4500001300,20,0000900008,1010,30,13.19,395.7
4500001301,10,0000900018,1010,7,31.45,220.15
4500001301,20,0000900057,2010,4,76.95,307.8
4500001301,30,0000900003,1000,48,3.08,147.84
4500001302,10,0000900151,1000,19,58.54,1112.26
4500001302,20,0000900219,1020,15,55.12,826.8
4500001302,30,0000900273,2010,41,28.84,1182.44
4500001302,40,0000900169,2010,21,24.19,507.99
4500001303,10,0000900198,2010,41,21.77,892.57
4500001303,20,0000900244,1020,36,70.77,2547.72
4500001304,10,0000900034,1000,8,28.68,229.44
4500001304,20,0000900279,2000,8,10.01,80.08
4500001304,30,0000900293,1000,22,26.69,587.18
4500001304,40,0000900104,2010,10,35.04,350.4
4500001305,10,0000900221,2010,18,66.4,1195.2
4500001305,20,0000900034,1000,8,27.65,221.2
4500001305,30,0000900088,2000,1,52.87,52.87
4500001306,10,0000900065,1000,14,17.05,238.7
4500001306,20,0000900124,1000,34,70.44,2394.96
4500001307,10,0000900003,1000,17,3.22,54.74
4500001307,20,0000900295,1010,28,7.84,219.52
4500001308,10,0000900262,2010,48,7.72,370.56
4500001308,20,0000900053,1000,42,15.01,630.42
4500001308,30,0000900108,2000,9,117.17,1054.53
4500001308,40,0000900222,1020,4,155.99,623.96
4500001309,10,0000900169,2010,8,26.58,212.64
4500001310,10,0000900141,1020,32,39.22,1255.04
4500001310,20,0000900213,1010,2,7.17,14.34
4500001311,10,0000900072,2000,11,50.29,553.19
4500001312,10,0000900288,1020,36,28.99,1043.64
4500001312,20,0000900063,1010,17,27.47,466.99
4500001313,10,0000900204,1010,18,75.79,1364.22
4500001313,20,0000900039,1000,16,534.71,8555.36
4500001314,10,0000900041,1020,13,150.89,1961.57
4500001314,20,0000900024,1020,6,18.01,108.06
4500001314,30,0000900154,2010,36,11.59,417.24
4500001314,40,0000900159,1010,43,5.55,238.65
4500001315,10,0000900039,1000,29,499.2,14476.8
4500001315,20,0000900268,1000,22,54.59,1200.98
4500001315,30,0000900079,1010,11,45.89,504.79
4500001315,40,0000900164,1000,11,26.51,291.61
4500001316,10,0000900281,1000,27,12.27,331.29
4500001316,20,0000900174,2000,48,11.12,533.76
4500001316,30,0000900112,1010,28,24.75,693.0
4500001317,10,0000900054,1010,3,3.74,11.22
4500001317,20,0000900232,1010,26,63.2,1643.2
4500001318,10,0000900298,2000,10,7.23,72.3
4500001318,20,0000900027,1010,21,28.36,595.56
4500001318,30,0000900231,2010,43,64.83,2787.69
4500001318,40,0000900182,2010,13,87.16,1133.08
4500001319,10,0000900211,1020,44,91.57,4029.08
4500001320,10,0000900029,2000,20,3.24,64.8
4500001320,20,0000900091,2000,6,129.89,779.34
4500001320,30,0000900004,1020,6,1.42,8.52
4500001320,40,0000900050,1020,17,115.41,1961.97
4500001321,10,0000900014,2000,24,2.3,55.2
4500001321,20,0000900101,1010,9,106.62,959.58
4500001321,30,0000900233,1000,17,8.35,141.95
4500001322,10,0000900018,1010,36,31.87,1147.32
4500001323,10,0000900296,1010,23,85.05,1956.15
4500001323,20,0000900170,1010,8,5.87,46.96
4500001323,30,0000900168,2000,28,40.35,1129.8
4500001323,40,0000900113,1010,46,2.82,129.72
4500001324,10,0000900057,2010,34,71.91,2444.94
4500001324,20,0000900034,1000,14,29.89,418.46
4500001325,10,0000900229,1010,30,2.87,86.1
4500001325,20,0000900134,1000,43,67.75,2913.25
4500001326,10,0000900249,1020,15,6.0,90.0
4500001326,20,0000900255,1000,8,112.25,898.0
4500001326,30,0000900145,1020,34,5.44,184.96
4500001327,10,0000900039,1000,15,528.81,7932.15
4500001327,20,0000900250,2010,25,46.03,1150.75
4500001328,10,0000900256,2000,42,14.96,628.32
4500001329,10,0000900089,2000,38,40.55,1540.9
4500001329,20,0000900035,2010,8,15.2,121.6
4500001330,10,0000900018,1010,15,36.61,549.15
4500001330,20,0000900012,1010,41,44.62,1829.42
4500001330,30,0000900140,1020,9,4.19,37.71
4500001330,40,0000900253,1020,25,17.59,439.75
4500001331,10,0000900161,1010,23,63.71,1465.33
4500001331,20,0000900150,1010,14,34.24,479.36
4500001332,10,0000900292,1000,45,14.81,666.45
4500001332,20,0000900060,1010,39,21.29,830.31
4500001332,30,0000900281,1000,25,11.14,278.5
4500001332,40,0000900003,1000,47,2.87,134.89
4500001333,10,0000900051,1000,42,13.51,567.42
4500001333,20,0000900072,2000,25,46.35,1158.75
4500001333,30,0000900201,1020,22,63.67,1400.74
4500001333,40,0000900026,1000,7,6.23,43.61
4500001334,10,0000900292,1000,14,15.5,217.0
4500001335,10,0000900011,2010,42,9.56,401.52
4500001336,10,0000900122,1020,23,19.67,452.41
4500001336,20,0000900110,1000,10,14.7,147.0
4500001336,30,0000900221,2010,7,63.53,444.71
4500001337,10,0000900260,1000,14,15.94,223.16
4500001337,20,0000900146,1010,1,80.29,80.29
4500001337,30,0000900293,1000,29,28.0,812.0
4500001337,40,0000900257,2000,9,76.99,692.91
4500001338,10,0000900246,1010,20,87.94,1758.8
4500001338,20,0000900244,1020,6,82.43,494.58
4500001339,10,0000900209,1000,45,23.85,1073.25
4500001339,20,0000900222,1020,28,166.76,4669.28
4500001340,10,0000900229,1010,11,2.71,29.81
4500001340,20,0000900258,1000,38,42.48,1614.24
4500001340,30,0000900260,1000,39,17.54,684.06
4500001341,10,0000900158,1020,5,11.02,55.1
4500001342,10,0000900037,1000,7,7.87,55.09
4500001342,20,0000900150,1010,7,34.96,244.72
4500001342,30,0000900261,1020,32,10.9,348.8
4500001342,40,0000900069,1020,8,15.39,123.12
4500001343,10,0000900239,2000,30,53.92,1617.6
4500001343,20,0000900258,1000,49,39.3,1925.7
4500001343,30,0000900139,2010,35,276.25,9668.75
4500001343,40,0000900202,2010,48,15.14,726.72
4500001344,10,0000900172,2000,43,6.8,292.4
4500001344,20,0000900096,2000,32,14.18,453.76
4500001345,10,0000900114,2000,24,4.42,106.08
4500001345,20,0000900096,2000,48,14.54,697.92
4500001346,10,0000900185,1020,3,17.09,51.27
4500001346,20,0000900093,2010,35,14.8,518.0
4500001346,30,0000900069,1020,32,15.68,501.76
4500001346,40,0000900138,1010,1,30.5,30.5
4500001347,10,0000900183,1000,24,45.19,1084.56
4500001347,20,0000900214,2000,34,150.81,5127.54
4500001348,10,0000900087,1000,7,14.73,103.11
4500001349,10,0000900086,1020,33,14.04,463.32
4500001349,20,0000900161,1010,25,61.89,1547.25
4500001350,10,0000900072,2000,43,49.69,2136.67
4500001350,20,0000900284,2010,37,6.28,232.36
4500001350,30,0000900180,2010,14,8.26,115.64
4500001350,40,0000900232,1010,12,61.14,733.68
4500001351,10,0000900013,2000,26,31.97,831.22
4500001351,20,0000900246,1010,7,84.68,592.76
4500001351,30,0000900022,1010,11,3.07,33.77
4500001351,40,0000900297,1020,19,3.55,67.45
4500001352,10,0000900229,1010,27,3.03,81.81
4500001352,20,0000900098,1010,20,22.29,445.8
4500001353,10,0000900145,1020,2,5.18,10.36
4500001353,20,0000900162,2000,26,165.82,4311.32
4500001353,30,0000900047,2000,29,59.78,1733.62
4500001354,10,0000900071,1020,46,78.14,3594.44
4500001354,20,0000900225,1000,19,9.41,178.79
4500001354,30,0000900082,2000,48,25.17,1208.16
4500001355,10,0000900170,1010,37,5.53,204.61
4500001355,20,0000900063,1010,12,25.02,300.24
4500001355,30,0000900120,1000,30,7.63,228.9
4500001356,10,0000900047,2000,14,62.3,872.2
4500001356,20,0000900012,1010,36,40.54,1459.44
4500001356,30,0000900000,1000,5,7.91,39.55
4500001356,40,0000900014,2000,4,2.51,10.04
4500001357,10,0000900086,1020,15,14.91,223.65
4500001358,10,0000900028,1010,27,7.94,214.38
4500001358,20,0000900026,1000,31,6.6,204.6
4500001358,30,0000900270,1000,6,8.81,52.86
4500001359,10,0000900003,1000,31,2.9,89.9
4500001359,20,0000900076,1020,2,46.72,93.44
4500001360,10,0000900215,2010,29,72.19,2093.51
4500001360,20,0000900135,2000,27,4.32,116.64
4500001360,30,0000900079,1010,30,45.03,1350.9
4500001361,10,0000900000,1000,7,8.11,56.77
4500001361,20,0000900051,1000,7,12.94,90.58
4500001361,30,0000900109,2000,6,4.07,24.42
4500001361,40,0000900022,1010,47,3.26,153.22
4500001362,10,0000900208,2000,20,22.83,456.6
4500001362,20,0000900023,2000,35,5.87,205.45
4500001363,10,0000900005,1020,32,86.92,2781.44
4500001364,10,0000900023,2000,6,5.88,35.28
4500001364,20,0000900196,2000,27,228.51,6169.77
4500001364,30,0000900017,1020,47,22.01,1034.47
4500001365,10,0000900227,2000,47,7.69,361.43
4500001366,10,0000900104,2010,41,36.89,1512.49
4500001366,20,0000900253,1020,8,17.03,136.24
4500001366,30,0000900180,2010,14,8.22,115.08
4500001366,40,0000900064,2000,22,6.2,136.4
4500001367,10,0000900258,1000,48,37.94,1821.12
4500001367,20,0000900077,1020,4,39.12,156.48
4500001368,10,0000900007,1020,48,177.32,8511.36
4500001368,20,0000900003,1000,4,2.9,11.6
4500001368,30,0000900283,1000,20,14.65,293.0
4500001368,40,0000900177,1020,31,2.17,67.27
4500001369,10,0000900293,1000,35,30.86,1080.1
4500001369,20,0000900190,2010,43,11.65,500.95
4500001370,10,0000900075,1000,18,48.74,877.32
4500001370,20,0000900279,2000,11,9.13,100.43
4500001370,30,0000900137,1000,7,33.42,233.94
4500001370,40,0000900206,1010,21,98.57,2069.97
4500001371,10,0000900124,1000,33,70.66,2331.78
4500001372,10,0000900298,2000,26,6.45,167.7
4500001372,20,0000900006,2000,38,7.71,292.98
4500001373,10,0000900151,1000,5,65.85,329.25
4500001374,10,0000900170,1010,24,5.67,136.08
4500001374,20,0000900184,2000,10,18.73,187.3
4500001374,30,0000900260,1000,26,17.32,450.32
4500001374,40,0000900157,2000,35,94.54,3308.9
4500001375,10,0000900085,1010,10,26.07,260.7
4500001375,20,0000900225,1000,46,10.53,484.38
4500001375,30,0000900239,2000,4,47.28,189.12
4500001376,10,0000900093,2010,5,12.73,63.65
4500001377,10,0000900235,1000,7,91.47,640.29
4500001377,20,0000900184,2000,3,19.08,57.24
4500001377,30,0000900206,1010,22,99.56,2190.32
4500001378,10,0000900225,1000,42,10.12,425.04
4500001378,20,0000900185,1020,7,17.31,121.17
4500001378,30,0000900096,2000,1,14.22,14.22
4500001378,40,0000900133,2010,25,47.86,1196.5
4500001379,10,0000900105,1020,44,21.48,945.12
4500001379,20,0000900216,2010,22,43.56,958.32
4500001379,30,0000900087,1000,28,14.81,414.68
4500001379,40,0000900280,2000,3,58.95,176.85
4500001380,10,0000900077,1020,36,43.17,1554.12
4500001380,20,0000900188,2000,42,22.64,950.88
4500001380,30,0000900060,1010,37,21.72,803.64
4500001380,40,0000900166,1000,24,25.21,605.04
4500001381,10,0000900047,2000,10,58.3,583.0
4500001381,20,0000900144,1000,6,12.23,73.38
4500001381,30,0000900237,1000,12,53.84,646.08
4500001381,40,0000900066,1010,25,12.18,304.5
4500001382,10,0000900248,2010,37,23.5,869.5
4500001383,10,0000900289,2010,6,73.72,442.32
4500001383,20,0000900228,2000,20,7.99,159.8
4500001384,10,0000900098,1010,11,20.85,229.35
4500001384,20,0000900014,2000,18,2.33,41.94
4500001385,10,0000900070,1010,1,51.11,51.11
4500001386,10,0000900299,1010,38,27.42,1041.96
4500001387,10,0000900223,1020,14,53.53,749.42
4500001387,20,0000900048,1010,32,83.57,2674.24
4500001387,30,0000900093,2010,29,14.79,428.91
4500001388,10,0000900174,2000,20,11.33,226.6
4500001388,20,0000900046,1020,24,11.32,271.68
4500001388,30,0000900156,1010,35,27.98,979.3
4500001389,10,0000900216,2010,41,48.2,1976.2
4500001389,20,0000900164,1000,48,24.96,1198.08
4500001390,10,0000900038,1020,29,8.99,260.71
4500001390,20,0000900097,1020,47,139.44,6553.68
4500001390,30,0000900157,2000,19,92.46,1756.74
4500001390,40,0000900206,1010,47,94.8,4455.6
4500001391,10,0000900148,2000,20,6.96,139.2
4500001391,20,0000900279,2000,43,9.29,399.47
4500001391,30,0000900224,1010,42,1.24,52.08
4500001392,10,0000900110,1000,14,14.54,203.56
4500001393,10,0000900063,1010,4,27.07,108.28
4500001393,20,0000900104,2010,15,37.93,568.95
4500001394,10,0000900237,1000,35,50.0,1750.0
4500001394,20,0000900095,1000,26,43.69,1135.94
4500001394,30,0000900149,2000,10,10.45,104.5
4500001395,10,0000900176,2010,27,38.4,1036.8
4500001395,20,0000900213,1010,49,6.91,338.59
4500001396,10,0000900111,1020,28,25.89,724.92
4500001396,20,0000900286,1020,47,1.74,81.78
4500001396,30,0000900184,2000,7,21.0,147.0
4500001396,40,0000900127,1000,32,157.98,5055.36
4500001397,10,0000900141,1020,3,36.44,109.32
4500001397,20,0000900071,1020,40,77.78,3111.2
4500001397,30,0000900143,1020,20,36.14,722.8
4500001397,40,0000900016,1010,18,16.45,296.1
4500001398,10,0000900137,1000,48,35.96,1726.08
4500001398,20,0000900266,1000,35,104.42,3654.7
4500001398,30,0000900119,2010,23,43.82,1007.86
4500001399,10,0000900216,2010,48,41.99,2015.52
4500001400,10,0000900246,1010,27,85.58,2310.66
4500001401,10,0000900002,2010,20,5.27,105.4
4500001401,20,0000900022,1010,48,3.04,145.92
4500001401,30,0000900084,1000,6,9.68,58.08
4500001401,40,0000900170,1010,24,6.02,144.48
4500001402,10,0000900072,2000,23,52.93,1217.39
4500001402,20,0000900167,2000,37,5.59,206.83
4500001402,30,0000900186,2010,26,20.1,522.6
4500001403,10,0000900159,1010,4,5.97,23.88
4500001404,10,0000900111,1020,13,26.49,344.37
4500001404,20,0000900176,2010,23,34.8,800.4
4500001404,30,0000900025,2010,44,92.19,4056.36
4500001405,10,0000900052,1000,41,12.64,518.24
4500001406,10,0000900190,2010,23,13.45,309.35
4500001406,20,0000900092,1020,34,8.03,273.02
4500001407,10,0000900259,1020,22,6.43,141.46
4500001407,20,0000900085,1010,49,27.45,1345.05
4500001407,30,0000900078,1000,33,5.0,165.0
4500001408,10,0000900117,1010,37,11.46,424.02
4500001409,10,0000900127,1000,39,181.87,7092.93
4500001410,10,0000900090,2000,8,22.07,176.56
4500001410,20,0000900267,1000,38,15.7,596.6
4500001410,30,0000900215,2010,43,74.84,3218.12
4500001410,40,0000900298,2000,8,7.11,56.88
4500001411,10,0000900075,1000,24,50.82,1219.68
4500001412,10,0000900272,1010,31,12.21,378.51
4500001412,20,0000900209,1000,18,23.37,420.66
4500001412,30,0000900292,1000,6,15.44,92.64
4500001412,40,0000900197,2010,5,7.02,35.1
4500001413,10,0000900052,1000,27,13.23,357.21
4500001414,10,0000900041,1020,8,167.5,1340.0
4500001414,20,0000900194,1020,6,23.27,139.62
4500001414,30,0000900136,1010,29,12.77,370.33
4500001415,10,0000900030,1020,6,3.41,20.46
4500001415,20,0000900269,2000,9,50.43,453.87
4500001416,10,0000900105,1020,18,20.71,372.78
4500001416,20,0000900160,2000,28,22.9,641.2
4500001416,30,0000900213,1010,39,6.33,246.87
4500001417,10,0000900280,2000,36,56.47,2032.92
4500001418,10,0000900244,1020,22,80.92,1780.24
4500001418,20,0000900045,1000,41,10.22,419.02
4500001419,10,0000900004,1020,47,1.25,58.75
4500001419,20,0000900289,2010,25,68.47,1711.75
4500001420,10,0000900118,1000,49,35.76,1752.24
4500001420,20,0000900087,1000,23,14.27,328.21
4500001421,10,0000900091,2000,7,133.91,937.37
4500001421,20,0000900237,1000,12,53.84,646.08
4500001422,10,0000900298,2000,15,6.85,102.75
4500001422,20,0000900130,1020,20,157.03,3140.6
4500001422,30,0000900227,2000,38,8.45,321.1
4500001423,10,0000900213,1010,32,7.14,228.48
4500001423,20,0000900025,2010,4,99.5,398.0
4500001423,30,0000900040,2000,14,29.61,414.54
4500001423,40,0000900113,1010,23,2.66,61.18
4500001424,10,0000900097,1020,49,130.89,6413.61
4500001424,20,0000900013,2000,38,30.67,1165.46
4500001424,30,0000900204,1010,2,70.59,141.18
4500001424,40,0000900252,1000,8,26.79,214.32
4500001425,10,0000900031,1000,28,79.68,2231.04
4500001426,10,0000900261,1020,1,10.8,10.8
4500001426,20,0000900007,1020,12,169.64,2035.68
4500001426,30,0000900259,1020,28,6.3,176.4
4500001426,40,0000900008,1010,10,14.15,141.5
4500001427,10,0000900009,2000,12,39.08,468.96
4500001427,20,0000900289,2010,10,67.99,679.9
4500001428,10,0000900210,1010,35,23.46,821.1
4500001428,20,0000900065,1000,46,15.19,698.74
4500001428,30,0000900132,2010,5,19.2,96.0
4500001428,40,0000900296,1010,33,93.92,3099.36
4500001429,10,0000900050,1020,47,124.82,5866.54
4500001429,20,0000900087,1000,20,14.68,293.6
4500001429,30,0000900011,2010,32,8.61,275.52
4500001430,10,0000900221,2010,3,69.26,207.78
4500001430,20,0000900167,2000,43,5.79,248.97
4500001431,10,0000900147,2010,39,14.05,547.95
4500001432,10,0000900055,2010,45,6.35,285.75
4500001432,20,0000900120,1000,43,7.84,337.12
4500001433,10,0000900015,1020,35,150.29,5260.15
4500001433,20,0000900288,1020,2,30.19,60.38
4500001433,30,0000900163,1020,44,33.84,1488.96
4500001434,10,0000900172,2000,23,6.41,147.43
4500001434,20,0000900079,1010,8,48.24,385.92
4500001434,30,0000900196,2000,39,230.75,8999.25
4500001434,40,0000900282,1020,49,27.66,1355.34
4500001435,10,0000900245,2000,47,43.21,2030.87
4500001435,20,0000900234,1010,44,3.94,173.36
4500001435,30,0000900248,2010,19,25.21,478.99
4500001436,10,0000900083,2000,11,12.31,135.41
4500001436,20,0000900190,2010,36,12.18,438.48
4500001436,30,0000900123,1020,32,72.75,2328.0
4500001437,10,0000900251,1010,20,25.42,508.4
4500001437,20,0000900147,2010,41,14.88,610.08
4500001437,30,0000900084,1000,3,9.96,29.88
4500001437,40,0000900169,2010,18,27.2,489.6
4500001438,10,0000900280,2000,4,55.83,223.32
4500001438,20,0000900166,1000,30,24.67,740.1
4500001438,30,0000900194,1020,10,22.54,225.4
4500001438,40,0000900064,2000,36,6.94,249.84
4500001439,10,0000900062,2000,27,24.84,670.68
4500001440,10,0000900259,1020,43,6.02,258.86
4500001441,10,0000900242,1010,36,130.81,4709.16
4500001441,20,0000900122,1020,14,17.72,248.08
4500001441,30,0000900206,1010,11,105.3,1158.3
4500001441,40,0000900034,1000,37,27.89,1031.93
4500001442,10,0000900269,2000,11,46.81,514.91
4500001443,10,0000900090,2000,42,21.36,897.12
4500001443,20,0000900144,1000,32,13.69,438.08
4500001444,10,0000900158,1020,23,10.01,230.23
4500001444,20,0000900104,2010,45,38.56,1735.2
4500001445,10,0000900062,2000,25,23.84,596.0
4500001446,10,0000900269,2000,2,47.76,95.52
4500001447,10,0000900053,1000,16,17.03,272.48
4500001447,20,0000900071,1020,16,70.38,1126.08
4500001447,30,0000900041,1020,15,150.77,2261.55
4500001447,40,0000900236,1000,2,36.6,73.2
4500001448,10,0000900013,2000,3,32.21,96.63
4500001448,20,0000900205,1020,45,28.45,1280.25
4500001448,30,0000900260,1000,17,17.27,293.59
4500001448,40,0000900202,2010,28,15.72,440.16
4500001449,10,0000900122,1020,13,18.71,243.23
4500001449,20,0000900095,1000,19,46.12,876.28
4500001450,10,0000900167,2000,4,5.69,22.76
4500001451,10,0000900032,2010,23,35.98,827.54
4500001451,20,0000900020,2010,14,13.51,189.14
4500001452,10,0000900010,1010,37,3.61,133.57
4500001453,10,0000900062,2000,13,23.68,307.84
4500001454,10,0000900284,2010,47,5.93,278.71
4500001454,20,0000900030,1020,39,3.46,134.94
4500001454,30,0000900011,2010,16,8.99,143.84
4500001455,10,0000900096,2000,34,13.73,466.82
4500001455,20,0000900026,1000,11,5.91,65.01
4500001456,10,0000900077,1020,28,39.68,1111.04
4500001457,10,0000900015,1020,22,161.47,3552.34
4500001457,20,0000900263,1000,2,11.99,23.98
4500001457,30,0000900187,1000,31,66.31,2055.61
4500001458,10,0000900213,1010,9,6.31,56.79
4500001458,20,0000900181,2000,37,23.66,875.42
4500001458,30,0000900058,1000,45,17.41,783.45
4500001458,40,0000900113,1010,31,2.53,78.43
4500001459,10,0000900081,1000,27,23.46,633.42
4500001459,20,0000900275,1020,34,14.06,478.04
4500001459,30,0000900162,2000,22,160.0,3520.0
4500001460,10,0000900108,2000,37,124.07,4590.59
4500001460,20,0000900118,1000,45,38.18,1718.1
4500001460,30,0000900023,2000,34,6.28,213.52
4500001461,10,0000900234,1010,42,4.27,179.34
4500001462,10,0000900254,2000,44,27.47,1208.68
4500001463,10,0000900214,2000,7,150.56,1053.92
4500001463,20,0000900263,1000,27,11.36,306.72
4500001463,30,0000900266,1000,19,110.18,2093.42
4500001463,40,0000900042,2000,34,13.7,465.8
4500001464,10,0000900107,1000,46,2.84,130.64
4500001464,20,0000900138,1010,39,29.98,1169.22
4500001465,10,0000900241,2010,18,122.5,2205.0
4500001465,20,0000900175,2000,46,11.26,517.96
4500001466,10,0000900001,1000,37,42.9,1587.3
4500001466,20,0000900280,2000,16,55.48,887.68
4500001466,30,0000900124,1000,3,66.82,200.46
4500001466,40,0000900020,2010,47,15.78,741.66
4500001467,10,0000900114,2000,48,4.45,213.6
4500001467,20,0000900053,1000,6,15.86,95.16
4500001467,30,0000900249,1020,25,6.11,152.75
4500001468,10,0000900006,2000,21,6.77,142.17
4500001468,20,0000900053,1000,37,16.29,602.73
4500001468,30,0000900048,1010,45,83.97,3778.65
4500001469,10,0000900125,2000,8,6.03,48.24
4500001469,20,0000900154,2010,36,10.69,384.84
4500001469,30,0000900139,2010,46,291.81,13423.26
4500001469,40,0000900160,2000,27,23.25,627.75
4500001470,10,0000900058,1000,31,15.85,491.35
4500001470,20,0000900245,2000,18,41.02,738.36
4500001470,30,0000900157,2000,13,101.36,1317.68
4500001471,10,0000900126,1020,9,2.14,19.26
4500001472,10,0000900013,2000,41,30.93,1268.13
4500001473,10,0000900177,1020,41,2.34,95.94
4500001473,20,0000900104,2010,9,37.64,338.76
4500001474,10,0000900105,1020,27,21.7,585.9
4500001475,10,0000900113,1010,30,2.68,80.4
4500001475,20,0000900042,2000,48,13.46,646.08
4500001475,30,0000900242,1010,10,140.55,1405.5
4500001476,10,0000900082,2000,49,23.19,1136.31
4500001477,10,0000900259,1020,44,6.2,272.8
4500001477,20,0000900245,2000,38,41.54,1578.52
4500001478,10,0000900060,1010,12,19.91,238.92
4500001479,10,0000900220,2010,37,60.42,2235.54
4500001479,20,0000900143,1020,18,35.41,637.38
4500001480,10,0000900131,2010,11,32.97,362.67
4500001480,20,0000900006,2000,15,7.61,114.15
4500001480,30,0000900062,2000,48,24.83,1191.84
4500001481,10,0000900080,1010,45,18.17,817.65
4500001481,20,0000900282,1020,25,27.42,685.5
4500001482,10,0000900281,1000,49,12.04,589.96
4500001482,20,0000900123,1020,21,66.86,1404.06
4500001483,10,0000900152,2010,12,61.07,732.84
4500001483,20,0000900138,1010,49,34.28,1679.72
4500001483,30,0000900063,1010,46,28.37,1305.02
4500001483,40,0000900241,2010,2,124.29,248.58
4500001484,10,0000900137,1000,4,35.45,141.8
4500001484,20,0000900109,2000,15,4.31,64.65
4500001484,30,0000900118,1000,3,36.3,108.9
4500001484,40,0000900100,1020,23,133.66,3074.18
4500001485,10,0000900291,2000,44,20.5,902.0
4500001485,20,0000900174,2000,18,11.51,207.18
4500001485,30,0000900071,1020,49,67.44,3304.56
4500001486,10,0000900134,1000,1,64.79,64.79
4500001486,20,0000900254,2000,26,29.3,761.8
4500001486,30,0000900036,2000,23,20.77,477.71
4500001487,10,0000900080,1010,34,17.75,603.5
4500001488,10,0000900130,1020,19,135.41,2572.79
4500001489,10,0000900156,1010,27,25.57,690.39
4500001489,20,0000900153,1010,27,3.47,93.69
4500001490,10,0000900134,1000,12,70.05,840.6
4500001490,20,0000900145,1020,44,5.82,256.08
4500001491,10,0000900161,1010,10,63.66,636.6
4500001492,10,0000900050,1020,14,110.21,1542.94
4500001493,10,0000900283,1000,8,14.53,116.24
4500001493,20,0000900191,2000,42,93.8,3939.6
4500001494,10,0000900145,1020,47,5.74,269.78
4500001495,10,0000900103,2000,34,17.27,587.18
4500001495,20,0000900115,2000,40,45.43,1817.2
4500001495,30,0000900266,1000,3,98.72,296.16
4500001496,10,0000900199,2000,34,36.04,1225.36
4500001497,10,0000900220,2010,37,62.18,2300.66
4500001497,20,0000900004,1020,47,1.29,60.63
4500001498,10,0000900248,2010,38,26.71,1014.98
4500001498,20,0000900056,1020,3,24.57,73.71
4500001499,10,0000900216,2010,39,46.7,1821.3
4500001499,20,0000900088,2000,45,50.64,2278.8
